game_id,season,week,kickoff,player_id,player,team,opponent,attempts,candidate,prediction,residual
2020_01_HOU_KC,2020,1,2020-09-11 00:20:00+00:00,00-0033537,Deshaun Watson,HOU,KC,32.0,ridge_eb,36.23850163203205,-4.238501632032047
2020_01_HOU_KC,2020,1,2020-09-11 00:20:00+00:00,00-0033873,Patrick Mahomes,KC,HOU,32.0,ridge_eb,36.66207848041876,-4.6620784804187565
2020_01_PHI_WAS,2020,1,2020-09-13 17:00:00+00:00,00-0035232,Dwayne Haskins,WAS,PHI,31.0,ridge_eb,36.08807428248237,-5.088074282482367
2020_01_PHI_WAS,2020,1,2020-09-13 17:00:00+00:00,00-0032950,Carson Wentz,PHI,WAS,42.0,ridge_eb,34.882490717989924,7.117509282010076
2020_01_NYJ_BUF,2020,1,2020-09-13 17:00:00+00:00,00-0034869,Sam Darnold,NYJ,BUF,35.0,ridge_eb,31.887283005824777,3.112716994175223
2020_01_NYJ_BUF,2020,1,2020-09-13 17:00:00+00:00,00-0034857,Josh Allen,BUF,NYJ,46.0,ridge_eb,27.92494456837474,18.07505543162526
2020_01_MIA_NE,2020,1,2020-09-13 17:00:00+00:00,00-0027939,Cam Newton,NE,MIA,19.0,ridge_eb,30.222975811824547,-11.222975811824549
2020_01_MIA_NE,2020,1,2020-09-13 17:00:00+00:00,00-0023682,Ryan Fitzpatrick,MIA,NE,30.0,ridge_eb,40.07561742471977,-10.075617424719772
2020_01_LV_CAR,2020,1,2020-09-13 17:00:00+00:00,00-0031280,Derek Carr,LV,CAR,30.0,ridge_eb,35.299655980093625,-5.299655980093625
2020_01_LV_CAR,2020,1,2020-09-13 17:00:00+00:00,00-0031237,Teddy Bridgewater,CAR,LV,34.0,ridge_eb,39.129614999488325,-5.129614999488325
2020_01_IND_JAX,2020,1,2020-09-13 17:00:00+00:00,00-0035289,Gardner Minshew,JAX,IND,20.0,ridge_eb,31.234095046754025,-11.234095046754025
2020_01_IND_JAX,2020,1,2020-09-13 17:00:00+00:00,00-0022942,Philip Rivers,IND,JAX,46.0,ridge_eb,30.244976065615727,15.755023934384273
2020_01_GB_MIN,2020,1,2020-09-13 17:00:00+00:00,00-0029604,Kirk Cousins,MIN,GB,25.0,ridge_eb,30.311942766333345,-5.311942766333345
2020_01_GB_MIN,2020,1,2020-09-13 17:00:00+00:00,00-0023459,Aaron Rodgers,GB,MIN,44.0,ridge_eb,36.65420544073204,7.345794559267958
2020_01_CLE_BAL,2020,1,2020-09-13 17:00:00+00:00,00-0034855,Baker Mayfield,CLE,BAL,39.0,ridge_eb,36.27355797445478,2.726442025545218
2020_01_CLE_BAL,2020,1,2020-09-13 17:00:00+00:00,00-0034796,Lamar Jackson,BAL,CLE,25.0,ridge_eb,26.692699806556615,-1.692699806556618
2020_01_CHI_DET,2020,1,2020-09-13 17:00:00+00:00,00-0026498,Matthew Stafford,DET,CHI,42.0,ridge_eb,34.403645990302614,7.596354009697386
2020_01_CHI_DET,2020,1,2020-09-13 17:00:00+00:00,00-0033869,Mitch Trubisky,CHI,DET,36.0,ridge_eb,35.08757497585324,0.9124250241467636
2020_01_SEA_ATL,2020,1,2020-09-13 17:00:00+00:00,00-0026143,Matt Ryan,ATL,SEA,54.0,ridge_eb,42.59712090413494,11.40287909586506
2020_01_SEA_ATL,2020,1,2020-09-13 17:00:00+00:00,00-0029263,Russell Wilson,SEA,ATL,35.0,ridge_eb,35.6410548254365,-0.6410548254364983
2020_01_LAC_CIN,2020,1,2020-09-13 20:05:00+00:00,00-0028118,Tyrod Taylor,LAC,CIN,30.0,ridge_eb,29.7722086282538,0.2277913717461999
2020_01_LAC_CIN,2020,1,2020-09-13 20:05:00+00:00,00-0036442,Joe Burrow,CIN,LAC,36.0,ridge_eb,35.85651108508998,0.1434889149100229
2020_01_ARI_SF,2020,1,2020-09-13 20:25:00+00:00,00-0035228,Kyler Murray,ARI,SF,40.0,ridge_eb,30.632647360656264,9.367352639343736
2020_01_ARI_SF,2020,1,2020-09-13 20:25:00+00:00,00-0031345,Jimmy Garoppolo,SF,ARI,33.0,ridge_eb,30.085718746220465,2.914281253779535
2020_01_TB_NO,2020,1,2020-09-13 20:25:00+00:00,00-0020531,Drew Brees,NO,TB,30.0,ridge_eb,39.91747080775874,-9.91747080775874
2020_01_TB_NO,2020,1,2020-09-13 20:25:00+00:00,00-0019596,Tom Brady,TB,NO,36.0,ridge_eb,39.26539430629333,-3.265394306293331
2020_01_DAL_LA,2020,1,2020-09-14 00:20:00+00:00,00-0033077,Dak Prescott,DAL,LA,39.0,ridge_eb,39.606456763734016,-0.6064567637340161
2020_01_DAL_LA,2020,1,2020-09-14 00:20:00+00:00,00-0033106,Jared Goff,LA,DAL,31.0,ridge_eb,38.36616089443979,-7.366160894439787
2020_01_PIT_NYG,2020,1,2020-09-14 23:15:00+00:00,00-0035710,Daniel Jones,NYG,PIT,41.0,ridge_eb,36.42332201271276,4.5766779872872405
2020_01_PIT_NYG,2020,1,2020-09-14 23:15:00+00:00,00-0022924,Ben Roethlisberger,PIT,NYG,32.0,ridge_eb,32.00397388085748,-0.0039738808574796
2020_01_TEN_DEN,2020,1,2020-09-15 02:10:00+00:00,00-0029701,Ryan Tannehill,TEN,DEN,43.0,ridge_eb,27.806514032314695,15.193485967685303
2020_01_TEN_DEN,2020,1,2020-09-15 02:10:00+00:00,00-0035704,Drew Lock,DEN,TEN,33.0,ridge_eb,28.5394339093966,4.4605660906034
2020_02_CIN_CLE,2020,2,2020-09-18 00:20:00+00:00,00-0036442,Joe Burrow,CIN,CLE,61.0,ridge_eb,29.58533965069725,31.41466034930275
2020_02_CIN_CLE,2020,2,2020-09-18 00:20:00+00:00,00-0034855,Baker Mayfield,CLE,CIN,23.0,ridge_eb,31.234021497202995,-8.234021497202995
2020_02_LA_PHI,2020,2,2020-09-20 17:00:00+00:00,00-0033106,Jared Goff,LA,PHI,27.0,ridge_eb,35.249602880564055,-8.249602880564055
2020_02_MIN_IND,2020,2,2020-09-20 17:00:00+00:00,00-0022942,Philip Rivers,IND,MIN,25.0,ridge_eb,34.00976878940409,-9.009768789404092
2020_02_MIN_IND,2020,2,2020-09-20 17:00:00+00:00,00-0029604,Kirk Cousins,MIN,IND,26.0,ridge_eb,29.519879114970387,-3.5198791149703865
2020_02_JAX_TEN,2020,2,2020-09-20 17:00:00+00:00,00-0029701,Ryan Tannehill,TEN,JAX,24.0,ridge_eb,29.21010551604848,-5.210105516048479
2020_02_NYG_CHI,2020,2,2020-09-20 17:00:00+00:00,00-0035710,Daniel Jones,NYG,CHI,40.0,ridge_eb,32.86621947158754,7.1337805284124585
2020_02_SF_NYJ,2020,2,2020-09-20 17:00:00+00:00,00-0034869,Sam Darnold,NYJ,SF,32.0,ridge_eb,31.668692858319723,0.3313071416802771
2020_02_SF_NYJ,2020,2,2020-09-20 17:00:00+00:00,00-0031345,Jimmy Garoppolo,SF,NYJ,16.0,ridge_eb,29.64301433015179,-13.64301433015179
2020_02_NYG_CHI,2020,2,2020-09-20 17:00:00+00:00,00-0033869,Mitch Trubisky,CHI,NYG,28.0,ridge_eb,33.692927290834504,-5.692927290834504
2020_02_JAX_TEN,2020,2,2020-09-20 17:00:00+00:00,00-0035289,Gardner Minshew,JAX,TEN,45.0,ridge_eb,27.882459788655854,17.117540211344142
2020_02_LA_PHI,2020,2,2020-09-20 17:00:00+00:00,00-0032950,Carson Wentz,PHI,LA,43.0,ridge_eb,38.5610343756649,4.438965624335097
2020_02_DET_GB,2020,2,2020-09-20 17:00:00+00:00,00-0026498,Matthew Stafford,DET,GB,33.0,ridge_eb,34.16445634300434,-1.164456343004339
2020_02_DEN_PIT,2020,2,2020-09-20 17:00:00+00:00,00-0022924,Ben Roethlisberger,PIT,DEN,41.0,ridge_eb,32.11201785139753,8.887982148602468
2020_02_DEN_PIT,2020,2,2020-09-20 17:00:00+00:00,00-0035704,Drew Lock,DEN,PIT,5.0,ridge_eb,29.02883319791187,-24.02883319791187
2020_02_DET_GB,2020,2,2020-09-20 17:00:00+00:00,00-0023459,Aaron Rodgers,GB,DET,30.0,ridge_eb,37.60125274460502,-7.60125274460502
2020_02_CAR_TB,2020,2,2020-09-20 17:00:00+00:00,00-0019596,Tom Brady,TB,CAR,35.0,ridge_eb,36.93672868434259,-1.9367286843425904
2020_02_CAR_TB,2020,2,2020-09-20 17:00:00+00:00,00-0031237,Teddy Bridgewater,CAR,TB,42.0,ridge_eb,34.71210691655129,7.287893083448708
2020_02_BUF_MIA,2020,2,2020-09-20 17:00:00+00:00,00-0023682,Ryan Fitzpatrick,MIA,BUF,47.0,ridge_eb,37.59155640349236,9.408443596507638
2020_02_BUF_MIA,2020,2,2020-09-20 17:00:00+00:00,00-0034857,Josh Allen,BUF,MIA,35.0,ridge_eb,30.910844255073854,4.089155744926142
2020_02_ATL_DAL,2020,2,2020-09-20 17:00:00+00:00,00-0033077,Dak Prescott,DAL,ATL,47.0,ridge_eb,36.81177111500089,10.188228884999113
2020_02_ATL_DAL,2020,2,2020-09-20 17:00:00+00:00,00-0026143,Matt Ryan,ATL,DAL,36.0,ridge_eb,43.74331382602837,-7.74331382602837
2020_02_WAS_ARI,2020,2,2020-09-20 20:05:00+00:00,00-0035228,Kyler Murray,ARI,WAS,38.0,ridge_eb,31.742609913471835,6.257390086528165
2020_02_WAS_ARI,2020,2,2020-09-20 20:05:00+00:00,00-0035232,Dwayne Haskins,WAS,ARI,33.0,ridge_eb,30.423436549123977,2.576563450876023
2020_02_KC_LAC,2020,2,2020-09-20 20:25:00+00:00,00-0036355,Justin Herbert,LAC,KC,33.0,ridge_eb,33.65495793807761,-0.654957938077608
2020_02_KC_LAC,2020,2,2020-09-20 20:25:00+00:00,00-0033873,Patrick Mahomes,KC,LAC,47.0,ridge_eb,38.819259719786125,8.180740280213875
2020_02_BAL_HOU,2020,2,2020-09-20 20:25:00+00:00,00-0034796,Lamar Jackson,BAL,HOU,24.0,ridge_eb,28.62852385242822,-4.62852385242822
2020_02_BAL_HOU,2020,2,2020-09-20 20:25:00+00:00,00-0033537,Deshaun Watson,HOU,BAL,36.0,ridge_eb,35.173170213999896,0.8268297860001041
2020_02_NE_SEA,2020,2,2020-09-21 00:20:00+00:00,00-0027939,Cam Newton,NE,SEA,44.0,ridge_eb,29.40275993824126,14.59724006175874
2020_02_NE_SEA,2020,2,2020-09-21 00:20:00+00:00,00-0029263,Russell Wilson,SEA,NE,28.0,ridge_eb,32.92589230854432,-4.92589230854432
2020_02_NO_LV,2020,2,2020-09-22 00:15:00+00:00,00-0031280,Derek Carr,LV,NO,38.0,ridge_eb,36.12250682264739,1.877493177352612
2020_02_NO_LV,2020,2,2020-09-22 00:15:00+00:00,00-0020531,Drew Brees,NO,LV,38.0,ridge_eb,38.94003192163832,-0.9400319216383224
2020_03_MIA_JAX,2020,3,2020-09-25 00:20:00+00:00,00-0035289,Gardner Minshew,JAX,MIA,42.0,ridge_eb,31.027189498522105,10.972810501477896
2020_03_MIA_JAX,2020,3,2020-09-25 00:20:00+00:00,00-0023682,Ryan Fitzpatrick,MIA,JAX,20.0,ridge_eb,40.410270594599005,-20.410270594599005
2020_03_LV_NE,2020,3,2020-09-27 17:00:00+00:00,00-0027939,Cam Newton,NE,LV,28.0,ridge_eb,31.11886655257383,-3.1188665525738344
2020_03_WAS_CLE,2020,3,2020-09-27 17:00:00+00:00,00-0034855,Baker Mayfield,CLE,WAS,23.0,ridge_eb,31.058206223273142,-8.058206223273142
2020_03_TEN_MIN,2020,3,2020-09-27 17:00:00+00:00,00-0029701,Ryan Tannehill,TEN,MIN,37.0,ridge_eb,28.017274016507876,8.982725983492124
2020_03_TEN_MIN,2020,3,2020-09-27 17:00:00+00:00,00-0029604,Kirk Cousins,MIN,TEN,27.0,ridge_eb,27.464517149895165,-0.4645171498951654
2020_03_WAS_CLE,2020,3,2020-09-27 17:00:00+00:00,00-0035232,Dwayne Haskins,WAS,CLE,37.0,ridge_eb,28.724615952638658,8.275384047361346
2020_03_SF_NYG,2020,3,2020-09-27 17:00:00+00:00,00-0033319,Nick Mullens,SF,NYG,36.0,ridge_eb,30.25630406611006,5.7436959338899385
2020_03_SF_NYG,2020,3,2020-09-27 17:00:00+00:00,00-0035710,Daniel Jones,NYG,SF,32.0,ridge_eb,32.04165885771889,-0.0416588577188932
2020_03_LV_NE,2020,3,2020-09-27 17:00:00+00:00,00-0031280,Derek Carr,LV,NE,32.0,ridge_eb,35.27890366211412,-3.278903662114118
2020_03_CIN_PHI,2020,3,2020-09-27 17:00:00+00:00,00-0032950,Carson Wentz,PHI,CIN,47.0,ridge_eb,38.144184313746074,8.855815686253926
2020_03_LA_BUF,2020,3,2020-09-27 17:00:00+00:00,00-0034857,Josh Allen,BUF,LA,33.0,ridge_eb,32.003600372801934,0.9963996271980662
2020_03_HOU_PIT,2020,3,2020-09-27 17:00:00+00:00,00-0022924,Ben Roethlisberger,PIT,HOU,36.0,ridge_eb,35.365697393282694,0.6343026067173057
2020_03_HOU_PIT,2020,3,2020-09-27 17:00:00+00:00,00-0033537,Deshaun Watson,HOU,PIT,27.0,ridge_eb,32.78501179527797,-5.785011795277967
2020_03_CIN_PHI,2020,3,2020-09-27 17:00:00+00:00,00-0036442,Joe Burrow,CIN,PHI,44.0,ridge_eb,35.480234992553,8.519765007446999
2020_03_CHI_ATL,2020,3,2020-09-27 17:00:00+00:00,00-0033869,Mitch Trubisky,CHI,ATL,22.0,ridge_eb,36.347650742252824,-14.347650742252824
2020_03_CHI_ATL,2020,3,2020-09-27 17:00:00+00:00,00-0026143,Matt Ryan,ATL,CHI,38.0,ridge_eb,43.73617696014211,-5.73617696014211
2020_03_LA_BUF,2020,3,2020-09-27 17:00:00+00:00,00-0033106,Jared Goff,LA,BUF,32.0,ridge_eb,33.94647177926437,-1.946471779264371
2020_03_NYJ_IND,2020,3,2020-09-27 20:05:00+00:00,00-0034869,Sam Darnold,NYJ,IND,29.0,ridge_eb,33.77025975599112,-4.77025975599112
2020_03_NYJ_IND,2020,3,2020-09-27 20:05:00+00:00,00-0022942,Philip Rivers,IND,NYJ,21.0,ridge_eb,33.78198192422154,-12.78198192422154
2020_03_CAR_LAC,2020,3,2020-09-27 20:05:00+00:00,00-0031237,Teddy Bridgewater,CAR,LAC,28.0,ridge_eb,37.11779590984969,-9.11779590984969
2020_03_CAR_LAC,2020,3,2020-09-27 20:05:00+00:00,00-0036355,Justin Herbert,LAC,CAR,49.0,ridge_eb,33.70311584205095,15.296884157949052
2020_03_DAL_SEA,2020,3,2020-09-27 20:25:00+00:00,00-0033077,Dak Prescott,DAL,SEA,57.0,ridge_eb,33.907636160884664,23.092363839115336
2020_03_DAL_SEA,2020,3,2020-09-27 20:25:00+00:00,00-0029263,Russell Wilson,SEA,DAL,40.0,ridge_eb,33.76991779735911,6.230082202640887
2020_03_DET_ARI,2020,3,2020-09-27 20:25:00+00:00,00-0035228,Kyler Murray,ARI,DET,35.0,ridge_eb,36.037024757780856,-1.0370247577808556
2020_03_DET_ARI,2020,3,2020-09-27 20:25:00+00:00,00-0026498,Matthew Stafford,DET,ARI,31.0,ridge_eb,36.71160349902325,-5.711603499023248
2020_03_TB_DEN,2020,3,2020-09-27 20:25:00+00:00,00-0032436,Jeff Driskel,DEN,TB,30.0,ridge_eb,28.370920219797288,1.6290797802027122
2020_03_TB_DEN,2020,3,2020-09-27 20:25:00+00:00,00-0019596,Tom Brady,TB,DEN,38.0,ridge_eb,36.460191926876895,1.5398080731231047
2020_03_GB_NO,2020,3,2020-09-28 00:20:00+00:00,00-0020531,Drew Brees,NO,GB,36.0,ridge_eb,37.80858463108625,-1.808584631086248
2020_03_GB_NO,2020,3,2020-09-28 00:20:00+00:00,00-0023459,Aaron Rodgers,GB,NO,32.0,ridge_eb,38.878514535830234,-6.878514535830234
2020_03_KC_BAL,2020,3,2020-09-29 00:15:00+00:00,00-0033873,Patrick Mahomes,KC,BAL,42.0,ridge_eb,36.08953301992499,5.910466980075007
2020_03_KC_BAL,2020,3,2020-09-29 00:15:00+00:00,00-0034796,Lamar Jackson,BAL,KC,28.0,ridge_eb,29.91346163086491,-1.9134616308649088
2020_04_DEN_NYJ,2020,4,2020-10-02 00:20:00+00:00,00-0034955,Brett Rypien,DEN,NYJ,31.0,ridge_eb,30.583615586530655,0.4163844134693448
2020_04_DEN_NYJ,2020,4,2020-10-02 00:20:00+00:00,00-0034869,Sam Darnold,NYJ,DEN,42.0,ridge_eb,32.705324130615764,9.294675869384236
2020_04_SEA_MIA,2020,4,2020-10-04 17:00:00+00:00,00-0029263,Russell Wilson,SEA,MIA,34.0,ridge_eb,35.71235061225656,-1.7123506122565573
2020_04_SEA_MIA,2020,4,2020-10-04 17:00:00+00:00,00-0023682,Ryan Fitzpatrick,MIA,SEA,45.0,ridge_eb,37.139888021397944,7.860111978602056
2020_04_NO_DET,2020,4,2020-10-04 17:00:00+00:00,00-0020531,Drew Brees,NO,DET,25.0,ridge_eb,36.513370281887475,-11.513370281887475
2020_04_NO_DET,2020,4,2020-10-04 17:00:00+00:00,00-0026498,Matthew Stafford,DET,NO,31.0,ridge_eb,36.85741620409805,-5.857416204098044
2020_04_MIN_HOU,2020,4,2020-10-04 17:00:00+00:00,00-0029604,Kirk Cousins,MIN,HOU,22.0,ridge_eb,30.234475631740743,-8.234475631740743
2020_04_MIN_HOU,2020,4,2020-10-04 17:00:00+00:00,00-0033537,Deshaun Watson,HOU,MIN,33.0,ridge_eb,33.03967484069475,-0.0396748406947509
2020_04_LAC_TB,2020,4,2020-10-04 17:00:00+00:00,00-0019596,Tom Brady,TB,LAC,46.0,ridge_eb,38.45383262838215,7.546167371617848
2020_04_LAC_TB,2020,4,2020-10-04 17:00:00+00:00,00-0036355,Justin Herbert,LAC,TB,25.0,ridge_eb,32.67001032282216,-7.670010322822158
2020_04_JAX_CIN,2020,4,2020-10-04 17:00:00+00:00,00-0036442,Joe Burrow,CIN,JAX,36.0,ridge_eb,38.87679413870344,-2.8767941387034384
2020_04_CLE_DAL,2020,4,2020-10-04 17:00:00+00:00,00-0033077,Dak Prescott,DAL,CLE,58.0,ridge_eb,36.60856103802329,21.39143896197671
2020_04_CLE_DAL,2020,4,2020-10-04 17:00:00+00:00,00-0034855,Baker Mayfield,CLE,DAL,30.0,ridge_eb,33.907863574395016,-3.907863574395016
2020_04_BAL_WAS,2020,4,2020-10-04 17:00:00+00:00,00-0035232,Dwayne Haskins,WAS,BAL,45.0,ridge_eb,30.058205310037025,14.941794689962975
2020_04_BAL_WAS,2020,4,2020-10-04 17:00:00+00:00,00-0034796,Lamar Jackson,BAL,WAS,21.0,ridge_eb,25.194945343571337,-4.194945343571334
2020_04_ARI_CAR,2020,4,2020-10-04 17:00:00+00:00,00-0031237,Teddy Bridgewater,CAR,ARI,37.0,ridge_eb,33.637341575187214,3.3626584248127855
2020_04_ARI_CAR,2020,4,2020-10-04 17:00:00+00:00,00-0035228,Kyler Murray,ARI,CAR,31.0,ridge_eb,34.8815051557811,-3.881505155781099
2020_04_JAX_CIN,2020,4,2020-10-04 17:00:00+00:00,00-0035289,Gardner Minshew II,JAX,CIN,40.0,ridge_eb,32.198355034356624,7.801644965643376
2020_04_NYG_LA,2020,4,2020-10-04 20:05:00+00:00,00-0035710,Daniel Jones,NYG,LA,36.0,ridge_eb,31.431919458141664,4.568080541858336
2020_04_NYG_LA,2020,4,2020-10-04 20:05:00+00:00,00-0033106,Jared Goff,LA,NYG,32.0,ridge_eb,35.57517416073482,-3.575174160734818
2020_04_IND_CHI,2020,4,2020-10-04 20:25:00+00:00,00-0029567,Nick Foles,CHI,IND,42.0,ridge_eb,35.16865583174615,6.83134416825385
2020_04_IND_CHI,2020,4,2020-10-04 20:25:00+00:00,00-0022942,Philip Rivers,IND,CHI,29.0,ridge_eb,32.287768717690874,-3.2877687176908736
2020_04_BUF_LV,2020,4,2020-10-04 20:25:00+00:00,00-0034857,Josh Allen,BUF,LV,34.0,ridge_eb,34.42136352517252,-0.4213635251725165
2020_04_BUF_LV,2020,4,2020-10-04 20:25:00+00:00,00-0031280,Derek Carr,LV,BUF,44.0,ridge_eb,36.59999422009893,7.400005779901072
2020_04_PHI_SF,2020,4,2020-10-05 00:20:00+00:00,00-0032950,Carson Wentz,PHI,SF,28.0,ridge_eb,39.18553493332987,-11.185534933329876
2020_04_PHI_SF,2020,4,2020-10-05 00:20:00+00:00,00-0033319,Nick Mullens,SF,PHI,26.0,ridge_eb,31.38250320337309,-5.382503203373091
2020_04_NE_KC,2020,4,2020-10-05 23:05:00+00:00,00-0033873,Patrick Mahomes,KC,NE,29.0,ridge_eb,37.77881154092547,-8.778811540925467
2020_04_NE_KC,2020,4,2020-10-05 23:05:00+00:00,00-0026625,Brian Hoyer,NE,KC,24.0,ridge_eb,33.10719622872496,-9.10719622872496
2020_04_ATL_GB,2020,4,2020-10-06 01:00:00+00:00,00-0026143,Matt Ryan,ATL,GB,39.0,ridge_eb,41.9918438121773,-2.9918438121773008
2020_04_ATL_GB,2020,4,2020-10-06 01:00:00+00:00,00-0023459,Aaron Rodgers,GB,ATL,33.0,ridge_eb,37.53805994543904,-4.538059945439038
2020_05_TB_CHI,2020,5,2020-10-09 00:20:00+00:00,00-0029567,Nick Foles,CHI,TB,42.0,ridge_eb,36.33105189083438,5.668948109165619
2020_05_TB_CHI,2020,5,2020-10-09 00:20:00+00:00,00-0019596,Tom Brady,TB,CHI,41.0,ridge_eb,38.3653251319896,2.6346748680104
2020_05_PHI_PIT,2020,5,2020-10-11 17:00:00+00:00,00-0032950,Carson Wentz,PHI,PIT,35.0,ridge_eb,36.65149576152707,-1.6514957615270731
2020_05_LV_KC,2020,5,2020-10-11 17:00:00+00:00,00-0031280,Derek Carr,LV,KC,31.0,ridge_eb,34.821101441936946,-3.8211014419369462
2020_05_LV_KC,2020,5,2020-10-11 17:00:00+00:00,00-0033873,Patrick Mahomes,KC,LV,43.0,ridge_eb,36.96758286717957,6.032417132820427
2020_05_LA_WAS,2020,5,2020-10-11 17:00:00+00:00,00-0034577,Kyle Allen,WAS,LA,13.0,ridge_eb,27.241252097521464,-14.241252097521464
2020_05_LA_WAS,2020,5,2020-10-11 17:00:00+00:00,00-0033106,Jared Goff,LA,WAS,30.0,ridge_eb,32.146201288367564,-2.146201288367564
2020_05_JAX_HOU,2020,5,2020-10-11 17:00:00+00:00,00-0035289,Gardner Minshew II,JAX,HOU,49.0,ridge_eb,33.565956549172185,15.434043450827817
2020_05_CAR_ATL,2020,5,2020-10-11 17:00:00+00:00,00-0026143,Matt Ryan,ATL,CAR,37.0,ridge_eb,42.891392600157275,-5.891392600157275
2020_05_CIN_BAL,2020,5,2020-10-11 17:00:00+00:00,00-0036442,Joe Burrow,CIN,BAL,30.0,ridge_eb,35.37632205982398,-5.376322059823977
2020_05_CIN_BAL,2020,5,2020-10-11 17:00:00+00:00,00-0034796,Lamar Jackson,BAL,CIN,37.0,ridge_eb,26.755546990278063,10.244453009721934
2020_05_CAR_ATL,2020,5,2020-10-11 17:00:00+00:00,00-0031237,Teddy Bridgewater,CAR,ATL,36.0,ridge_eb,36.96693220154433,-0.9669322015443312
2020_05_ARI_NYJ,2020,5,2020-10-11 17:00:00+00:00,00-0026158,Joe Flacco,NYJ,ARI,33.0,ridge_eb,33.87861313469566,-0.8786131346956623
2020_05_ARI_NYJ,2020,5,2020-10-11 17:00:00+00:00,00-0035228,Kyler Murray,ARI,NYJ,37.0,ridge_eb,31.66534584553534,5.334654154464658
2020_05_PHI_PIT,2020,5,2020-10-11 17:00:00+00:00,00-0022924,Ben Roethlisberger,PIT,PHI,34.0,ridge_eb,37.267289025536115,-3.2672890255361153
2020_05_JAX_HOU,2020,5,2020-10-11 17:00:00+00:00,00-0033537,Deshaun Watson,HOU,JAX,35.0,ridge_eb,40.70229219953209,-5.7022921995320885
2020_05_MIA_SF,2020,5,2020-10-11 20:05:00+00:00,00-0031345,Jimmy Garoppolo,SF,MIA,17.0,ridge_eb,33.30178517861657,-16.30178517861657
2020_05_MIA_SF,2020,5,2020-10-11 20:05:00+00:00,00-0023682,Ryan Fitzpatrick,MIA,SF,28.0,ridge_eb,37.02865108760765,-9.02865108760765
2020_05_IND_CLE,2020,5,2020-10-11 20:25:00+00:00,00-0034855,Baker Mayfield,CLE,IND,37.0,ridge_eb,33.675314746745485,3.324685253254515
2020_05_IND_CLE,2020,5,2020-10-11 20:25:00+00:00,00-0022942,Philip Rivers,IND,CLE,33.0,ridge_eb,30.929362202422368,2.070637797577632
2020_05_NYG_DAL,2020,5,2020-10-11 20:25:00+00:00,00-0033077,Dak Prescott,DAL,NYG,21.0,ridge_eb,39.31238247826912,-18.31238247826912
2020_05_NYG_DAL,2020,5,2020-10-11 20:25:00+00:00,00-0035710,Daniel Jones,NYG,DAL,33.0,ridge_eb,32.65010912629565,0.3498908737043464
2020_05_MIN_SEA,2020,5,2020-10-12 00:20:00+00:00,00-0029604,Kirk Cousins,MIN,SEA,39.0,ridge_eb,29.61141264665921,9.388587353340789
2020_05_MIN_SEA,2020,5,2020-10-12 00:20:00+00:00,00-0029263,Russell Wilson,SEA,MIN,32.0,ridge_eb,33.73871212275967,-1.7387121227596722
2020_05_LAC_NO,2020,5,2020-10-13 00:15:00+00:00,00-0036355,Justin Herbert,LAC,NO,34.0,ridge_eb,31.795561300132604,2.2044386998673957
2020_05_LAC_NO,2020,5,2020-10-13 00:15:00+00:00,00-0020531,Drew Brees,NO,LAC,47.0,ridge_eb,38.060067335323275,8.939932664676725
2020_05_BUF_TEN,2020,5,2020-10-13 23:00:00+00:00,00-0029701,Ryan Tannehill,TEN,BUF,28.0,ridge_eb,30.322713268001884,-2.322713268001884
2020_05_BUF_TEN,2020,5,2020-10-13 23:00:00+00:00,00-0034857,Josh Allen,BUF,TEN,41.0,ridge_eb,32.27376808229983,8.726231917700169
2020_06_WAS_NYG,2020,6,2020-10-18 17:00:00+00:00,00-0034577,Kyle Allen,WAS,NYG,42.0,ridge_eb,26.77960727726539,15.220392722734609
2020_06_WAS_NYG,2020,6,2020-10-18 17:00:00+00:00,00-0035710,Daniel Jones,NYG,WAS,19.0,ridge_eb,30.535862144298196,-11.535862144298196
2020_06_HOU_TEN,2020,6,2020-10-18 17:00:00+00:00,00-0029701,Ryan Tannehill,TEN,HOU,41.0,ridge_eb,28.318140219915417,12.681859780084586
2020_06_HOU_TEN,2020,6,2020-10-18 17:00:00+00:00,00-0033537,Deshaun Watson,HOU,TEN,37.0,ridge_eb,31.024480330015617,5.975519669984383
2020_06_DET_JAX,2020,6,2020-10-18 17:00:00+00:00,00-0035289,Gardner Minshew II,JAX,DET,44.0,ridge_eb,33.18311254020732,10.816887459792682
2020_06_DEN_NE,2020,6,2020-10-18 17:00:00+00:00,00-0027939,Cam Newton,NE,DEN,25.0,ridge_eb,32.396351168848085,-7.396351168848085
2020_06_DEN_NE,2020,6,2020-10-18 17:00:00+00:00,00-0035704,Drew Lock,DEN,NE,24.0,ridge_eb,32.756540282838365,-8.756540282838365
2020_06_CLE_PIT,2020,6,2020-10-18 17:00:00+00:00,00-0022924,Ben Roethlisberger,PIT,CLE,22.0,ridge_eb,35.34669093333997,-13.346690933339971
2020_06_DET_JAX,2020,6,2020-10-18 17:00:00+00:00,00-0026498,Matthew Stafford,DET,JAX,31.0,ridge_eb,37.433129414905274,-6.433129414905274
2020_06_CIN_IND,2020,6,2020-10-18 17:00:00+00:00,00-0022942,Philip Rivers,IND,CIN,44.0,ridge_eb,32.62368698937958,11.376313010620422
2020_06_CIN_IND,2020,6,2020-10-18 17:00:00+00:00,00-0036442,Joe Burrow,CIN,IND,39.0,ridge_eb,37.73253647708424,1.2674635229157616
2020_06_CHI_CAR,2020,6,2020-10-18 17:00:00+00:00,00-0029567,Nick Foles,CHI,CAR,39.0,ridge_eb,38.05856482157947,0.9414351784205266
2020_06_CHI_CAR,2020,6,2020-10-18 17:00:00+00:00,00-0031237,Teddy Bridgewater,CAR,CHI,29.0,ridge_eb,35.33470850354007,-6.334708503540071
2020_06_BAL_PHI,2020,6,2020-10-18 17:00:00+00:00,00-0032950,Carson Wentz,PHI,BAL,40.0,ridge_eb,36.28819203211421,3.7118079678857896
2020_06_BAL_PHI,2020,6,2020-10-18 17:00:00+00:00,00-0034796,Lamar Jackson,BAL,PHI,27.0,ridge_eb,29.165484121345855,-2.1654841213458553
2020_06_ATL_MIN,2020,6,2020-10-18 17:00:00+00:00,00-0029604,Kirk Cousins,MIN,ATL,36.0,ridge_eb,35.72386936725616,0.2761306327438433
2020_06_ATL_MIN,2020,6,2020-10-18 17:00:00+00:00,00-0026143,Matt Ryan,ATL,MIN,40.0,ridge_eb,44.92716524209161,-4.927165242091611
2020_06_CLE_PIT,2020,6,2020-10-18 17:00:00+00:00,00-0034855,Baker Mayfield,CLE,PIT,18.0,ridge_eb,33.88148834397055,-15.881488343970553
2020_06_NYJ_MIA,2020,6,2020-10-18 20:05:00+00:00,00-0023682,Ryan Fitzpatrick,MIA,NYJ,27.0,ridge_eb,35.88106655166164,-8.88106655166164
2020_06_NYJ_MIA,2020,6,2020-10-18 20:05:00+00:00,00-0026158,Joe Flacco,NYJ,MIA,44.0,ridge_eb,33.51977615187581,10.48022384812419
2020_06_GB_TB,2020,6,2020-10-18 20:25:00+00:00,00-0023459,Aaron Rodgers,GB,TB,35.0,ridge_eb,38.53398127742743,-3.5339812774274293
2020_06_GB_TB,2020,6,2020-10-18 20:25:00+00:00,00-0019596,Tom Brady,TB,GB,27.0,ridge_eb,39.96836421291592,-12.968364212915922
2020_06_LA_SF,2020,6,2020-10-19 00:20:00+00:00,00-0031345,Jimmy Garoppolo,SF,LA,33.0,ridge_eb,31.72712130730402,1.2728786926959792
2020_06_LA_SF,2020,6,2020-10-19 00:20:00+00:00,00-0033106,Jared Goff,LA,SF,38.0,ridge_eb,35.010916100162746,2.9890838998372544
2020_06_KC_BUF,2020,6,2020-10-19 21:00:00+00:00,00-0034857,Josh Allen,BUF,KC,27.0,ridge_eb,36.14161593026764,-9.14161593026764
2020_06_KC_BUF,2020,6,2020-10-19 21:00:00+00:00,00-0033873,Patrick Mahomes,KC,BUF,26.0,ridge_eb,38.43357340995707,-12.43357340995707
2020_06_ARI_DAL,2020,6,2020-10-20 00:15:00+00:00,00-0035228,Kyler Murray,ARI,DAL,24.0,ridge_eb,34.56900836009117,-10.569008360091168
2020_06_ARI_DAL,2020,6,2020-10-20 00:15:00+00:00,00-0027973,Andy Dalton,DAL,ARI,54.0,ridge_eb,36.59851739173738,17.40148260826262
2020_07_NYG_PHI,2020,7,2020-10-23 00:20:00+00:00,00-0035710,Daniel Jones,NYG,PHI,30.0,ridge_eb,27.044676757931615,2.955323242068385
2020_07_NYG_PHI,2020,7,2020-10-23 00:20:00+00:00,00-0032950,Carson Wentz,PHI,NYG,43.0,ridge_eb,37.70547557243878,5.294524427561221
2020_07_PIT_TEN,2020,7,2020-10-25 17:00:00+00:00,00-0029701,Ryan Tannehill,TEN,PIT,30.0,ridge_eb,29.79515927165827,0.204840728341729
2020_07_PIT_TEN,2020,7,2020-10-25 17:00:00+00:00,00-0022924,Ben Roethlisberger,PIT,TEN,49.0,ridge_eb,35.68243123986658,13.31756876013342
2020_07_GB_HOU,2020,7,2020-10-25 17:00:00+00:00,00-0023459,Aaron Rodgers,GB,HOU,34.0,ridge_eb,37.85022874687944,-3.850228746879438
2020_07_DET_ATL,2020,7,2020-10-25 17:00:00+00:00,00-0026498,Matthew Stafford,DET,ATL,36.0,ridge_eb,37.016086749853855,-1.016086749853855
2020_07_DET_ATL,2020,7,2020-10-25 17:00:00+00:00,00-0026143,Matt Ryan,ATL,DET,42.0,ridge_eb,41.073775315090714,0.926224684909286
2020_07_DAL_WAS,2020,7,2020-10-25 17:00:00+00:00,00-0034577,Kyle Allen,WAS,DAL,25.0,ridge_eb,27.826433937483497,-2.826433937483497
2020_07_GB_HOU,2020,7,2020-10-25 17:00:00+00:00,00-0033537,Deshaun Watson,HOU,GB,39.0,ridge_eb,35.285591959228995,3.714408040771005
2020_07_CLE_CIN,2020,7,2020-10-25 17:00:00+00:00,00-0034855,Baker Mayfield,CLE,CIN,28.0,ridge_eb,33.4761056353902,-5.476105635390198
2020_07_CLE_CIN,2020,7,2020-10-25 17:00:00+00:00,00-0036442,Joe Burrow,CIN,CLE,47.0,ridge_eb,34.45020616886833,12.549793831131671
2020_07_CAR_NO,2020,7,2020-10-25 17:00:00+00:00,00-0020531,Drew Brees,NO,CAR,36.0,ridge_eb,39.219084614251585,-3.219084614251585
2020_07_CAR_NO,2020,7,2020-10-25 17:00:00+00:00,00-0031237,Teddy Bridgewater,CAR,NO,28.0,ridge_eb,33.84759913003319,-5.847599130033188
2020_07_DAL_WAS,2020,7,2020-10-25 17:00:00+00:00,00-0027973,Andy Dalton,DAL,WAS,19.0,ridge_eb,35.53093953625558,-16.53093953625558
2020_07_BUF_NYJ,2020,7,2020-10-25 17:00:00+00:00,00-0034869,Sam Darnold,NYJ,BUF,23.0,ridge_eb,34.1396078138662,-11.1396078138662
2020_07_BUF_NYJ,2020,7,2020-10-25 17:00:00+00:00,00-0034857,Josh Allen,BUF,NYJ,43.0,ridge_eb,32.189535041645236,10.810464958354764
2020_07_TB_LV,2020,7,2020-10-25 20:05:00+00:00,00-0031280,Derek Carr,LV,TB,36.0,ridge_eb,37.62815528898469,-1.6281552889846935
2020_07_TB_LV,2020,7,2020-10-25 20:05:00+00:00,00-0019596,Tom Brady,TB,LV,45.0,ridge_eb,40.384235948907474,4.615764051092526
2020_07_SF_NE,2020,7,2020-10-25 20:25:00+00:00,00-0027939,Cam Newton,NE,SF,15.0,ridge_eb,30.002886332436628,-15.002886332436628
2020_07_KC_DEN,2020,7,2020-10-25 20:25:00+00:00,00-0033873,Patrick Mahomes,KC,DEN,23.0,ridge_eb,34.95768996088844,-11.957689960888436
2020_07_SF_NE,2020,7,2020-10-25 20:25:00+00:00,00-0031345,Jimmy Garoppolo,SF,NE,25.0,ridge_eb,32.176277793199404,-7.176277793199404
2020_07_JAX_LAC,2020,7,2020-10-25 20:25:00+00:00,00-0036355,Justin Herbert,LAC,JAX,43.0,ridge_eb,34.330590118869424,8.669409881130576
2020_07_JAX_LAC,2020,7,2020-10-25 20:25:00+00:00,00-0035289,Gardner Minshew II,JAX,LAC,27.0,ridge_eb,34.063263128283594,-7.0632631282835945
2020_07_KC_DEN,2020,7,2020-10-25 20:25:00+00:00,00-0035704,Drew Lock,DEN,KC,40.0,ridge_eb,30.93259042287744,9.06740957712256
2020_07_SEA_ARI,2020,7,2020-10-26 00:20:00+00:00,00-0035228,Kyler Murray,ARI,SEA,48.0,ridge_eb,32.791879023099696,15.208120976900304
2020_07_SEA_ARI,2020,7,2020-10-26 00:20:00+00:00,00-0029263,Russell Wilson,SEA,ARI,50.0,ridge_eb,37.318921339125424,12.681078660874576
2020_07_CHI_LA,2020,7,2020-10-27 00:15:00+00:00,00-0029567,Nick Foles,CHI,LA,40.0,ridge_eb,37.00254015896162,2.9974598410383777
2020_07_CHI_LA,2020,7,2020-10-27 00:15:00+00:00,00-0033106,Jared Goff,LA,CHI,33.0,ridge_eb,35.84699505752065,-2.846995057520651
2020_08_ATL_CAR,2020,8,2020-10-30 00:20:00+00:00,00-0031237,Teddy Bridgewater,CAR,ATL,23.0,ridge_eb,32.68286224117291,-9.682862241172913
2020_08_ATL_CAR,2020,8,2020-10-30 00:20:00+00:00,00-0026143,Matt Ryan,ATL,CAR,30.0,ridge_eb,41.50323293817851,-11.503232938178511
2020_08_NE_BUF,2020,8,2020-11-01 18:00:00+00:00,00-0027939,Cam Newton,NE,BUF,25.0,ridge_eb,27.407132896119116,-2.4071328961191156
2020_08_TEN_CIN,2020,8,2020-11-01 18:00:00+00:00,00-0029701,Ryan Tannehill,TEN,CIN,30.0,ridge_eb,30.13540245252585,-0.1354024525258488
2020_08_TEN_CIN,2020,8,2020-11-01 18:00:00+00:00,00-0036442,Joe Burrow,CIN,TEN,37.0,ridge_eb,37.5239286102787,-0.523928610278702
2020_08_PIT_BAL,2020,8,2020-11-01 18:00:00+00:00,00-0022924,Ben Roethlisberger,PIT,BAL,32.0,ridge_eb,35.57271444018649,-3.5727144401864876
2020_08_PIT_BAL,2020,8,2020-11-01 18:00:00+00:00,00-0034796,Lamar Jackson,BAL,PIT,28.0,ridge_eb,30.06659367171944,-2.0665936717194384
2020_08_NYJ_KC,2020,8,2020-11-01 18:00:00+00:00,00-0034869,Sam Darnold,NYJ,KC,30.0,ridge_eb,32.04894580218476,-2.048945802184761
2020_08_NYJ_KC,2020,8,2020-11-01 18:00:00+00:00,00-0033873,Patrick Mahomes,KC,NYJ,42.0,ridge_eb,35.144790632974754,6.855209367025246
2020_08_NE_BUF,2020,8,2020-11-01 18:00:00+00:00,00-0034857,Josh Allen,BUF,NE,18.0,ridge_eb,34.0150722796331,-16.015072279633102
2020_08_MIN_GB,2020,8,2020-11-01 18:00:00+00:00,00-0029604,Kirk Cousins,MIN,GB,14.0,ridge_eb,31.685374458942107,-17.685374458942107
2020_08_MIN_GB,2020,8,2020-11-01 18:00:00+00:00,00-0023459,Aaron Rodgers,GB,MIN,41.0,ridge_eb,34.09770481032998,6.902295189670021
2020_08_LV_CLE,2020,8,2020-11-01 18:00:00+00:00,00-0031280,Derek Carr,LV,CLE,24.0,ridge_eb,33.636855478680445,-9.636855478680443
2020_08_LV_CLE,2020,8,2020-11-01 18:00:00+00:00,00-0034855,Baker Mayfield,CLE,LV,25.0,ridge_eb,32.40023562558959,-7.400235625589588
2020_08_LA_MIA,2020,8,2020-11-01 18:00:00+00:00,00-0036212,Tua Tagovailoa,MIA,LA,22.0,ridge_eb,35.425977662588046,-13.425977662588046
2020_08_LA_MIA,2020,8,2020-11-01 18:00:00+00:00,00-0033106,Jared Goff,LA,MIA,61.0,ridge_eb,34.238396154258034,26.761603845741966
2020_08_IND_DET,2020,8,2020-11-01 18:00:00+00:00,00-0022942,Philip Rivers,IND,DET,33.0,ridge_eb,34.47699669930013,-1.4769966993001304
2020_08_IND_DET,2020,8,2020-11-01 18:00:00+00:00,00-0026498,Matthew Stafford,DET,IND,42.0,ridge_eb,35.53816155860016,6.461838441399841
2020_08_LAC_DEN,2020,8,2020-11-01 21:05:00+00:00,00-0035704,Drew Lock,DEN,LAC,41.0,ridge_eb,32.131328096427595,8.868671903572405
2020_08_LAC_DEN,2020,8,2020-11-01 21:05:00+00:00,00-0036355,Justin Herbert,LAC,DEN,43.0,ridge_eb,32.48436555346657,10.515634446533433
2020_08_NO_CHI,2020,8,2020-11-01 21:25:00+00:00,00-0029567,Nick Foles,CHI,NO,41.0,ridge_eb,35.8899976821794,5.1100023178206015
2020_08_NO_CHI,2020,8,2020-11-01 21:25:00+00:00,00-0020531,Drew Brees,NO,CHI,41.0,ridge_eb,36.31215776467084,4.687842235329157
2020_08_SF_SEA,2020,8,2020-11-01 21:25:00+00:00,00-0029263,Russell Wilson,SEA,SF,37.0,ridge_eb,37.84498158320607,-0.8449815832060708
2020_08_SF_SEA,2020,8,2020-11-01 21:25:00+00:00,00-0031345,Jimmy Garoppolo,SF,SEA,16.0,ridge_eb,32.74022661408562,-16.74022661408562
2020_08_DAL_PHI,2020,8,2020-11-02 01:20:00+00:00,00-0032950,Carson Wentz,PHI,DAL,27.0,ridge_eb,38.841843017813616,-11.841843017813616
2020_08_DAL_PHI,2020,8,2020-11-02 01:20:00+00:00,00-0036384,Ben DiNucci,DAL,PHI,40.0,ridge_eb,31.96742016758907,8.032579832410931
2020_08_TB_NYG,2020,8,2020-11-03 01:15:00+00:00,00-0035710,Daniel Jones,NYG,TB,41.0,ridge_eb,30.412569655206372,10.587430344793628
2020_08_TB_NYG,2020,8,2020-11-03 01:15:00+00:00,00-0019596,Tom Brady,TB,NYG,40.0,ridge_eb,38.1092226835806,1.8907773164194024
2020_09_GB_SF,2020,9,2020-11-06 01:20:00+00:00,00-0023459,Aaron Rodgers,GB,SF,31.0,ridge_eb,35.276068115865165,-4.276068115865165
2020_09_GB_SF,2020,9,2020-11-06 01:20:00+00:00,00-0033319,Nick Mullens,SF,GB,35.0,ridge_eb,31.6972192623646,3.3027807376353984
2020_09_SEA_BUF,2020,9,2020-11-08 18:00:00+00:00,00-0029263,Russell Wilson,SEA,BUF,41.0,ridge_eb,37.54795731195086,3.45204268804914
2020_09_SEA_BUF,2020,9,2020-11-08 18:00:00+00:00,00-0034857,Josh Allen,BUF,SEA,38.0,ridge_eb,33.69527661814053,4.304723381859468
2020_09_NYG_WAS,2020,9,2020-11-08 18:00:00+00:00,00-0034577,Kyle Allen,WAS,NYG,7.0,ridge_eb,31.697499165369067,-24.697499165369067
2020_09_NYG_WAS,2020,9,2020-11-08 18:00:00+00:00,00-0035710,Daniel Jones,NYG,WAS,34.0,ridge_eb,29.966150921823633,4.033849078176367
2020_09_HOU_JAX,2020,9,2020-11-08 18:00:00+00:00,00-0036312,Jake Luton,JAX,HOU,38.0,ridge_eb,32.09780902007252,5.902190979927482
2020_09_HOU_JAX,2020,9,2020-11-08 18:00:00+00:00,00-0033537,Deshaun Watson,HOU,JAX,32.0,ridge_eb,35.13529760663181,-3.1352976066318092
2020_09_DET_MIN,2020,9,2020-11-08 18:00:00+00:00,00-0029604,Kirk Cousins,MIN,DET,20.0,ridge_eb,29.922480083050587,-9.922480083050589
2020_09_DET_MIN,2020,9,2020-11-08 18:00:00+00:00,00-0026498,Matthew Stafford,DET,MIN,32.0,ridge_eb,33.878356840776945,-1.878356840776945
2020_09_BAL_IND,2020,9,2020-11-08 18:00:00+00:00,00-0034796,Lamar Jackson,BAL,IND,23.0,ridge_eb,31.815937453316227,-8.815937453316227
2020_09_DEN_ATL,2020,9,2020-11-08 18:00:00+00:00,00-0026143,Matt Ryan,ATL,DEN,35.0,ridge_eb,41.3575105208821,-6.3575105208821014
2020_09_CHI_TEN,2020,9,2020-11-08 18:00:00+00:00,00-0029701,Ryan Tannehill,TEN,CHI,21.0,ridge_eb,29.97548477883742,-8.97548477883742
2020_09_CHI_TEN,2020,9,2020-11-08 18:00:00+00:00,00-0029567,Nick Foles,CHI,TEN,52.0,ridge_eb,37.58974636958375,14.41025363041625
2020_09_CAR_KC,2020,9,2020-11-08 18:00:00+00:00,00-0033873,Patrick Mahomes,KC,CAR,45.0,ridge_eb,39.29668693351974,5.703313066480263
2020_09_CAR_KC,2020,9,2020-11-08 18:00:00+00:00,00-0031237,Teddy Bridgewater,CAR,KC,49.0,ridge_eb,31.53422225448724,17.46577774551276
2020_09_BAL_IND,2020,9,2020-11-08 18:00:00+00:00,00-0022942,Philip Rivers,IND,BAL,43.0,ridge_eb,35.19780991247903,7.8021900875209695
2020_09_DEN_ATL,2020,9,2020-11-08 18:00:00+00:00,00-0035704,Drew Lock,DEN,ATL,48.0,ridge_eb,35.049842194365425,12.950157805634577
2020_09_LV_LAC,2020,9,2020-11-08 21:05:00+00:00,00-0036355,Justin Herbert,LAC,LV,42.0,ridge_eb,38.372444405056854,3.6275555949431464
2020_09_LV_LAC,2020,9,2020-11-08 21:05:00+00:00,00-0031280,Derek Carr,LV,LAC,23.0,ridge_eb,35.18461764515594,-12.18461764515594
2020_09_PIT_DAL,2020,9,2020-11-08 21:25:00+00:00,00-0022924,Ben Roethlisberger,PIT,DAL,42.0,ridge_eb,36.07733004574775,5.92266995425225
2020_09_PIT_DAL,2020,9,2020-11-08 21:25:00+00:00,00-0031395,Garrett Gilbert,DAL,PIT,38.0,ridge_eb,32.32080650829234,5.679193491707657
2020_09_MIA_ARI,2020,9,2020-11-08 21:25:00+00:00,00-0035228,Kyler Murray,ARI,MIA,26.0,ridge_eb,33.02533373985147,-7.025333739851469
2020_09_MIA_ARI,2020,9,2020-11-08 21:25:00+00:00,00-0036212,Tua Tagovailoa,MIA,ARI,28.0,ridge_eb,32.09548129922921,-4.095481299229213
2020_09_NO_TB,2020,9,2020-11-09 01:20:00+00:00,00-0020531,Drew Brees,NO,TB,32.0,ridge_eb,36.81210203604889,-4.812102036048891
2020_09_NO_TB,2020,9,2020-11-09 01:20:00+00:00,00-0019596,Tom Brady,TB,NO,38.0,ridge_eb,38.795423107215214,-0.795423107215214
2020_09_NE_NYJ,2020,9,2020-11-10 01:15:00+00:00,00-0027939,Cam Newton,NE,NYJ,35.0,ridge_eb,27.539711502133372,7.460288497866628
2020_09_NE_NYJ,2020,9,2020-11-10 01:15:00+00:00,00-0026158,Joe Flacco,NYJ,NE,25.0,ridge_eb,30.970313387402506,-5.970313387402502
2020_10_IND_TEN,2020,10,2020-11-13 01:20:00+00:00,00-0022942,Philip Rivers,IND,TEN,39.0,ridge_eb,33.89206397324604,5.107936026753961
2020_10_IND_TEN,2020,10,2020-11-13 01:20:00+00:00,00-0029701,Ryan Tannehill,TEN,IND,27.0,ridge_eb,28.95145944810326,-1.951459448103261
2020_10_TB_CAR,2020,10,2020-11-15 18:00:00+00:00,00-0031237,Teddy Bridgewater,CAR,TB,24.0,ridge_eb,33.565578708555314,-9.565578708555314
2020_10_WAS_DET,2020,10,2020-11-15 18:00:00+00:00,00-0026498,Matthew Stafford,DET,WAS,33.0,ridge_eb,36.70166016060781,-3.701660160607808
2020_10_WAS_DET,2020,10,2020-11-15 18:00:00+00:00,00-0023436,Alex Smith,WAS,DET,55.0,ridge_eb,29.71595703397857,25.28404296602143
2020_10_TB_CAR,2020,10,2020-11-15 18:00:00+00:00,00-0019596,Tom Brady,TB,CAR,39.0,ridge_eb,38.59227408089001,0.4077259191099927
2020_10_PHI_NYG,2020,10,2020-11-15 18:00:00+00:00,00-0032950,Carson Wentz,PHI,NYG,37.0,ridge_eb,40.3427151087304,-3.3427151087304026
2020_10_HOU_CLE,2020,10,2020-11-15 18:00:00+00:00,00-0033537,Deshaun Watson,HOU,CLE,30.0,ridge_eb,32.88055074279233,-2.8805507427923303
2020_10_JAX_GB,2020,10,2020-11-15 18:00:00+00:00,00-0036312,Jake Luton,JAX,GB,35.0,ridge_eb,31.066074267288425,3.9339257327115753
2020_10_JAX_GB,2020,10,2020-11-15 18:00:00+00:00,00-0023459,Aaron Rodgers,GB,JAX,34.0,ridge_eb,36.11600688729236,-2.1160068872923574
2020_10_HOU_CLE,2020,10,2020-11-15 18:00:00+00:00,00-0034855,Baker Mayfield,CLE,HOU,20.0,ridge_eb,29.93132061239651,-9.931320612396512
2020_10_PHI_NYG,2020,10,2020-11-15 18:00:00+00:00,00-0035710,Daniel Jones,NYG,PHI,28.0,ridge_eb,32.621174773708475,-4.621174773708475
2020_10_BUF_ARI,2020,10,2020-11-15 21:05:00+00:00,00-0035228,Kyler Murray,ARI,BUF,32.0,ridge_eb,32.81134906534157,-0.8113490653415667
2020_10_BUF_ARI,2020,10,2020-11-15 21:05:00+00:00,00-0034857,Josh Allen,BUF,ARI,49.0,ridge_eb,36.902832309847206,12.097167690152794
2020_10_DEN_LV,2020,10,2020-11-15 21:05:00+00:00,00-0035704,Drew Lock,DEN,LV,47.0,ridge_eb,33.630382710594596,13.369617289405404
2020_10_DEN_LV,2020,10,2020-11-15 21:05:00+00:00,00-0031280,Derek Carr,LV,DEN,25.0,ridge_eb,32.41067218494342,-7.410672184943422
2020_10_LAC_MIA,2020,10,2020-11-15 21:05:00+00:00,00-0036355,Justin Herbert,LAC,MIA,32.0,ridge_eb,34.251953508393655,-2.2519535083936546
2020_10_LAC_MIA,2020,10,2020-11-15 21:05:00+00:00,00-0036212,Tua Tagovailoa,MIA,LAC,25.0,ridge_eb,29.584161947204933,-4.584161947204933
2020_10_SF_NO,2020,10,2020-11-15 21:25:00+00:00,00-0020531,Drew Brees,NO,SF,13.0,ridge_eb,39.740351620543606,-26.740351620543606
2020_10_CIN_PIT,2020,10,2020-11-15 21:25:00+00:00,00-0036442,Joe Burrow,CIN,PIT,40.0,ridge_eb,36.91975432129336,3.080245678706639
2020_10_CIN_PIT,2020,10,2020-11-15 21:25:00+00:00,00-0022924,Ben Roethlisberger,PIT,CIN,46.0,ridge_eb,35.27716472038476,10.72283527961524
2020_10_SEA_LA,2020,10,2020-11-15 21:25:00+00:00,00-0033106,Jared Goff,LA,SEA,37.0,ridge_eb,39.58256959984354,-2.582569599843538
2020_10_SEA_LA,2020,10,2020-11-15 21:25:00+00:00,00-0029263,Russell Wilson,SEA,LA,37.0,ridge_eb,39.78049953020588,-2.78049953020588
2020_10_SF_NO,2020,10,2020-11-15 21:25:00+00:00,00-0033319,Nick Mullens,SF,NO,38.0,ridge_eb,33.75948185870548,4.2405181412945225
2020_10_BAL_NE,2020,10,2020-11-16 01:20:00+00:00,00-0027939,Cam Newton,NE,BAL,17.0,ridge_eb,26.93508295546913,-9.935082955469133
2020_10_BAL_NE,2020,10,2020-11-16 01:20:00+00:00,00-0034796,Lamar Jackson,BAL,NE,34.0,ridge_eb,28.773585057844905,5.226414942155095
2020_10_MIN_CHI,2020,10,2020-11-17 01:15:00+00:00,00-0029567,Nick Foles,CHI,MIN,26.0,ridge_eb,35.642555209730574,-9.642555209730574
2020_10_MIN_CHI,2020,10,2020-11-17 01:15:00+00:00,00-0029604,Kirk Cousins,MIN,CHI,36.0,ridge_eb,28.724873090383863,7.275126909616134
2020_11_ARI_SEA,2020,11,2020-11-20 01:20:00+00:00,00-0035228,Kyler Murray,ARI,SEA,42.0,ridge_eb,31.493421658279715,10.506578341720283
2020_11_ARI_SEA,2020,11,2020-11-20 01:20:00+00:00,00-0029263,Russell Wilson,SEA,ARI,28.0,ridge_eb,38.27979753447648,-10.27979753447648
2020_11_TEN_BAL,2020,11,2020-11-22 18:00:00+00:00,00-0029701,Ryan Tannehill,TEN,BAL,31.0,ridge_eb,28.63389341238718,2.366106587612819
2020_11_TEN_BAL,2020,11,2020-11-22 18:00:00+00:00,00-0034796,Lamar Jackson,BAL,TEN,29.0,ridge_eb,29.970303251892062,-0.9703032518920658
2020_11_PIT_JAX,2020,11,2020-11-22 18:00:00+00:00,00-0022924,Ben Roethlisberger,PIT,JAX,46.0,ridge_eb,38.87192584438817,7.128074155611827
2020_11_PIT_JAX,2020,11,2020-11-22 18:00:00+00:00,00-0036312,Jake Luton,JAX,PIT,37.0,ridge_eb,29.927435069771803,7.0725649302281965
2020_11_PHI_CLE,2020,11,2020-11-22 18:00:00+00:00,00-0032950,Carson Wentz,PHI,CLE,35.0,ridge_eb,37.22641429535873,-2.2264142953587296
2020_11_PHI_CLE,2020,11,2020-11-22 18:00:00+00:00,00-0034855,Baker Mayfield,CLE,PHI,22.0,ridge_eb,27.760640340195877,-5.760640340195877
2020_11_NE_HOU,2020,11,2020-11-22 18:00:00+00:00,00-0027939,Cam Newton,NE,HOU,40.0,ridge_eb,29.12022983097667,10.879770169023333
2020_11_DET_CAR,2020,11,2020-11-22 18:00:00+00:00,00-0026498,Matthew Stafford,DET,CAR,33.0,ridge_eb,37.1133392637811,-4.1133392637811
2020_11_DET_CAR,2020,11,2020-11-22 18:00:00+00:00,00-0033275,Phillip Walker,CAR,DET,34.0,ridge_eb,31.037431087909567,2.9625689120904326
2020_11_CIN_WAS,2020,11,2020-11-22 18:00:00+00:00,00-0023436,Alex Smith,WAS,CIN,25.0,ridge_eb,30.841049533204572,-5.841049533204572
2020_11_CIN_WAS,2020,11,2020-11-22 18:00:00+00:00,00-0036442,Joe Burrow,CIN,WAS,34.0,ridge_eb,38.22546897484624,-4.225468974846237
2020_11_ATL_NO,2020,11,2020-11-22 18:00:00+00:00,00-0033357,Taysom Hill,NO,ATL,23.0,ridge_eb,34.198571827151966,-11.198571827151966
2020_11_ATL_NO,2020,11,2020-11-22 18:00:00+00:00,00-0026143,Matt Ryan,ATL,NO,37.0,ridge_eb,42.28264609073628,-5.282646090736279
2020_11_NE_HOU,2020,11,2020-11-22 18:00:00+00:00,00-0033537,Deshaun Watson,HOU,NE,37.0,ridge_eb,32.84043610439991,4.159563895600087
2020_11_NYJ_LAC,2020,11,2020-11-22 21:05:00+00:00,00-0026158,Joe Flacco,NYJ,LAC,30.0,ridge_eb,32.73656054650512,-2.7365605465051175
2020_11_NYJ_LAC,2020,11,2020-11-22 21:05:00+00:00,00-0036355,Justin Herbert,LAC,NYJ,49.0,ridge_eb,35.84347196362029,13.156528036379711
2020_11_MIA_DEN,2020,11,2020-11-22 21:05:00+00:00,00-0036212,Tua Tagovailoa,MIA,DEN,20.0,ridge_eb,27.91506724940751,-7.91506724940751
2020_11_MIA_DEN,2020,11,2020-11-22 21:05:00+00:00,00-0035704,Drew Lock,DEN,MIA,30.0,ridge_eb,30.90559877444568,-0.9055987744456822
2020_11_DAL_MIN,2020,11,2020-11-22 21:25:00+00:00,00-0027973,Andy Dalton,DAL,MIN,32.0,ridge_eb,35.82557847964557,-3.8255784796455714
2020_11_DAL_MIN,2020,11,2020-11-22 21:25:00+00:00,00-0029604,Kirk Cousins,MIN,DAL,30.0,ridge_eb,32.18361115430054,-2.183611154300543
2020_11_GB_IND,2020,11,2020-11-22 21:25:00+00:00,00-0023459,Aaron Rodgers,GB,IND,38.0,ridge_eb,36.85348028291408,1.1465197170859156
2020_11_GB_IND,2020,11,2020-11-22 21:25:00+00:00,00-0022942,Philip Rivers,IND,GB,36.0,ridge_eb,38.04787214929729,-2.047872149297291
2020_11_KC_LV,2020,11,2020-11-23 01:20:00+00:00,00-0033873,Patrick Mahomes,KC,LV,45.0,ridge_eb,40.36338066961088,4.6366193303891166
2020_11_KC_LV,2020,11,2020-11-23 01:20:00+00:00,00-0031280,Derek Carr,LV,KC,31.0,ridge_eb,32.29224043688679,-1.292240436886793
2020_11_LA_TB,2020,11,2020-11-24 01:15:00+00:00,00-0033106,Jared Goff,LA,TB,51.0,ridge_eb,37.57783477589143,13.422165224108568
2020_11_LA_TB,2020,11,2020-11-24 01:15:00+00:00,00-0019596,Tom Brady,TB,LA,48.0,ridge_eb,38.56554430511111,9.43445569488889
2020_12_HOU_DET,2020,12,2020-11-26 17:30:00+00:00,00-0026498,Matthew Stafford,DET,HOU,42.0,ridge_eb,36.50606510844365,5.49393489155635
2020_12_HOU_DET,2020,12,2020-11-26 17:30:00+00:00,00-0033537,Deshaun Watson,HOU,DET,25.0,ridge_eb,34.87658202481064,-9.876582024810638
2020_12_WAS_DAL,2020,12,2020-11-26 21:30:00+00:00,00-0027973,Andy Dalton,DAL,WAS,35.0,ridge_eb,35.66080060621427,-0.6608006062142735
2020_12_WAS_DAL,2020,12,2020-11-26 21:30:00+00:00,00-0023436,Alex Smith,WAS,DAL,26.0,ridge_eb,30.673718214815448,-4.673718214815448
2020_12_MIA_NYJ,2020,12,2020-11-29 18:00:00+00:00,00-0023682,Ryan Fitzpatrick,MIA,NYJ,39.0,ridge_eb,32.92318648223296,6.076813517767043
2020_12_MIA_NYJ,2020,12,2020-11-29 18:00:00+00:00,00-0034869,Sam Darnold,NYJ,MIA,27.0,ridge_eb,27.691852163615895,-0.691852163615895
2020_12_TEN_IND,2020,12,2020-11-29 18:00:00+00:00,00-0029701,Ryan Tannehill,TEN,IND,22.0,ridge_eb,31.720956546543857,-9.720956546543857
2020_12_TEN_IND,2020,12,2020-11-29 18:00:00+00:00,00-0022942,Philip Rivers,IND,TEN,42.0,ridge_eb,37.94978372692183,4.050216273078171
2020_12_LV_ATL,2020,12,2020-11-29 18:00:00+00:00,00-0031280,Derek Carr,LV,ATL,34.0,ridge_eb,31.8370967813177,2.162903218682299
2020_12_NYG_CIN,2020,12,2020-11-29 18:00:00+00:00,00-0032434,Brandon Allen,CIN,NYG,29.0,ridge_eb,33.54429306108875,-4.5442930610887515
2020_12_LV_ATL,2020,12,2020-11-29 18:00:00+00:00,00-0026143,Matt Ryan,ATL,LV,39.0,ridge_eb,40.98043227263154,-1.980432272631539
2020_12_NYG_CIN,2020,12,2020-11-29 18:00:00+00:00,00-0035710,Daniel Jones,NYG,CIN,27.0,ridge_eb,34.27906108974174,-7.279061089741738
2020_12_LAC_BUF,2020,12,2020-11-29 18:00:00+00:00,00-0034857,Josh Allen,BUF,LAC,24.0,ridge_eb,37.43699461032989,-13.43699461032989
2020_12_ARI_NE,2020,12,2020-11-29 18:00:00+00:00,00-0035228,Kyler Murray,ARI,NE,34.0,ridge_eb,31.776362076200165,2.223637923799835
2020_12_ARI_NE,2020,12,2020-11-29 18:00:00+00:00,00-0027939,Cam Newton,NE,ARI,18.0,ridge_eb,28.55840726028453,-10.558407260284527
2020_12_CAR_MIN,2020,12,2020-11-29 18:00:00+00:00,00-0031237,Teddy Bridgewater,CAR,MIN,36.0,ridge_eb,33.07942123757597,2.9205787624240287
2020_12_LAC_BUF,2020,12,2020-11-29 18:00:00+00:00,00-0036355,Justin Herbert,LAC,BUF,52.0,ridge_eb,37.20103764492544,14.798962355074558
2020_12_CLE_JAX,2020,12,2020-11-29 18:00:00+00:00,00-0034855,Baker Mayfield,CLE,JAX,29.0,ridge_eb,29.907965893752372,-0.9079658937523724
2020_12_CLE_JAX,2020,12,2020-11-29 18:00:00+00:00,00-0030520,Mike Glennon,JAX,CLE,35.0,ridge_eb,26.11967243342454,8.88032756657546
2020_12_CAR_MIN,2020,12,2020-11-29 18:00:00+00:00,00-0029604,Kirk Cousins,MIN,CAR,45.0,ridge_eb,33.27359920814015,11.726400791859852
2020_12_NO_DEN,2020,12,2020-11-29 21:05:00+00:00,00-0035864,Kendall Hinton,DEN,NO,9.0,ridge_eb,29.933457372746105,-20.933457372746105
2020_12_NO_DEN,2020,12,2020-11-29 21:05:00+00:00,00-0033357,Taysom Hill,NO,DEN,16.0,ridge_eb,25.66327923395551,-9.66327923395551
2020_12_SF_LA,2020,12,2020-11-29 21:05:00+00:00,00-0033106,Jared Goff,LA,SF,31.0,ridge_eb,39.119012514501826,-8.119012514501826
2020_12_SF_LA,2020,12,2020-11-29 21:05:00+00:00,00-0033319,Nick Mullens,SF,LA,35.0,ridge_eb,34.59483467949203,0.4051653205079688
2020_12_KC_TB,2020,12,2020-11-29 21:25:00+00:00,00-0019596,Tom Brady,TB,KC,41.0,ridge_eb,39.85904532035052,1.1409546796494825
2020_12_KC_TB,2020,12,2020-11-29 21:25:00+00:00,00-0033873,Patrick Mahomes,KC,TB,49.0,ridge_eb,40.49537152003133,8.504628479968673
2020_12_CHI_GB,2020,12,2020-11-30 01:20:00+00:00,00-0023459,Aaron Rodgers,GB,CHI,29.0,ridge_eb,34.158850419944294,-5.158850419944294
2020_12_CHI_GB,2020,12,2020-11-30 01:20:00+00:00,00-0033869,Mitch Trubisky,CHI,GB,46.0,ridge_eb,33.19389220362673,12.806107796373269
2020_12_SEA_PHI,2020,12,2020-12-01 01:15:00+00:00,00-0032950,Carson Wentz,PHI,SEA,45.0,ridge_eb,38.49195548262096,6.508044517379041
2020_12_SEA_PHI,2020,12,2020-12-01 01:15:00+00:00,00-0029263,Russell Wilson,SEA,PHI,31.0,ridge_eb,36.310237561146536,-5.310237561146536
2020_12_BAL_PIT,2020,12,2020-12-02 20:40:00+00:00,00-0029665,Robert Griffin,BAL,PIT,12.0,ridge_eb,24.17624432330719,-12.176244323307191
2020_12_BAL_PIT,2020,12,2020-12-02 20:40:00+00:00,00-0022924,Ben Roethlisberger,PIT,BAL,51.0,ridge_eb,37.68627077844549,13.31372922155451
2020_13_IND_HOU,2020,13,2020-12-06 18:00:00+00:00,00-0022942,Philip Rivers,IND,HOU,35.0,ridge_eb,38.737672282034914,-3.7376722820349144
2020_13_NO_ATL,2020,13,2020-12-06 18:00:00+00:00,00-0026143,Matt Ryan,ATL,NO,39.0,ridge_eb,40.17366378554787,-1.173663785547873
2020_13_LV_NYJ,2020,13,2020-12-06 18:00:00+00:00,00-0034869,Sam Darnold,NYJ,LV,23.0,ridge_eb,29.266884049668818,-6.266884049668814
2020_13_LV_NYJ,2020,13,2020-12-06 18:00:00+00:00,00-0031280,Derek Carr,LV,NYJ,47.0,ridge_eb,31.18106769136283,15.818932308637166
2020_13_JAX_MIN,2020,13,2020-12-06 18:00:00+00:00,00-0029604,Kirk Cousins,MIN,JAX,43.0,ridge_eb,32.585648954572214,10.414351045427786
2020_13_JAX_MIN,2020,13,2020-12-06 18:00:00+00:00,00-0030520,Mike Glennon,JAX,MIN,42.0,ridge_eb,30.535254167127864,11.464745832872136
2020_13_NO_ATL,2020,13,2020-12-06 18:00:00+00:00,00-0033357,Taysom Hill,NO,ATL,37.0,ridge_eb,27.211235070412087,9.788764929587911
2020_13_IND_HOU,2020,13,2020-12-06 18:00:00+00:00,00-0033537,Deshaun Watson,HOU,IND,38.0,ridge_eb,33.683766077763266,4.316233922236734
2020_13_DET_CHI,2020,13,2020-12-06 18:00:00+00:00,00-0033869,Mitch Trubisky,CHI,DET,34.0,ridge_eb,33.512721595489296,0.4872784045107039
2020_13_CLE_TEN,2020,13,2020-12-06 18:00:00+00:00,00-0029701,Ryan Tannehill,TEN,CLE,45.0,ridge_eb,29.54959796132397,15.450402038676032
2020_13_CLE_TEN,2020,13,2020-12-06 18:00:00+00:00,00-0034855,Baker Mayfield,CLE,TEN,33.0,ridge_eb,29.235614258007985,3.7643857419920153
2020_13_CIN_MIA,2020,13,2020-12-06 18:00:00+00:00,00-0036212,Tua Tagovailoa,MIA,CIN,39.0,ridge_eb,31.223889545992712,7.776110454007288
2020_13_CIN_MIA,2020,13,2020-12-06 18:00:00+00:00,00-0032434,Brandon Allen,CIN,MIA,19.0,ridge_eb,30.946077246921156,-11.946077246921156
2020_13_DET_CHI,2020,13,2020-12-06 18:00:00+00:00,00-0026498,Matthew Stafford,DET,CHI,42.0,ridge_eb,40.40735587245357,1.5926441275464356
2020_13_LA_ARI,2020,13,2020-12-06 21:05:00+00:00,00-0035228,Kyler Murray,ARI,LA,39.0,ridge_eb,33.46436477823181,5.535635221768189
2020_13_LA_ARI,2020,13,2020-12-06 21:05:00+00:00,00-0033106,Jared Goff,LA,ARI,47.0,ridge_eb,37.85391604986109,9.146083950138909
2020_13_NYG_SEA,2020,13,2020-12-06 21:05:00+00:00,00-0027688,Colt McCoy,NYG,SEA,22.0,ridge_eb,32.907107693489,-10.907107693489005
2020_13_NYG_SEA,2020,13,2020-12-06 21:05:00+00:00,00-0029263,Russell Wilson,SEA,NYG,43.0,ridge_eb,37.28868982018107,5.7113101798189305
2020_13_PHI_GB,2020,13,2020-12-06 21:25:00+00:00,00-0032950,Carson Wentz,PHI,GB,15.0,ridge_eb,36.777502263306005,-21.777502263306005
2020_13_PHI_GB,2020,13,2020-12-06 21:25:00+00:00,00-0023459,Aaron Rodgers,GB,PHI,34.0,ridge_eb,34.00702821068413,-0.0070282106841332
2020_13_NE_LAC,2020,13,2020-12-06 21:25:00+00:00,00-0036355,Justin Herbert,LAC,NE,53.0,ridge_eb,39.568031710903654,13.431968289096346
2020_13_NE_LAC,2020,13,2020-12-06 21:25:00+00:00,00-0027939,Cam Newton,NE,LAC,19.0,ridge_eb,26.704558495375824,-7.704558495375824
2020_13_DEN_KC,2020,13,2020-12-07 01:20:00+00:00,00-0035704,Drew Lock,DEN,KC,28.0,ridge_eb,31.22181134637773,-3.2218113463777307
2020_13_DEN_KC,2020,13,2020-12-07 01:20:00+00:00,00-0033873,Patrick Mahomes,KC,DEN,40.0,ridge_eb,38.05798229030656,1.942017709693438
2020_13_WAS_PIT,2020,13,2020-12-07 22:00:00+00:00,00-0022924,Ben Roethlisberger,PIT,WAS,53.0,ridge_eb,41.2692811769824,11.730718823017597
2020_13_WAS_PIT,2020,13,2020-12-07 22:00:00+00:00,00-0023436,Alex Smith,WAS,PIT,46.0,ridge_eb,31.245060077516538,14.754939922483462
2020_13_BUF_SF,2020,13,2020-12-08 01:15:00+00:00,00-0034857,Josh Allen,BUF,SF,40.0,ridge_eb,36.612904771497185,3.3870952285028153
2020_13_BUF_SF,2020,13,2020-12-08 01:15:00+00:00,00-0033319,Nick Mullens,SF,BUF,39.0,ridge_eb,34.87352572509734,4.126474274902662
2020_13_DAL_BAL,2020,13,2020-12-09 01:05:00+00:00,00-0034796,Lamar Jackson,BAL,DAL,17.0,ridge_eb,25.840270810365904,-8.840270810365904
2020_13_DAL_BAL,2020,13,2020-12-09 01:05:00+00:00,00-0027973,Andy Dalton,DAL,BAL,48.0,ridge_eb,33.591410039964046,14.408589960035954
2020_14_NE_LA,2020,14,2020-12-11 01:20:00+00:00,00-0033106,Jared Goff,LA,NE,25.0,ridge_eb,37.59858357106544,-12.59858357106544
2020_14_NE_LA,2020,14,2020-12-11 01:20:00+00:00,00-0027939,Cam Newton,NE,LA,16.0,ridge_eb,25.955918393958697,-9.955918393958694
2020_14_MIN_TB,2020,14,2020-12-13 18:00:00+00:00,00-0029604,Kirk Cousins,MIN,TB,37.0,ridge_eb,35.6601121563792,1.3398878436208008
2020_14_MIN_TB,2020,14,2020-12-13 18:00:00+00:00,00-0019596,Tom Brady,TB,MIN,23.0,ridge_eb,37.97674155478795,-14.97674155478795
2020_14_KC_MIA,2020,14,2020-12-13 18:00:00+00:00,00-0033873,Patrick Mahomes,KC,MIA,34.0,ridge_eb,40.631075694613834,-6.631075694613834
2020_14_TEN_JAX,2020,14,2020-12-13 18:00:00+00:00,00-0029701,Ryan Tannehill,TEN,JAX,24.0,ridge_eb,30.088708351779335,-6.088708351779335
2020_14_TEN_JAX,2020,14,2020-12-13 18:00:00+00:00,00-0030520,Mike Glennon,JAX,TEN,23.0,ridge_eb,32.32350951966368,-9.32350951966368
2020_14_HOU_CHI,2020,14,2020-12-13 18:00:00+00:00,00-0033537,Deshaun Watson,HOU,CHI,30.0,ridge_eb,33.36366588622279,-3.3636658862227904
2020_14_KC_MIA,2020,14,2020-12-13 18:00:00+00:00,00-0036212,Tua Tagovailoa,MIA,KC,48.0,ridge_eb,34.73983071011703,13.260169289882969
2020_14_DEN_CAR,2020,14,2020-12-13 18:00:00+00:00,00-0035704,Drew Lock,DEN,CAR,27.0,ridge_eb,30.507352261590142,-3.507352261590146
2020_14_DEN_CAR,2020,14,2020-12-13 18:00:00+00:00,00-0031237,Teddy Bridgewater,CAR,DEN,40.0,ridge_eb,32.72569893295803,7.274301067041968
2020_14_HOU_CHI,2020,14,2020-12-13 18:00:00+00:00,00-0033869,Mitch Trubisky,CHI,HOU,33.0,ridge_eb,33.99099887783784,-0.9909988778378392
2020_14_DAL_CIN,2020,14,2020-12-13 18:00:00+00:00,00-0027973,Andy Dalton,DAL,CIN,23.0,ridge_eb,34.93730462519801,-11.93730462519801
2020_14_DAL_CIN,2020,14,2020-12-13 18:00:00+00:00,00-0032434,Brandon Allen,CIN,DAL,36.0,ridge_eb,32.327854272662556,3.672145727337444
2020_14_ARI_NYG,2020,14,2020-12-13 18:00:00+00:00,00-0035710,Daniel Jones,NYG,ARI,21.0,ridge_eb,33.52182509864169,-12.521825098641692
2020_14_ARI_NYG,2020,14,2020-12-13 18:00:00+00:00,00-0035228,Kyler Murray,ARI,NYG,35.0,ridge_eb,32.52814801911523,2.4718519808847716
2020_14_IND_LV,2020,14,2020-12-13 21:05:00+00:00,00-0022942,Philip Rivers,IND,LV,28.0,ridge_eb,40.40502918816761,-12.40502918816761
2020_14_IND_LV,2020,14,2020-12-13 21:05:00+00:00,00-0031280,Derek Carr,LV,IND,45.0,ridge_eb,33.91775295935818,11.082247040641818
2020_14_NYJ_SEA,2020,14,2020-12-13 21:05:00+00:00,00-0034869,Sam Darnold,NYJ,SEA,26.0,ridge_eb,31.348501008353903,-5.348501008353903
2020_14_NYJ_SEA,2020,14,2020-12-13 21:05:00+00:00,00-0029263,Russell Wilson,SEA,NYJ,27.0,ridge_eb,37.376956576765835,-10.376956576765837
2020_14_WAS_SF,2020,14,2020-12-13 21:25:00+00:00,00-0023436,Alex Smith,WAS,SF,19.0,ridge_eb,33.66832342085903,-14.668323420859032
2020_14_WAS_SF,2020,14,2020-12-13 21:25:00+00:00,00-0033319,Nick Mullens,SF,WAS,45.0,ridge_eb,33.77007637037328,11.229923629626718
2020_14_NO_PHI,2020,14,2020-12-13 21:25:00+00:00,00-0036389,Jalen Hurts,PHI,NO,30.0,ridge_eb,31.74167266667088,-1.7416726666708795
2020_14_NO_PHI,2020,14,2020-12-13 21:25:00+00:00,00-0033357,Taysom Hill,NO,PHI,38.0,ridge_eb,26.473805664895657,11.526194335104345
2020_14_ATL_LAC,2020,14,2020-12-13 21:25:00+00:00,00-0026143,Matt Ryan,ATL,LAC,32.0,ridge_eb,40.874451038276305,-8.874451038276305
2020_14_GB_DET,2020,14,2020-12-13 21:25:00+00:00,00-0026498,Matthew Stafford,DET,GB,34.0,ridge_eb,36.139811729317636,-2.1398117293176355
2020_14_ATL_LAC,2020,14,2020-12-13 21:25:00+00:00,00-0036355,Justin Herbert,LAC,ATL,44.0,ridge_eb,40.50922441837572,3.490775581624277
2020_14_GB_DET,2020,14,2020-12-13 21:25:00+00:00,00-0023459,Aaron Rodgers,GB,DET,33.0,ridge_eb,36.84464674361298,-3.844646743612977
2020_14_PIT_BUF,2020,14,2020-12-14 01:20:00+00:00,00-0034857,Josh Allen,BUF,PIT,43.0,ridge_eb,37.24517118305195,5.754828816948049
2020_14_PIT_BUF,2020,14,2020-12-14 01:20:00+00:00,00-0022924,Ben Roethlisberger,PIT,BUF,37.0,ridge_eb,42.33513453589105,-5.335134535891051
2020_14_BAL_CLE,2020,14,2020-12-15 01:15:00+00:00,00-0034855,Baker Mayfield,CLE,BAL,47.0,ridge_eb,30.399506801476768,16.600493198523232
2020_14_BAL_CLE,2020,14,2020-12-15 01:15:00+00:00,00-0034796,Lamar Jackson,BAL,CLE,17.0,ridge_eb,22.90113595578624,-5.901135955786238
2020_15_LAC_LV,2020,15,2020-12-18 01:20:00+00:00,00-0031280,Derek Carr,LV,LAC,5.0,ridge_eb,34.78344150644986,-29.78344150644986
2020_15_LAC_LV,2020,15,2020-12-18 01:20:00+00:00,00-0036355,Justin Herbert,LAC,LV,32.0,ridge_eb,39.27855576131034,-7.278555761310344
2020_15_BUF_DEN,2020,15,2020-12-19 21:30:00+00:00,00-0034857,Josh Allen,BUF,DEN,40.0,ridge_eb,36.543329390055526,3.4566706099444744
2020_15_BUF_DEN,2020,15,2020-12-19 21:30:00+00:00,00-0035704,Drew Lock,DEN,BUF,32.0,ridge_eb,30.26077879257492,1.739221207425082
2020_15_CAR_GB,2020,15,2020-12-20 01:15:00+00:00,00-0031237,Teddy Bridgewater,CAR,GB,35.0,ridge_eb,34.4212748549876,0.5787251450123989
2020_15_CAR_GB,2020,15,2020-12-20 01:15:00+00:00,00-0023459,Aaron Rodgers,GB,CAR,29.0,ridge_eb,36.198011580402344,-7.198011580402344
2020_15_TB_ATL,2020,15,2020-12-20 18:00:00+00:00,00-0019596,Tom Brady,TB,ATL,45.0,ridge_eb,37.15092602626027,7.849073973739728
2020_15_TB_ATL,2020,15,2020-12-20 18:00:00+00:00,00-0026143,Matt Ryan,ATL,TB,49.0,ridge_eb,40.606514994322744,8.393485005677256
2020_15_SF_DAL,2020,15,2020-12-20 18:00:00+00:00,00-0033319,Nick Mullens,SF,DAL,36.0,ridge_eb,35.270400104058425,0.7295998959415755
2020_15_SF_DAL,2020,15,2020-12-20 18:00:00+00:00,00-0027973,Andy Dalton,DAL,SF,33.0,ridge_eb,35.06981140019984,-2.069811400199839
2020_15_SEA_WAS,2020,15,2020-12-20 18:00:00+00:00,00-0035232,Dwayne Haskins,WAS,SEA,55.0,ridge_eb,32.98933241050896,22.01066758949104
2020_15_SEA_WAS,2020,15,2020-12-20 18:00:00+00:00,00-0029263,Russell Wilson,SEA,WAS,27.0,ridge_eb,37.73866820886769,-10.738668208867692
2020_15_NE_MIA,2020,15,2020-12-20 18:00:00+00:00,00-0027939,Cam Newton,NE,MIA,27.0,ridge_eb,26.25843624203971,0.7415637579602858
2020_15_NE_MIA,2020,15,2020-12-20 18:00:00+00:00,00-0036212,Tua Tagovailoa,MIA,NE,26.0,ridge_eb,32.33881898589778,-6.338818985897781
2020_15_JAX_BAL,2020,15,2020-12-20 18:00:00+00:00,00-0034796,Lamar Jackson,BAL,JAX,22.0,ridge_eb,25.183053164168864,-3.1830531641688644
2020_15_HOU_IND,2020,15,2020-12-20 18:00:00+00:00,00-0022942,Philip Rivers,IND,HOU,28.0,ridge_eb,39.018217874466984,-11.018217874466984
2020_15_HOU_IND,2020,15,2020-12-20 18:00:00+00:00,00-0033537,Deshaun Watson,HOU,IND,41.0,ridge_eb,35.635764480833735,5.3642355191662645
2020_15_DET_TEN,2020,15,2020-12-20 18:00:00+00:00,00-0029701,Ryan Tannehill,TEN,DET,27.0,ridge_eb,31.455088270058585,-4.455088270058585
2020_15_DET_TEN,2020,15,2020-12-20 18:00:00+00:00,00-0026498,Matthew Stafford,DET,TEN,32.0,ridge_eb,36.149424563766395,-4.149424563766395
2020_15_CHI_MIN,2020,15,2020-12-20 18:00:00+00:00,00-0029604,Kirk Cousins,MIN,CHI,35.0,ridge_eb,35.327079969716905,-0.3270799697169053
2020_15_CHI_MIN,2020,15,2020-12-20 18:00:00+00:00,00-0033869,Mitch Trubisky,CHI,MIN,21.0,ridge_eb,35.61842047253046,-14.61842047253046
2020_15_JAX_BAL,2020,15,2020-12-20 18:00:00+00:00,00-0035289,Gardner Minshew II,JAX,BAL,29.0,ridge_eb,31.62399987624526,-2.6239998762452608
2020_15_PHI_ARI,2020,15,2020-12-20 21:05:00+00:00,00-0036389,Jalen Hurts,PHI,ARI,44.0,ridge_eb,27.69342090884415,16.30657909115585
2020_15_PHI_ARI,2020,15,2020-12-20 21:05:00+00:00,00-0035228,Kyler Murray,ARI,PHI,36.0,ridge_eb,34.50144159372932,1.498558406270682
2020_15_NYJ_LA,2020,15,2020-12-20 21:05:00+00:00,00-0034869,Sam Darnold,NYJ,LA,31.0,ridge_eb,29.758583597194004,1.2414164028059955
2020_15_NYJ_LA,2020,15,2020-12-20 21:05:00+00:00,00-0033106,Jared Goff,LA,NYJ,34.0,ridge_eb,37.2271507493213,-3.2271507493212965
2020_15_KC_NO,2020,15,2020-12-20 21:25:00+00:00,00-0033873,Patrick Mahomes,KC,NO,47.0,ridge_eb,41.77571047197152,5.2242895280284785
2020_15_KC_NO,2020,15,2020-12-20 21:25:00+00:00,00-0020531,Drew Brees,NO,KC,34.0,ridge_eb,39.34613584876834,-5.346135848768341
2020_15_CLE_NYG,2020,15,2020-12-21 01:20:00+00:00,00-0034855,Baker Mayfield,CLE,NYG,32.0,ridge_eb,32.745503991982744,-0.7455039919827442
2020_15_CLE_NYG,2020,15,2020-12-21 01:20:00+00:00,00-0027688,Colt McCoy,NYG,CLE,31.0,ridge_eb,27.836531489414305,3.1634685105856946
2020_15_PIT_CIN,2020,15,2020-12-22 01:15:00+00:00,00-0035652,Ryan Finley,CIN,PIT,13.0,ridge_eb,31.452237647565944,-18.452237647565944
2020_15_PIT_CIN,2020,15,2020-12-22 01:15:00+00:00,00-0022924,Ben Roethlisberger,PIT,CIN,38.0,ridge_eb,41.29934866752359,-3.299348667523589
2020_16_MIN_NO,2020,16,2020-12-25 21:30:00+00:00,00-0029604,Kirk Cousins,MIN,NO,41.0,ridge_eb,33.077745394416695,7.922254605583305
2020_16_MIN_NO,2020,16,2020-12-25 21:30:00+00:00,00-0020531,Drew Brees,NO,MIN,26.0,ridge_eb,35.33860656277229,-9.338606562772291
2020_16_TB_DET,2020,16,2020-12-26 18:00:00+00:00,00-0019596,Tom Brady,TB,DET,27.0,ridge_eb,38.19929473368735,-11.199294733687353
2020_16_TB_DET,2020,16,2020-12-26 18:00:00+00:00,00-0026498,Matthew Stafford,DET,TB,3.0,ridge_eb,40.99739262595511,-37.99739262595511
2020_16_SF_ARI,2020,16,2020-12-26 21:30:00+00:00,00-0035228,Kyler Murray,ARI,SF,50.0,ridge_eb,34.68520510116242,15.314794898837585
2020_16_SF_ARI,2020,16,2020-12-26 21:30:00+00:00,00-0033936,C.J. Beathard,SF,ARI,22.0,ridge_eb,30.510244576004364,-8.510244576004364
2020_16_MIA_LV,2020,16,2020-12-27 01:15:00+00:00,00-0031280,Derek Carr,LV,MIA,34.0,ridge_eb,34.89662452145368,-0.8966245214536812
2020_16_MIA_LV,2020,16,2020-12-27 01:15:00+00:00,00-0036212,Tua Tagovailoa,MIA,LV,22.0,ridge_eb,34.00127460494395,-12.001274604943951
2020_16_NYG_BAL,2020,16,2020-12-27 18:00:00+00:00,00-0035710,Daniel Jones,NYG,BAL,41.0,ridge_eb,28.300632263420276,12.699367736579724
2020_16_NYG_BAL,2020,16,2020-12-27 18:00:00+00:00,00-0034796,Lamar Jackson,BAL,NYG,26.0,ridge_eb,26.926446790722323,-0.9264467907223236
2020_16_IND_PIT,2020,16,2020-12-27 18:00:00+00:00,00-0022924,Ben Roethlisberger,PIT,IND,49.0,ridge_eb,40.95291411368208,8.047085886317916
2020_16_IND_PIT,2020,16,2020-12-27 18:00:00+00:00,00-0022942,Philip Rivers,IND,PIT,34.0,ridge_eb,35.680357590614705,-1.6803575906147046
2020_16_CLE_NYJ,2020,16,2020-12-27 18:00:00+00:00,00-0034855,Baker Mayfield,CLE,NYJ,53.0,ridge_eb,32.34957636938664,20.65042363061336
2020_16_CLE_NYJ,2020,16,2020-12-27 18:00:00+00:00,00-0034869,Sam Darnold,NYJ,CLE,32.0,ridge_eb,31.09012644740015,0.9098735525998514
2020_16_CIN_HOU,2020,16,2020-12-27 18:00:00+00:00,00-0032434,Brandon Allen,CIN,HOU,37.0,ridge_eb,35.163109289887245,1.8368907101127547
2020_16_CHI_JAX,2020,16,2020-12-27 18:00:00+00:00,00-0030520,Mike Glennon,JAX,CHI,37.0,ridge_eb,32.799974447291135,4.2000255527088655
2020_16_CHI_JAX,2020,16,2020-12-27 18:00:00+00:00,00-0033869,Mitch Trubisky,CHI,JAX,35.0,ridge_eb,33.46183479537245,1.5381652046275534
2020_16_ATL_KC,2020,16,2020-12-27 18:00:00+00:00,00-0033873,Patrick Mahomes,KC,ATL,44.0,ridge_eb,44.15502101383851,-0.1550210138385068
2020_16_ATL_KC,2020,16,2020-12-27 18:00:00+00:00,00-0026143,Matt Ryan,ATL,KC,35.0,ridge_eb,39.75201364068663,-4.752013640686627
2020_16_CIN_HOU,2020,16,2020-12-27 18:00:00+00:00,00-0033537,Deshaun Watson,HOU,CIN,33.0,ridge_eb,36.87137010290608,-3.871370102906084
2020_16_CAR_WAS,2020,16,2020-12-27 21:05:00+00:00,00-0031237,Teddy Bridgewater,CAR,WAS,28.0,ridge_eb,35.048207788521246,-7.048207788521246
2020_16_CAR_WAS,2020,16,2020-12-27 21:05:00+00:00,00-0035232,Dwayne Haskins,WAS,CAR,28.0,ridge_eb,33.82960075978702,-5.82960075978702
2020_16_DEN_LAC,2020,16,2020-12-27 21:05:00+00:00,00-0035704,Drew Lock,DEN,LAC,47.0,ridge_eb,32.001337933472826,14.998662066527174
2020_16_DEN_LAC,2020,16,2020-12-27 21:05:00+00:00,00-0036355,Justin Herbert,LAC,DEN,33.0,ridge_eb,38.352624932664106,-5.352624932664106
2020_16_PHI_DAL,2020,16,2020-12-27 21:25:00+00:00,00-0036389,Jalen Hurts,PHI,DAL,39.0,ridge_eb,31.025928507577312,7.974071492422688
2020_16_PHI_DAL,2020,16,2020-12-27 21:25:00+00:00,00-0027973,Andy Dalton,DAL,PHI,30.0,ridge_eb,34.356820607455724,-4.356820607455724
2020_16_LA_SEA,2020,16,2020-12-27 21:25:00+00:00,00-0029263,Russell Wilson,SEA,LA,32.0,ridge_eb,35.38988403688988,-3.3898840368898817
2020_16_LA_SEA,2020,16,2020-12-27 21:25:00+00:00,00-0033106,Jared Goff,LA,SEA,43.0,ridge_eb,36.71634025711232,6.283659742887679
2020_16_TEN_GB,2020,16,2020-12-28 01:20:00+00:00,00-0023459,Aaron Rodgers,GB,TEN,25.0,ridge_eb,35.00279265146479,-10.002792651464787
2020_16_TEN_GB,2020,16,2020-12-28 01:20:00+00:00,00-0029701,Ryan Tannehill,TEN,GB,24.0,ridge_eb,31.75458227491274,-7.754582274912739
2020_16_BUF_NE,2020,16,2020-12-29 01:15:00+00:00,00-0034857,Josh Allen,BUF,NE,36.0,ridge_eb,37.49712499557406,-1.4971249955740618
2020_16_BUF_NE,2020,16,2020-12-29 01:15:00+00:00,00-0027939,Cam Newton,NE,BUF,10.0,ridge_eb,25.623316912429416,-15.623316912429416
2020_17_MIN_DET,2020,17,2021-01-03 18:00:00+00:00,00-0026498,Matthew Stafford,DET,MIN,31.0,ridge_eb,37.18596210717322,-6.185962107173218
2020_17_PIT_CLE,2020,17,2021-01-03 18:00:00+00:00,00-0034771,Mason Rudolph,PIT,CLE,39.0,ridge_eb,35.193155034194135,3.8068449658058654
2020_17_PIT_CLE,2020,17,2021-01-03 18:00:00+00:00,00-0034855,Baker Mayfield,CLE,PIT,27.0,ridge_eb,33.629586486410275,-6.629586486410275
2020_17_NYJ_NE,2020,17,2021-01-03 18:00:00+00:00,00-0034869,Sam Darnold,NYJ,NE,34.0,ridge_eb,32.555415544015936,1.4445844559840637
2020_17_NYJ_NE,2020,17,2021-01-03 18:00:00+00:00,00-0027939,Cam Newton,NE,NYJ,30.0,ridge_eb,22.97104434691351,7.028955653086491
2020_17_MIA_BUF,2020,17,2021-01-03 18:00:00+00:00,00-0036212,Tua Tagovailoa,MIA,BUF,58.0,ridge_eb,32.88943970341748,25.11056029658252
2020_17_MIN_DET,2020,17,2021-01-03 18:00:00+00:00,00-0029604,Kirk Cousins,MIN,DET,40.0,ridge_eb,34.83082321030059,5.1691767896994065
2020_17_DAL_NYG,2020,17,2021-01-03 18:00:00+00:00,00-0035710,Daniel Jones,NYG,DAL,25.0,ridge_eb,28.68394201124302,-3.683942011243019
2020_17_ATL_TB,2020,17,2021-01-03 18:00:00+00:00,00-0026143,Matt Ryan,ATL,TB,44.0,ridge_eb,39.372319167230195,4.627680832769805
2020_17_ATL_TB,2020,17,2021-01-03 18:00:00+00:00,00-0019596,Tom Brady,TB,ATL,41.0,ridge_eb,40.59536649118268,0.4046335088173194
2020_17_BAL_CIN,2020,17,2021-01-03 18:00:00+00:00,00-0034796,Lamar Jackson,BAL,CIN,18.0,ridge_eb,25.539598771270786,-7.539598771270782
2020_17_MIA_BUF,2020,17,2021-01-03 18:00:00+00:00,00-0034857,Josh Allen,BUF,MIA,25.0,ridge_eb,39.176167982682955,-14.176167982682957
2020_17_DAL_NYG,2020,17,2021-01-03 18:00:00+00:00,00-0027973,Andy Dalton,DAL,NYG,47.0,ridge_eb,33.592330620871856,13.407669379128144
2020_17_BAL_CIN,2020,17,2021-01-03 18:00:00+00:00,00-0032434,Brandon Allen,CIN,BAL,21.0,ridge_eb,32.15773705230713,-11.157737052307128
2020_17_LAC_KC,2020,17,2021-01-03 21:25:00+00:00,00-0036355,Justin Herbert,LAC,KC,31.0,ridge_eb,37.65106515650818,-6.6510651565081815
2020_17_SEA_SF,2020,17,2021-01-03 21:25:00+00:00,00-0033936,C.J. Beathard,SF,SEA,37.0,ridge_eb,30.50006647200112,6.499933527998881
2020_17_SEA_SF,2020,17,2021-01-03 21:25:00+00:00,00-0029263,Russell Wilson,SEA,SF,36.0,ridge_eb,36.90201032913959,-0.9020103291395928
2020_17_NO_CAR,2020,17,2021-01-03 21:25:00+00:00,00-0020531,Drew Brees,NO,CAR,32.0,ridge_eb,35.43014216376418,-3.430142163764181
2020_17_NO_CAR,2020,17,2021-01-03 21:25:00+00:00,00-0031237,Teddy Bridgewater,CAR,NO,23.0,ridge_eb,32.70600399524422,-9.706003995244217
2020_17_LV_DEN,2020,17,2021-01-03 21:25:00+00:00,00-0031280,Derek Carr,LV,DEN,38.0,ridge_eb,32.72691541128167,5.2730845887183335
2020_17_LV_DEN,2020,17,2021-01-03 21:25:00+00:00,00-0035704,Drew Lock,DEN,LV,41.0,ridge_eb,31.026571819114928,9.973428180885072
2020_17_LAC_KC,2020,17,2021-01-03 21:25:00+00:00,00-0026197,Chad Henne,KC,LAC,32.0,ridge_eb,38.70923647211626,-6.70923647211626
2020_17_JAX_IND,2020,17,2021-01-03 21:25:00+00:00,00-0030520,Mike Glennon,JAX,IND,42.0,ridge_eb,34.238134407069765,7.761865592930235
2020_17_JAX_IND,2020,17,2021-01-03 21:25:00+00:00,00-0022942,Philip Rivers,IND,JAX,27.0,ridge_eb,37.096998009493454,-10.096998009493454
2020_17_GB_CHI,2020,17,2021-01-03 21:25:00+00:00,00-0023459,Aaron Rodgers,GB,CHI,24.0,ridge_eb,34.98598720187954,-10.98598720187954
2020_17_GB_CHI,2020,17,2021-01-03 21:25:00+00:00,00-0033869,Mitch Trubisky,CHI,GB,42.0,ridge_eb,35.21771931184806,6.782280688151943
2020_17_ARI_LA,2020,17,2021-01-03 21:25:00+00:00,00-0034899,John Wolford,LA,ARI,38.0,ridge_eb,33.554583421678686,4.445416578321314
2020_17_ARI_LA,2020,17,2021-01-03 21:25:00+00:00,00-0035752,Kyler Murray,ARI,LA,16.0,ridge_eb,34.0848431046562,-18.0848431046562
2020_17_TEN_HOU,2020,17,2021-01-03 21:25:00+00:00,00-0033537,Deshaun Watson,HOU,TEN,39.0,ridge_eb,35.43280514729331,3.5671948527066917
2020_17_TEN_HOU,2020,17,2021-01-03 21:25:00+00:00,00-0029701,Ryan Tannehill,TEN,HOU,27.0,ridge_eb,32.48759999104635,-5.487599991046352
2020_17_WAS_PHI,2020,17,2021-01-04 01:20:00+00:00,00-0036389,Jalen Hurts,PHI,WAS,20.0,ridge_eb,30.37414519026662,-10.37414519026662
2020_17_WAS_PHI,2020,17,2021-01-04 01:20:00+00:00,00-0023436,Alex Smith,WAS,PHI,32.0,ridge_eb,31.515516040362257,0.4844839596377426
2021_01_DAL_TB,2021,1,2021-09-10 00:20:00+00:00,00-0019596,Tom Brady,TB,DAL,50.0,ridge_eb,37.33444256955547,12.66555743044453
2021_01_DAL_TB,2021,1,2021-09-10 00:20:00+00:00,00-0033077,Dak Prescott,DAL,TB,58.0,ridge_eb,38.157720394235675,19.842279605764325
2021_01_NYJ_CAR,2021,1,2021-09-12 17:00:00+00:00,00-0037013,Zach Wilson,NYJ,CAR,37.0,ridge_eb,35.8558226213549,1.1441773786450966
2021_01_SEA_IND,2021,1,2021-09-12 17:00:00+00:00,00-0029263,Russell Wilson,SEA,IND,23.0,ridge_eb,37.42259676180746,-14.422596761807462
2021_01_SEA_IND,2021,1,2021-09-12 17:00:00+00:00,00-0032950,Carson Wentz,IND,SEA,38.0,ridge_eb,32.373057142674114,5.626942857325886
2021_01_PIT_BUF,2021,1,2021-09-12 17:00:00+00:00,00-0022924,Ben Roethlisberger,PIT,BUF,32.0,ridge_eb,41.33445511545714,-9.33445511545714
2021_01_PIT_BUF,2021,1,2021-09-12 17:00:00+00:00,00-0034857,Josh Allen,BUF,PIT,51.0,ridge_eb,37.007588624194085,13.992411375805917
2021_01_PHI_ATL,2021,1,2021-09-12 17:00:00+00:00,00-0036389,Jalen Hurts,PHI,ATL,35.0,ridge_eb,40.88499956751396,-5.884999567513958
2021_01_PHI_ATL,2021,1,2021-09-12 17:00:00+00:00,00-0026143,Matt Ryan,ATL,PHI,35.0,ridge_eb,37.99130432081996,-2.991304320819957
2021_01_SF_DET,2021,1,2021-09-12 17:00:00+00:00,00-0033106,Jared Goff,DET,SF,57.0,ridge_eb,35.22451783440622,21.77548216559378
2021_01_NYJ_CAR,2021,1,2021-09-12 17:00:00+00:00,00-0034869,Sam Darnold,CAR,NYJ,35.0,ridge_eb,30.81043106990454,4.1895689300954615
2021_01_MIN_CIN,2021,1,2021-09-12 17:00:00+00:00,00-0036442,Joe Burrow,CIN,MIN,27.0,ridge_eb,34.35924678788564,-7.359246787885638
2021_01_LAC_WAS,2021,1,2021-09-12 17:00:00+00:00,00-0023682,Ryan Fitzpatrick,WAS,LAC,6.0,ridge_eb,33.33682916156336,-27.33682916156336
2021_01_LAC_WAS,2021,1,2021-09-12 17:00:00+00:00,00-0036355,Justin Herbert,LAC,WAS,47.0,ridge_eb,40.19761501812099,6.802384981879008
2021_01_JAX_HOU,2021,1,2021-09-12 17:00:00+00:00,00-0036971,Trevor Lawrence,JAX,HOU,51.0,ridge_eb,39.76934431034491,11.230655689655087
2021_01_JAX_HOU,2021,1,2021-09-12 17:00:00+00:00,00-0028118,Tyrod Taylor,HOU,JAX,33.0,ridge_eb,36.464955768917875,-3.464955768917875
2021_01_ARI_TEN,2021,1,2021-09-12 17:00:00+00:00,00-0029701,Ryan Tannehill,TEN,ARI,35.0,ridge_eb,28.95219054034861,6.04780945965139
2021_01_ARI_TEN,2021,1,2021-09-12 17:00:00+00:00,00-0035228,Kyler Murray,ARI,TEN,32.0,ridge_eb,36.08857680610785,-4.088576806107852
2021_01_MIN_CIN,2021,1,2021-09-12 17:00:00+00:00,00-0029604,Kirk Cousins,MIN,CIN,49.0,ridge_eb,33.71279033598051,15.287209664019493
2021_01_SF_DET,2021,1,2021-09-12 17:00:00+00:00,00-0031345,Jimmy Garoppolo,SF,DET,25.0,ridge_eb,34.505999661605316,-9.505999661605316
2021_01_GB_NO,2021,1,2021-09-12 20:25:00+00:00,00-0031503,Jameis Winston,NO,GB,20.0,ridge_eb,32.520609584260505,-12.520609584260503
2021_01_MIA_NE,2021,1,2021-09-12 20:25:00+00:00,00-0036212,Tua Tagovailoa,MIA,NE,27.0,ridge_eb,36.75889836172308,-9.758898361723077
2021_01_MIA_NE,2021,1,2021-09-12 20:25:00+00:00,00-0036972,Mac Jones,NE,MIA,39.0,ridge_eb,25.48789673079004,13.51210326920996
2021_01_GB_NO,2021,1,2021-09-12 20:25:00+00:00,00-0023459,Aaron Rodgers,GB,NO,28.0,ridge_eb,31.65698728263382,-3.656987282633821
2021_01_DEN_NYG,2021,1,2021-09-12 20:25:00+00:00,00-0031237,Teddy Bridgewater,DEN,NYG,36.0,ridge_eb,30.631599361573144,5.368400638426856
2021_01_CLE_KC,2021,1,2021-09-12 20:25:00+00:00,00-0033873,Patrick Mahomes,KC,CLE,36.0,ridge_eb,37.900265799441165,-1.900265799441165
2021_01_CLE_KC,2021,1,2021-09-12 20:25:00+00:00,00-0034855,Baker Mayfield,CLE,KC,28.0,ridge_eb,33.72212306785757,-5.7221230678575665
2021_01_DEN_NYG,2021,1,2021-09-12 20:25:00+00:00,00-0035710,Daniel Jones,NYG,DEN,37.0,ridge_eb,29.04475609668932,7.955243903310681
2021_01_CHI_LA,2021,1,2021-09-13 00:20:00+00:00,00-0027973,Andy Dalton,CHI,LA,38.0,ridge_eb,31.500571399230367,6.499428600769633
2021_01_CHI_LA,2021,1,2021-09-13 00:20:00+00:00,00-0026498,Matthew Stafford,LA,CHI,26.0,ridge_eb,35.100378530430945,-9.100378530430945
2021_01_BAL_LV,2021,1,2021-09-14 00:15:00+00:00,00-0034796,Lamar Jackson,BAL,LV,30.0,ridge_eb,26.188203734441995,3.811796265558005
2021_01_BAL_LV,2021,1,2021-09-14 00:15:00+00:00,00-0031280,Derek Carr,LV,BAL,56.0,ridge_eb,34.02562417984146,21.974375820158546
2021_02_NYG_WAS,2021,2,2021-09-17 00:20:00+00:00,00-0031800,Taylor Heinicke,WAS,NYG,46.0,ridge_eb,33.780079854412634,12.219920145587366
2021_02_NYG_WAS,2021,2,2021-09-17 00:20:00+00:00,00-0035710,Daniel Jones,NYG,WAS,32.0,ridge_eb,29.516814218690342,2.483185781309654
2021_02_SF_PHI,2021,2,2021-09-19 17:00:00+00:00,00-0036389,Jalen Hurts,PHI,SF,23.0,ridge_eb,34.329957802480145,-11.329957802480145
2021_02_NO_CAR,2021,2,2021-09-19 17:00:00+00:00,00-0031503,Jameis Winston,NO,CAR,22.0,ridge_eb,31.516768508520112,-9.516768508520112
2021_02_SF_PHI,2021,2,2021-09-19 17:00:00+00:00,00-0031345,Jimmy Garoppolo,SF,PHI,30.0,ridge_eb,31.523954148550864,-1.523954148550864
2021_02_NE_NYJ,2021,2,2021-09-19 17:00:00+00:00,00-0037013,Zach Wilson,NYJ,NE,33.0,ridge_eb,32.46899631986206,0.5310036801379425
2021_02_NE_NYJ,2021,2,2021-09-19 17:00:00+00:00,00-0036972,Mac Jones,NE,NYJ,30.0,ridge_eb,31.345704724442356,-1.3457047244423563
2021_02_LV_PIT,2021,2,2021-09-19 17:00:00+00:00,00-0022924,Ben Roethlisberger,PIT,LV,40.0,ridge_eb,40.043221692077346,-0.0432216920773456
2021_02_LV_PIT,2021,2,2021-09-19 17:00:00+00:00,00-0031280,Derek Carr,LV,PIT,37.0,ridge_eb,34.72590308207168,2.2740969179283184
2021_02_LA_IND,2021,2,2021-09-19 17:00:00+00:00,00-0026498,Matthew Stafford,LA,IND,30.0,ridge_eb,36.86770016385864,-6.867700163858636
2021_02_NO_CAR,2021,2,2021-09-19 17:00:00+00:00,00-0034869,Sam Darnold,CAR,NO,38.0,ridge_eb,32.66350551566879,5.336494484331212
2021_02_HOU_CLE,2021,2,2021-09-19 17:00:00+00:00,00-0028118,Tyrod Taylor,HOU,CLE,11.0,ridge_eb,34.01693380683548,-23.01693380683548
2021_02_HOU_CLE,2021,2,2021-09-19 17:00:00+00:00,00-0034855,Baker Mayfield,CLE,HOU,21.0,ridge_eb,30.91047236315516,-9.91047236315516
2021_02_DEN_JAX,2021,2,2021-09-19 17:00:00+00:00,00-0036971,Trevor Lawrence,JAX,DEN,33.0,ridge_eb,37.14241516498843,-4.142415164988428
2021_02_DEN_JAX,2021,2,2021-09-19 17:00:00+00:00,00-0031237,Teddy Bridgewater,DEN,JAX,34.0,ridge_eb,31.192271425850077,2.807728574149923
2021_02_CIN_CHI,2021,2,2021-09-19 17:00:00+00:00,00-0036442,Joe Burrow,CIN,CHI,30.0,ridge_eb,36.571426497549666,-6.571426497549666
2021_02_CIN_CHI,2021,2,2021-09-19 17:00:00+00:00,00-0027973,Andy Dalton,CHI,CIN,11.0,ridge_eb,31.654172929692184,-20.654172929692184
2021_02_BUF_MIA,2021,2,2021-09-19 17:00:00+00:00,00-0036212,Tua Tagovailoa,MIA,BUF,4.0,ridge_eb,35.02493275859279,-31.02493275859279
2021_02_BUF_MIA,2021,2,2021-09-19 17:00:00+00:00,00-0034857,Josh Allen,BUF,MIA,33.0,ridge_eb,39.14931355617577,-6.14931355617577
2021_02_LA_IND,2021,2,2021-09-19 17:00:00+00:00,00-0032950,Carson Wentz,IND,LA,31.0,ridge_eb,33.60836696279326,-2.608366962793262
2021_02_ATL_TB,2021,2,2021-09-19 20:05:00+00:00,00-0026143,Matt Ryan,ATL,TB,46.0,ridge_eb,34.3117383321141,11.688261667885897
2021_02_ATL_TB,2021,2,2021-09-19 20:05:00+00:00,00-0019596,Tom Brady,TB,ATL,36.0,ridge_eb,40.08661499900723,-4.086614999007232
2021_02_MIN_ARI,2021,2,2021-09-19 20:05:00+00:00,00-0035228,Kyler Murray,ARI,MIN,36.0,ridge_eb,36.5582679540754,-0.5582679540753972
2021_02_MIN_ARI,2021,2,2021-09-19 20:05:00+00:00,00-0029604,Kirk Cousins,MIN,ARI,32.0,ridge_eb,36.302251273320394,-4.302251273320394
2021_02_TEN_SEA,2021,2,2021-09-19 20:25:00+00:00,00-0029701,Ryan Tannehill,TEN,SEA,40.0,ridge_eb,29.701037053372342,10.298962946627654
2021_02_TEN_SEA,2021,2,2021-09-19 20:25:00+00:00,00-0029263,Russell Wilson,SEA,TEN,31.0,ridge_eb,34.25177317273666,-3.2517731727366623
2021_02_DAL_LAC,2021,2,2021-09-19 20:25:00+00:00,00-0033077,Dak Prescott,DAL,LAC,27.0,ridge_eb,43.5013160877671,-16.5013160877671
2021_02_DAL_LAC,2021,2,2021-09-19 20:25:00+00:00,00-0036355,Justin Herbert,LAC,DAL,41.0,ridge_eb,38.34560167540067,2.6543983245993275
2021_02_KC_BAL,2021,2,2021-09-20 00:20:00+00:00,00-0034796,Lamar Jackson,BAL,KC,26.0,ridge_eb,27.50697211651876,-1.5069721165187602
2021_02_KC_BAL,2021,2,2021-09-20 00:20:00+00:00,00-0033873,Patrick Mahomes,KC,BAL,31.0,ridge_eb,37.8730406486855,-6.873040648685503
2021_02_DET_GB,2021,2,2021-09-21 00:15:00+00:00,00-0033106,Jared Goff,DET,GB,36.0,ridge_eb,33.75418896528661,2.245811034713391
2021_02_DET_GB,2021,2,2021-09-21 00:15:00+00:00,00-0023459,Aaron Rodgers,GB,DET,27.0,ridge_eb,31.305056839854966,-4.3050568398549665
2021_03_CAR_HOU,2021,3,2021-09-24 00:20:00+00:00,00-0034869,Sam Darnold,CAR,HOU,34.0,ridge_eb,35.27403352850413,-1.2740335285041269
2021_03_CAR_HOU,2021,3,2021-09-24 00:20:00+00:00,00-0036898,Davis Mills,HOU,CAR,28.0,ridge_eb,31.52627746461233,-3.526277464612331
2021_03_IND_TEN,2021,3,2021-09-26 17:00:00+00:00,00-0032950,Carson Wentz,IND,TEN,37.0,ridge_eb,31.78255553690998,5.217444463090018
2021_03_WAS_BUF,2021,3,2021-09-26 17:00:00+00:00,00-0034857,Josh Allen,BUF,WAS,43.0,ridge_eb,38.722006704836616,4.277993295163384
2021_03_NO_NE,2021,3,2021-09-26 17:00:00+00:00,00-0031503,Jameis Winston,NO,NE,21.0,ridge_eb,30.249767387784704,-9.249767387784704
2021_03_WAS_BUF,2021,3,2021-09-26 17:00:00+00:00,00-0031800,Taylor Heinicke,WAS,BUF,24.0,ridge_eb,35.44674032143193,-11.446740321431932
2021_03_LAC_KC,2021,3,2021-09-26 17:00:00+00:00,00-0036355,Justin Herbert,LAC,KC,38.0,ridge_eb,36.84784353554928,1.1521564644507194
2021_03_LAC_KC,2021,3,2021-09-26 17:00:00+00:00,00-0033873,Patrick Mahomes,KC,LAC,44.0,ridge_eb,36.98376368755443,7.016236312445564
2021_03_IND_TEN,2021,3,2021-09-26 17:00:00+00:00,00-0029701,Ryan Tannehill,TEN,IND,27.0,ridge_eb,30.741332177234504,-3.741332177234504
2021_03_CIN_PIT,2021,3,2021-09-26 17:00:00+00:00,00-0022924,Ben Roethlisberger,PIT,CIN,58.0,ridge_eb,39.250111570379495,18.749888429620505
2021_03_NO_NE,2021,3,2021-09-26 17:00:00+00:00,00-0036972,Mac Jones,NE,NO,51.0,ridge_eb,31.422785882025504,19.577214117974496
2021_03_CHI_CLE,2021,3,2021-09-26 17:00:00+00:00,00-0034855,Baker Mayfield,CLE,CHI,31.0,ridge_eb,30.59957802499187,0.400421975008129
2021_03_CHI_CLE,2021,3,2021-09-26 17:00:00+00:00,00-0036945,Justin Fields,CHI,CLE,20.0,ridge_eb,31.567092618010523,-11.567092618010523
2021_03_BAL_DET,2021,3,2021-09-26 17:00:00+00:00,00-0033106,Jared Goff,DET,BAL,30.0,ridge_eb,33.94497138032398,-3.9449713803239774
2021_03_BAL_DET,2021,3,2021-09-26 17:00:00+00:00,00-0034796,Lamar Jackson,BAL,DET,31.0,ridge_eb,29.15608736782295,1.8439126321770516
2021_03_ATL_NYG,2021,3,2021-09-26 17:00:00+00:00,00-0035710,Daniel Jones,NYG,ATL,35.0,ridge_eb,33.33128989776037,1.6687101022396291
2021_03_ATL_NYG,2021,3,2021-09-26 17:00:00+00:00,00-0026143,Matt Ryan,ATL,NYG,36.0,ridge_eb,36.14006393955302,-0.1400639395530234
2021_03_ARI_JAX,2021,3,2021-09-26 17:00:00+00:00,00-0036971,Trevor Lawrence,JAX,ARI,34.0,ridge_eb,35.30915461367071,-1.3091546136707066
2021_03_ARI_JAX,2021,3,2021-09-26 17:00:00+00:00,00-0035228,Kyler Murray,ARI,JAX,34.0,ridge_eb,36.47055991922079,-2.47055991922079
2021_03_CIN_PIT,2021,3,2021-09-26 17:00:00+00:00,00-0036442,Joe Burrow,CIN,PIT,18.0,ridge_eb,35.44880145936995,-17.448801459369953
2021_03_NYJ_DEN,2021,3,2021-09-26 20:05:00+00:00,00-0037013,Zach Wilson,NYJ,DEN,35.0,ridge_eb,31.28368333750295,3.71631666249705
2021_03_NYJ_DEN,2021,3,2021-09-26 20:05:00+00:00,00-0031237,Teddy Bridgewater,DEN,NYJ,25.0,ridge_eb,32.27209443658287,-7.272094436582869
2021_03_MIA_LV,2021,3,2021-09-26 20:05:00+00:00,00-0033119,Jacoby Brissett,MIA,LV,49.0,ridge_eb,35.27424745960926,13.725752540390737
2021_03_MIA_LV,2021,3,2021-09-26 20:05:00+00:00,00-0031280,Derek Carr,LV,MIA,43.0,ridge_eb,36.83546183176816,6.164538168231843
2021_03_SEA_MIN,2021,3,2021-09-26 20:25:00+00:00,00-0029604,Kirk Cousins,MIN,SEA,38.0,ridge_eb,35.698924661885094,2.301075338114906
2021_03_SEA_MIN,2021,3,2021-09-26 20:25:00+00:00,00-0029263,Russell Wilson,SEA,MIN,32.0,ridge_eb,35.45193429553653,-3.4519342955365317
2021_03_TB_LA,2021,3,2021-09-26 20:25:00+00:00,00-0026498,Matthew Stafford,LA,TB,38.0,ridge_eb,38.296791306237466,-0.2967913062374663
2021_03_TB_LA,2021,3,2021-09-26 20:25:00+00:00,00-0019596,Tom Brady,TB,LA,55.0,ridge_eb,43.0419085041964,11.9580914958036
2021_03_GB_SF,2021,3,2021-09-27 00:20:00+00:00,00-0023459,Aaron Rodgers,GB,SF,33.0,ridge_eb,32.4647462649535,0.5352537350465028
2021_03_GB_SF,2021,3,2021-09-27 00:20:00+00:00,00-0031345,Jimmy Garoppolo,SF,GB,40.0,ridge_eb,33.56648534706452,6.433514652935479
2021_03_PHI_DAL,2021,3,2021-09-28 00:15:00+00:00,00-0033077,Dak Prescott,DAL,PHI,26.0,ridge_eb,37.6386547845542,-11.638654784554198
2021_03_PHI_DAL,2021,3,2021-09-28 00:15:00+00:00,00-0036389,Jalen Hurts,PHI,DAL,39.0,ridge_eb,32.35934600371906,6.640653996280939
2021_04_JAX_CIN,2021,4,2021-10-01 00:20:00+00:00,00-0036971,Trevor Lawrence,JAX,CIN,24.0,ridge_eb,33.15204962218516,-9.15204962218516
2021_04_JAX_CIN,2021,4,2021-10-01 00:20:00+00:00,00-0036442,Joe Burrow,CIN,JAX,32.0,ridge_eb,32.00617855675181,-0.0061785567518128
2021_04_KC_PHI,2021,4,2021-10-03 17:00:00+00:00,00-0033873,Patrick Mahomes,KC,PHI,30.0,ridge_eb,37.099056727221274,-7.099056727221274
2021_04_WAS_ATL,2021,4,2021-10-03 17:00:00+00:00,00-0026143,Matt Ryan,ATL,WAS,42.0,ridge_eb,35.206750584288244,6.793249415711756
2021_04_TEN_NYJ,2021,4,2021-10-03 17:00:00+00:00,00-0029701,Ryan Tannehill,TEN,NYJ,49.0,ridge_eb,30.53551568722044,18.46448431277956
2021_04_TEN_NYJ,2021,4,2021-10-03 17:00:00+00:00,00-0037013,Zach Wilson,NYJ,TEN,34.0,ridge_eb,31.129733554677973,2.8702664453220272
2021_04_NYG_NO,2021,4,2021-10-03 17:00:00+00:00,00-0035710,Daniel Jones,NYG,NO,40.0,ridge_eb,32.862466106817976,7.137533893182024
2021_04_NYG_NO,2021,4,2021-10-03 17:00:00+00:00,00-0031503,Jameis Winston,NO,NYG,23.0,ridge_eb,31.5972492908616,-8.597249290861601
2021_04_KC_PHI,2021,4,2021-10-03 17:00:00+00:00,00-0036389,Jalen Hurts,PHI,KC,48.0,ridge_eb,31.98383334195715,16.01616665804285
2021_04_IND_MIA,2021,4,2021-10-03 17:00:00+00:00,00-0033119,Jacoby Brissett,MIA,IND,30.0,ridge_eb,35.689776931739125,-5.689776931739125
2021_04_IND_MIA,2021,4,2021-10-03 17:00:00+00:00,00-0032950,Carson Wentz,IND,MIA,32.0,ridge_eb,31.64190751002317,0.3580924899768298
2021_04_HOU_BUF,2021,4,2021-10-03 17:00:00+00:00,00-0036898,Davis Mills,HOU,BUF,21.0,ridge_eb,27.157811654119065,-6.157811654119065
2021_04_HOU_BUF,2021,4,2021-10-03 17:00:00+00:00,00-0034857,Josh Allen,BUF,HOU,30.0,ridge_eb,38.63674215088679,-8.63674215088679
2021_04_DET_CHI,2021,4,2021-10-03 17:00:00+00:00,00-0033106,Jared Goff,DET,CHI,38.0,ridge_eb,32.708540409203366,5.291459590796634
2021_04_DET_CHI,2021,4,2021-10-03 17:00:00+00:00,00-0036945,Justin Fields,CHI,DET,17.0,ridge_eb,26.18389130317984,-9.18389130317984
2021_04_CLE_MIN,2021,4,2021-10-03 17:00:00+00:00,00-0029604,Kirk Cousins,MIN,CLE,38.0,ridge_eb,36.66026951453352,1.3397304854664824
2021_04_CLE_MIN,2021,4,2021-10-03 17:00:00+00:00,00-0034855,Baker Mayfield,CLE,MIN,33.0,ridge_eb,34.44905718644037,-1.4490571864403703
2021_04_CAR_DAL,2021,4,2021-10-03 17:00:00+00:00,00-0033077,Dak Prescott,DAL,CAR,22.0,ridge_eb,40.326587227816844,-18.326587227816844
2021_04_CAR_DAL,2021,4,2021-10-03 17:00:00+00:00,00-0034869,Sam Darnold,CAR,DAL,39.0,ridge_eb,37.97769126277728,1.0223087372227155
2021_04_WAS_ATL,2021,4,2021-10-03 17:00:00+00:00,00-0031800,Taylor Heinicke,WAS,ATL,33.0,ridge_eb,35.30887317659625,-2.3088731765962507
2021_04_SEA_SF,2021,4,2021-10-03 20:05:00+00:00,00-0029263,Russell Wilson,SEA,SF,23.0,ridge_eb,32.99043473305355,-9.990434733053547
2021_04_SEA_SF,2021,4,2021-10-03 20:05:00+00:00,00-0031345,Jimmy Garoppolo,SF,SEA,23.0,ridge_eb,32.95265327538078,-9.952653275380785
2021_04_ARI_LA,2021,4,2021-10-03 20:05:00+00:00,00-0035228,Kyler Murray,ARI,LA,32.0,ridge_eb,38.9673249599321,-6.9673249599321
2021_04_ARI_LA,2021,4,2021-10-03 20:05:00+00:00,00-0026498,Matthew Stafford,LA,ARI,41.0,ridge_eb,36.329863155323835,4.670136844676165
2021_04_PIT_GB,2021,4,2021-10-03 20:25:00+00:00,00-0022924,Ben Roethlisberger,PIT,GB,40.0,ridge_eb,41.733962531533855,-1.7339625315338552
2021_04_PIT_GB,2021,4,2021-10-03 20:25:00+00:00,00-0023459,Aaron Rodgers,GB,PIT,36.0,ridge_eb,32.59757821034093,3.4024217896590727
2021_04_BAL_DEN,2021,4,2021-10-03 20:25:00+00:00,00-0034796,Lamar Jackson,BAL,DEN,37.0,ridge_eb,27.463717460669244,9.536282539330756
2021_04_BAL_DEN,2021,4,2021-10-03 20:25:00+00:00,00-0031237,Teddy Bridgewater,DEN,BAL,16.0,ridge_eb,33.289346055163556,-17.289346055163556
2021_04_TB_NE,2021,4,2021-10-04 00:20:00+00:00,00-0036972,Mac Jones,NE,TB,40.0,ridge_eb,35.067805299545384,4.932194700454616
2021_04_TB_NE,2021,4,2021-10-04 00:20:00+00:00,00-0019596,Tom Brady,TB,NE,43.0,ridge_eb,40.52197856050757,2.47802143949243
2021_04_LV_LAC,2021,4,2021-10-05 00:15:00+00:00,00-0036355,Justin Herbert,LAC,LV,38.0,ridge_eb,36.713410511122646,1.286589488877354
2021_04_LV_LAC,2021,4,2021-10-05 00:15:00+00:00,00-0031280,Derek Carr,LV,LAC,34.0,ridge_eb,40.13651937023147,-6.136519370231468
2021_05_LA_SEA,2021,5,2021-10-08 00:20:00+00:00,00-0026498,Matthew Stafford,LA,SEA,37.0,ridge_eb,35.310147994381474,1.6898520056185262
2021_05_LA_SEA,2021,5,2021-10-08 00:20:00+00:00,00-0029263,Russell Wilson,SEA,LA,16.0,ridge_eb,33.140192522304005,-17.140192522304005
2021_05_NYJ_ATL,2021,5,2021-10-10 13:30:00+00:00,00-0026143,Matt Ryan,ATL,NYJ,45.0,ridge_eb,34.68954520240431,10.310454797595687
2021_05_NYJ_ATL,2021,5,2021-10-10 13:30:00+00:00,00-0037013,Zach Wilson,NYJ,ATL,32.0,ridge_eb,34.95359622638186,-2.953596226381862
2021_05_NO_WAS,2021,5,2021-10-10 17:00:00+00:00,00-0031503,Jameis Winston,NO,WAS,30.0,ridge_eb,28.60383833391465,1.3961616660853515
2021_05_PHI_CAR,2021,5,2021-10-10 17:00:00+00:00,00-0034869,Sam Darnold,CAR,PHI,37.0,ridge_eb,34.90918669017512,2.090813309824881
2021_05_PHI_CAR,2021,5,2021-10-10 17:00:00+00:00,00-0036389,Jalen Hurts,PHI,CAR,37.0,ridge_eb,32.82840132157729,4.171598678422711
2021_05_TEN_JAX,2021,5,2021-10-10 17:00:00+00:00,00-0029701,Ryan Tannehill,TEN,JAX,22.0,ridge_eb,33.81988962037284,-11.81988962037284
2021_05_NE_HOU,2021,5,2021-10-10 17:00:00+00:00,00-0036972,Mac Jones,NE,HOU,30.0,ridge_eb,35.937225205280384,-5.937225205280384
2021_05_TEN_JAX,2021,5,2021-10-10 17:00:00+00:00,00-0036971,Trevor Lawrence,JAX,TEN,33.0,ridge_eb,30.417202971547447,2.5827970284525534
2021_05_NE_HOU,2021,5,2021-10-10 17:00:00+00:00,00-0036898,Davis Mills,HOU,NE,29.0,ridge_eb,27.013882229651248,1.986117770348752
2021_05_NO_WAS,2021,5,2021-10-10 17:00:00+00:00,00-0031800,Taylor Heinicke,WAS,NO,41.0,ridge_eb,30.901214894484553,10.098785105515448
2021_05_MIA_TB,2021,5,2021-10-10 17:00:00+00:00,00-0033119,Jacoby Brissett,MIA,TB,39.0,ridge_eb,36.10899582307521,2.8910041769247883
2021_05_GB_CIN,2021,5,2021-10-10 17:00:00+00:00,00-0023459,Aaron Rodgers,GB,CIN,39.0,ridge_eb,35.46891765419326,3.5310823458067375
2021_05_GB_CIN,2021,5,2021-10-10 17:00:00+00:00,00-0036442,Joe Burrow,CIN,GB,38.0,ridge_eb,34.511600216211875,3.4883997837881253
2021_05_DET_MIN,2021,5,2021-10-10 17:00:00+00:00,00-0029604,Kirk Cousins,MIN,DET,34.0,ridge_eb,35.66656598844092,-1.6665659884409223
2021_05_DET_MIN,2021,5,2021-10-10 17:00:00+00:00,00-0033106,Jared Goff,DET,MIN,35.0,ridge_eb,32.50304336646011,2.496956633539888
2021_05_DEN_PIT,2021,5,2021-10-10 17:00:00+00:00,00-0022924,Ben Roethlisberger,PIT,DEN,25.0,ridge_eb,39.58886597412953,-14.588865974129533
2021_05_DEN_PIT,2021,5,2021-10-10 17:00:00+00:00,00-0031237,Teddy Bridgewater,DEN,PIT,38.0,ridge_eb,34.136377586992296,3.863622413007704
2021_05_MIA_TB,2021,5,2021-10-10 17:00:00+00:00,00-0019596,Tom Brady,TB,MIA,41.0,ridge_eb,39.67871331198945,1.3212866880105525
2021_05_CHI_LV,2021,5,2021-10-10 20:05:00+00:00,00-0036945,Justin Fields,CHI,LV,20.0,ridge_eb,25.46483551130903,-5.46483551130903
2021_05_CHI_LV,2021,5,2021-10-10 20:05:00+00:00,00-0031280,Derek Carr,LV,CHI,35.0,ridge_eb,38.60374992121894,-3.6037499212189417
2021_05_CLE_LAC,2021,5,2021-10-10 20:05:00+00:00,00-0034855,Baker Mayfield,CLE,LAC,32.0,ridge_eb,34.166100518546415,-2.166100518546415
2021_05_CLE_LAC,2021,5,2021-10-10 20:05:00+00:00,00-0036355,Justin Herbert,LAC,CLE,43.0,ridge_eb,37.85388609132577,5.146113908674231
2021_05_SF_ARI,2021,5,2021-10-10 20:25:00+00:00,00-0037012,Trey Lance,SF,ARI,29.0,ridge_eb,32.579763040234056,-3.579763040234056
2021_05_SF_ARI,2021,5,2021-10-10 20:25:00+00:00,00-0035228,Kyler Murray,ARI,SF,31.0,ridge_eb,36.71465507688863,-5.714655076888633
2021_05_NYG_DAL,2021,5,2021-10-10 20:25:00+00:00,00-0033077,Dak Prescott,DAL,NYG,32.0,ridge_eb,38.84413033550007,-6.844130335500068
2021_05_NYG_DAL,2021,5,2021-10-10 20:25:00+00:00,00-0035710,Daniel Jones,NYG,DAL,13.0,ridge_eb,34.57470491287629,-21.574704912876292
2021_05_BUF_KC,2021,5,2021-10-11 00:20:00+00:00,00-0034857,Josh Allen,BUF,KC,26.0,ridge_eb,42.26973690815668,-16.26973690815668
2021_05_BUF_KC,2021,5,2021-10-11 00:20:00+00:00,00-0033873,Patrick Mahomes,KC,BUF,54.0,ridge_eb,36.63162882835963,17.36837117164037
2021_05_IND_BAL,2021,5,2021-10-12 00:15:00+00:00,00-0034796,Lamar Jackson,BAL,IND,43.0,ridge_eb,29.576802567082137,13.423197432917863
2021_05_IND_BAL,2021,5,2021-10-12 00:15:00+00:00,00-0032950,Carson Wentz,IND,BAL,35.0,ridge_eb,32.97932572019403,2.0206742798059665
2021_06_TB_PHI,2021,6,2021-10-15 00:20:00+00:00,00-0036389,Jalen Hurts,PHI,TB,26.0,ridge_eb,36.61868119119256,-10.618681191192556
2021_06_TB_PHI,2021,6,2021-10-15 00:20:00+00:00,00-0019596,Tom Brady,TB,PHI,42.0,ridge_eb,41.111335741417925,0.8886642585820752
2021_06_MIA_JAX,2021,6,2021-10-17 13:30:00+00:00,00-0036971,Trevor Lawrence,JAX,MIA,41.0,ridge_eb,32.82321546697429,8.17678453302571
2021_06_MIA_JAX,2021,6,2021-10-17 13:30:00+00:00,00-0036212,Tua Tagovailoa,MIA,JAX,47.0,ridge_eb,36.042186993716655,10.957813006283343
2021_06_LAC_BAL,2021,6,2021-10-17 17:00:00+00:00,00-0036355,Justin Herbert,LAC,BAL,39.0,ridge_eb,38.972914827073005,0.0270851729269949
2021_06_LA_NYG,2021,6,2021-10-17 17:00:00+00:00,00-0026498,Matthew Stafford,LA,NYG,28.0,ridge_eb,36.594872627540205,-8.594872627540205
2021_06_LAC_BAL,2021,6,2021-10-17 17:00:00+00:00,00-0034796,Lamar Jackson,BAL,LAC,27.0,ridge_eb,29.319459422421872,-2.319459422421872
2021_06_MIN_CAR,2021,6,2021-10-17 17:00:00+00:00,00-0034869,Sam Darnold,CAR,MIN,41.0,ridge_eb,34.470172491246714,6.529827508753286
2021_06_LA_NYG,2021,6,2021-10-17 17:00:00+00:00,00-0035710,Daniel Jones,NYG,LA,51.0,ridge_eb,31.44777669055175,19.55222330944825
2021_06_KC_WAS,2021,6,2021-10-17 17:00:00+00:00,00-0031800,Taylor Heinicke,WAS,KC,39.0,ridge_eb,34.852431970100895,4.147568029899105
2021_06_MIN_CAR,2021,6,2021-10-17 17:00:00+00:00,00-0029604,Kirk Cousins,MIN,CAR,48.0,ridge_eb,34.539472343767045,13.460527656232957
2021_06_HOU_IND,2021,6,2021-10-17 17:00:00+00:00,00-0032950,Carson Wentz,IND,HOU,20.0,ridge_eb,32.72631561718153,-12.726315617181529
2021_06_CIN_DET,2021,6,2021-10-17 17:00:00+00:00,00-0036442,Joe Burrow,CIN,DET,29.0,ridge_eb,36.81078246217554,-7.810782462175538
2021_06_CIN_DET,2021,6,2021-10-17 17:00:00+00:00,00-0033106,Jared Goff,DET,CIN,42.0,ridge_eb,33.66973559902218,8.330264400977818
2021_06_KC_WAS,2021,6,2021-10-17 17:00:00+00:00,00-0033873,Patrick Mahomes,KC,WAS,47.0,ridge_eb,37.76931300946415,9.230686990535853
2021_06_GB_CHI,2021,6,2021-10-17 17:00:00+00:00,00-0023459,Aaron Rodgers,GB,CHI,23.0,ridge_eb,34.53441910592806,-11.53441910592806
2021_06_HOU_IND,2021,6,2021-10-17 17:00:00+00:00,00-0036898,Davis Mills,HOU,IND,43.0,ridge_eb,26.994357362100423,16.005642637899577
2021_06_GB_CHI,2021,6,2021-10-17 17:00:00+00:00,00-0036945,Justin Fields,CHI,GB,27.0,ridge_eb,23.581329731123677,3.418670268876322
2021_06_ARI_CLE,2021,6,2021-10-17 20:05:00+00:00,00-0035228,Kyler Murray,ARI,CLE,30.0,ridge_eb,35.39070625109663,-5.390706251096631
2021_06_ARI_CLE,2021,6,2021-10-17 20:05:00+00:00,00-0034855,Baker Mayfield,CLE,ARI,28.0,ridge_eb,31.760473974475193,-3.760473974475193
2021_06_LV_DEN,2021,6,2021-10-17 20:25:00+00:00,00-0031280,Derek Carr,LV,DEN,27.0,ridge_eb,39.35140139771924,-12.351401397719243
2021_06_LV_DEN,2021,6,2021-10-17 20:25:00+00:00,00-0031237,Teddy Bridgewater,DEN,LV,49.0,ridge_eb,31.259137523705792,17.740862476294208
2021_06_DAL_NE,2021,6,2021-10-17 20:25:00+00:00,00-0033077,Dak Prescott,DAL,NE,51.0,ridge_eb,37.637858435330216,13.362141564669784
2021_06_DAL_NE,2021,6,2021-10-17 20:25:00+00:00,00-0036972,Mac Jones,NE,DAL,21.0,ridge_eb,34.32446439692077,-13.324464396920767
2021_06_SEA_PIT,2021,6,2021-10-18 00:20:00+00:00,00-0030565,Geno Smith,SEA,PIT,32.0,ridge_eb,31.335551489252595,0.6644485107474054
2021_06_SEA_PIT,2021,6,2021-10-18 00:20:00+00:00,00-0022924,Ben Roethlisberger,PIT,SEA,40.0,ridge_eb,37.05976696214283,2.940233037857169
2021_06_BUF_TEN,2021,6,2021-10-19 00:15:00+00:00,00-0034857,Josh Allen,BUF,TEN,47.0,ridge_eb,37.656044258561984,9.343955741438016
2021_06_BUF_TEN,2021,6,2021-10-19 00:15:00+00:00,00-0029701,Ryan Tannehill,TEN,BUF,29.0,ridge_eb,32.56126707992719,-3.561267079927191
2021_07_DEN_CLE,2021,7,2021-10-22 00:20:00+00:00,00-0028986,Case Keenum,CLE,DEN,33.0,ridge_eb,31.879171361585552,1.120828638414448
2021_07_DEN_CLE,2021,7,2021-10-22 00:20:00+00:00,00-0031237,Teddy Bridgewater,DEN,CLE,33.0,ridge_eb,33.43986154223606,-0.4398615422360592
2021_07_KC_TEN,2021,7,2021-10-24 17:00:00+00:00,00-0029701,Ryan Tannehill,TEN,KC,27.0,ridge_eb,33.25460346615822,-6.254603466158223
2021_07_WAS_GB,2021,7,2021-10-24 17:00:00+00:00,00-0031800,Taylor Heinicke,WAS,GB,37.0,ridge_eb,35.061580122744616,1.9384198772553844
2021_07_WAS_GB,2021,7,2021-10-24 17:00:00+00:00,00-0023459,Aaron Rodgers,GB,WAS,35.0,ridge_eb,33.155578790961975,1.8444212090380248
2021_07_NYJ_NE,2021,7,2021-10-24 17:00:00+00:00,00-0037013,Zach Wilson,NYJ,NE,10.0,ridge_eb,32.54179140668703,-22.541791406687032
2021_07_NYJ_NE,2021,7,2021-10-24 17:00:00+00:00,00-0036972,Mac Jones,NE,NYJ,36.0,ridge_eb,31.732114445424028,4.267885554575972
2021_07_KC_TEN,2021,7,2021-10-24 17:00:00+00:00,00-0033873,Patrick Mahomes,KC,TEN,35.0,ridge_eb,40.0876985103881,-5.087698510388101
2021_07_CIN_BAL,2021,7,2021-10-24 17:00:00+00:00,00-0034796,Lamar Jackson,BAL,CIN,31.0,ridge_eb,29.739238435091313,1.2607615649086874
2021_07_CAR_NYG,2021,7,2021-10-24 17:00:00+00:00,00-0035710,Daniel Jones,NYG,CAR,33.0,ridge_eb,31.870915043689937,1.129084956310063
2021_07_CAR_NYG,2021,7,2021-10-24 17:00:00+00:00,00-0034869,Sam Darnold,CAR,NYG,25.0,ridge_eb,35.993090488263825,-10.993090488263825
2021_07_ATL_MIA,2021,7,2021-10-24 17:00:00+00:00,00-0036212,Tua Tagovailoa,MIA,ATL,40.0,ridge_eb,37.8420329482616,2.157967051738403
2021_07_ATL_MIA,2021,7,2021-10-24 17:00:00+00:00,00-0026143,Matt Ryan,ATL,MIA,40.0,ridge_eb,37.91245918567928,2.087540814320718
2021_07_CIN_BAL,2021,7,2021-10-24 17:00:00+00:00,00-0036442,Joe Burrow,CIN,BAL,38.0,ridge_eb,34.36172920131759,3.638270798682413
2021_07_DET_LA,2021,7,2021-10-24 20:05:00+00:00,00-0033106,Jared Goff,DET,LA,36.0,ridge_eb,32.67082920023482,3.32917079976518
2021_07_DET_LA,2021,7,2021-10-24 20:05:00+00:00,00-0026498,Matthew Stafford,LA,DET,41.0,ridge_eb,37.31232662966617,3.687673370333833
2021_07_PHI_LV,2021,7,2021-10-24 20:05:00+00:00,00-0031280,Derek Carr,LV,PHI,34.0,ridge_eb,36.49083251103433,-2.490832511034327
2021_07_PHI_LV,2021,7,2021-10-24 20:05:00+00:00,00-0036389,Jalen Hurts,PHI,LV,34.0,ridge_eb,35.011450247726465,-1.011450247726465
2021_07_HOU_ARI,2021,7,2021-10-24 20:25:00+00:00,00-0035228,Kyler Murray,ARI,HOU,28.0,ridge_eb,35.50824133298372,-7.508241332983722
2021_07_HOU_ARI,2021,7,2021-10-24 20:25:00+00:00,00-0036898,Davis Mills,HOU,ARI,32.0,ridge_eb,29.4158765618847,2.5841234381152987
2021_07_CHI_TB,2021,7,2021-10-24 20:25:00+00:00,00-0036945,Justin Fields,CHI,TB,32.0,ridge_eb,25.57440939343785,6.4255906065621495
2021_07_CHI_TB,2021,7,2021-10-24 20:25:00+00:00,00-0019596,Tom Brady,TB,CHI,36.0,ridge_eb,41.16226861378461,-5.162268613784612
2021_07_IND_SF,2021,7,2021-10-25 00:20:00+00:00,00-0032950,Carson Wentz,IND,SF,26.0,ridge_eb,32.35786272560242,-6.357862725602423
2021_07_IND_SF,2021,7,2021-10-25 00:20:00+00:00,00-0031345,Jimmy Garoppolo,SF,IND,27.0,ridge_eb,31.931980158342977,-4.931980158342974
2021_07_NO_SEA,2021,7,2021-10-26 00:15:00+00:00,00-0031503,Jameis Winston,NO,SEA,35.0,ridge_eb,29.518634904956446,5.481365095043554
2021_07_NO_SEA,2021,7,2021-10-26 00:15:00+00:00,00-0030565,Geno Smith,SEA,NO,22.0,ridge_eb,32.03012482980814,-10.030124829808138
2021_08_GB_ARI,2021,8,2021-10-29 00:20:00+00:00,00-0035228,Kyler Murray,ARI,GB,33.0,ridge_eb,36.733217928211126,-3.7332179282111255
2021_08_GB_ARI,2021,8,2021-10-29 00:20:00+00:00,00-0023459,Aaron Rodgers,GB,ARI,37.0,ridge_eb,33.68231555839263,3.317684441607369
2021_08_TEN_IND,2021,8,2021-10-31 17:00:00+00:00,00-0029701,Ryan Tannehill,TEN,IND,33.0,ridge_eb,31.439683242191087,1.5603167578089128
2021_08_TEN_IND,2021,8,2021-10-31 17:00:00+00:00,00-0032950,Carson Wentz,IND,TEN,51.0,ridge_eb,32.82903554069235,18.170964459307648
2021_08_SF_CHI,2021,8,2021-10-31 17:00:00+00:00,00-0031345,Jimmy Garoppolo,SF,CHI,28.0,ridge_eb,30.964436580130112,-2.964436580130112
2021_08_SF_CHI,2021,8,2021-10-31 17:00:00+00:00,00-0036945,Justin Fields,CHI,SF,27.0,ridge_eb,24.13367593139154,2.86632406860846
2021_08_PIT_CLE,2021,8,2021-10-31 17:00:00+00:00,00-0022924,Ben Roethlisberger,PIT,CLE,34.0,ridge_eb,38.875999375421664,-4.875999375421664
2021_08_PIT_CLE,2021,8,2021-10-31 17:00:00+00:00,00-0034855,Baker Mayfield,CLE,PIT,31.0,ridge_eb,29.512062437538003,1.4879375624619977
2021_08_PHI_DET,2021,8,2021-10-31 17:00:00+00:00,00-0033106,Jared Goff,DET,PHI,34.0,ridge_eb,34.25910735526368,-0.25910735526368
2021_08_PHI_DET,2021,8,2021-10-31 17:00:00+00:00,00-0036389,Jalen Hurts,PHI,DET,14.0,ridge_eb,35.381944190412334,-21.381944190412337
2021_08_MIA_BUF,2021,8,2021-10-31 17:00:00+00:00,00-0034857,Josh Allen,BUF,MIA,42.0,ridge_eb,37.72516771517063,4.2748322848293725
2021_08_LA_HOU,2021,8,2021-10-31 17:00:00+00:00,00-0026498,Matthew Stafford,LA,HOU,32.0,ridge_eb,37.19403201113133,-5.194032011131327
2021_08_LA_HOU,2021,8,2021-10-31 17:00:00+00:00,00-0036898,Davis Mills,HOU,LA,38.0,ridge_eb,30.03926473990877,7.96073526009123
2021_08_CIN_NYJ,2021,8,2021-10-31 17:00:00+00:00,00-0034401,Mike White,NYJ,CIN,45.0,ridge_eb,29.03111323511143,15.968886764888566
2021_08_CIN_NYJ,2021,8,2021-10-31 17:00:00+00:00,00-0036442,Joe Burrow,CIN,NYJ,34.0,ridge_eb,35.326195126801956,-1.3261951268019558
2021_08_CAR_ATL,2021,8,2021-10-31 17:00:00+00:00,00-0034869,Sam Darnold,CAR,ATL,24.0,ridge_eb,37.52970338762653,-13.529703387626531
2021_08_CAR_ATL,2021,8,2021-10-31 17:00:00+00:00,00-0026143,Matt Ryan,ATL,CAR,27.0,ridge_eb,34.96812513254695,-7.968125132546952
2021_08_MIA_BUF,2021,8,2021-10-31 17:00:00+00:00,00-0036212,Tua Tagovailoa,MIA,BUF,39.0,ridge_eb,35.26006219855323,3.739937801446771
2021_08_JAX_SEA,2021,8,2021-10-31 20:05:00+00:00,00-0036971,Trevor Lawrence,JAX,SEA,54.0,ridge_eb,31.672027441301,22.327972558699
2021_08_JAX_SEA,2021,8,2021-10-31 20:05:00+00:00,00-0030565,Geno Smith,SEA,JAX,24.0,ridge_eb,30.588146327718317,-6.5881463277183165
2021_08_NE_LAC,2021,8,2021-10-31 20:05:00+00:00,00-0036355,Justin Herbert,LAC,NE,35.0,ridge_eb,39.91139730265544,-4.911397302655438
2021_08_NE_LAC,2021,8,2021-10-31 20:05:00+00:00,00-0036972,Mac Jones,NE,LAC,35.0,ridge_eb,36.12396918110224,-1.1239691811022396
2021_08_WAS_DEN,2021,8,2021-10-31 20:25:00+00:00,00-0031800,Taylor Heinicke,WAS,DEN,39.0,ridge_eb,34.81034560675126,4.189654393248738
2021_08_WAS_DEN,2021,8,2021-10-31 20:25:00+00:00,00-0031237,Teddy Bridgewater,DEN,WAS,26.0,ridge_eb,34.07125605846306,-8.071256058463057
2021_08_TB_NO,2021,8,2021-10-31 20:25:00+00:00,00-0031503,Jameis Winston,NO,TB,10.0,ridge_eb,32.77179649983833,-22.77179649983833
2021_08_TB_NO,2021,8,2021-10-31 20:25:00+00:00,00-0019596,Tom Brady,TB,NO,40.0,ridge_eb,42.26798619424483,-2.267986194244827
2021_08_DAL_MIN,2021,8,2021-11-01 00:20:00+00:00,00-0033662,Cooper Rush,DAL,MIN,40.0,ridge_eb,34.78037197015575,5.219628029844252
2021_08_DAL_MIN,2021,8,2021-11-01 00:20:00+00:00,00-0029604,Kirk Cousins,MIN,DAL,35.0,ridge_eb,38.2345711007429,-3.2345711007428974
2021_08_NYG_KC,2021,8,2021-11-02 00:15:00+00:00,00-0033873,Patrick Mahomes,KC,NYG,48.0,ridge_eb,38.9344272040519,9.0655727959481
2021_08_NYG_KC,2021,8,2021-11-02 00:15:00+00:00,00-0035710,Daniel Jones,NYG,KC,32.0,ridge_eb,36.2315862665838,-4.231586266583797
2021_09_NYJ_IND,2021,9,2021-11-05 00:20:00+00:00,00-0032950,Carson Wentz,IND,NYJ,30.0,ridge_eb,34.32963409057532,-4.329634090575318
2021_09_NYJ_IND,2021,9,2021-11-05 00:20:00+00:00,00-0034401,Mike White,NYJ,IND,11.0,ridge_eb,36.02625679284631,-25.02625679284631
2021_09_HOU_MIA,2021,9,2021-11-07 18:00:00+00:00,00-0033119,Jacoby Brissett,MIA,HOU,43.0,ridge_eb,34.86039330110776,8.139606698892237
2021_09_NE_CAR,2021,9,2021-11-07 18:00:00+00:00,00-0034869,Sam Darnold,CAR,NE,33.0,ridge_eb,33.98128791747717,-0.981287917477168
2021_09_MIN_BAL,2021,9,2021-11-07 18:00:00+00:00,00-0029604,Kirk Cousins,MIN,BAL,28.0,ridge_eb,37.31821959185733,-9.318219591857329
2021_09_MIN_BAL,2021,9,2021-11-07 18:00:00+00:00,00-0034796,Lamar Jackson,BAL,MIN,41.0,ridge_eb,32.53260556356657,8.46739443643343
2021_09_LV_NYG,2021,9,2021-11-07 18:00:00+00:00,00-0035710,Daniel Jones,NYG,LV,20.0,ridge_eb,33.050654129319256,-13.050654129319256
2021_09_LV_NYG,2021,9,2021-11-07 18:00:00+00:00,00-0031280,Derek Carr,LV,NYG,46.0,ridge_eb,35.95780881366765,10.042191186332351
2021_09_NE_CAR,2021,9,2021-11-07 18:00:00+00:00,00-0036972,Mac Jones,NE,CAR,18.0,ridge_eb,33.619916531619616,-15.619916531619616
2021_09_HOU_MIA,2021,9,2021-11-07 18:00:00+00:00,00-0028118,Tyrod Taylor,HOU,MIA,43.0,ridge_eb,31.697231039858924,11.302768960141076
2021_09_CLE_CIN,2021,9,2021-11-07 18:00:00+00:00,00-0034855,Baker Mayfield,CLE,CIN,21.0,ridge_eb,30.951478026364253,-9.951478026364253
2021_09_DEN_DAL,2021,9,2021-11-07 18:00:00+00:00,00-0033077,Dak Prescott,DAL,DEN,39.0,ridge_eb,38.827379794088955,0.1726202059110448
2021_09_CLE_CIN,2021,9,2021-11-07 18:00:00+00:00,00-0036442,Joe Burrow,CIN,CLE,40.0,ridge_eb,36.54192547997541,3.4580745200245957
2021_09_BUF_JAX,2021,9,2021-11-07 18:00:00+00:00,00-0036971,Trevor Lawrence,JAX,BUF,26.0,ridge_eb,32.12446483364117,-6.12446483364117
2021_09_BUF_JAX,2021,9,2021-11-07 18:00:00+00:00,00-0034857,Josh Allen,BUF,JAX,47.0,ridge_eb,37.95556283904876,9.04443716095124
2021_09_ATL_NO,2021,9,2021-11-07 18:00:00+00:00,00-0032156,Trevor Siemian,NO,ATL,41.0,ridge_eb,32.082048404482244,8.917951595517756
2021_09_ATL_NO,2021,9,2021-11-07 18:00:00+00:00,00-0026143,Matt Ryan,ATL,NO,30.0,ridge_eb,34.689953670917355,-4.689953670917355
2021_09_DEN_DAL,2021,9,2021-11-07 18:00:00+00:00,00-0031237,Teddy Bridgewater,DEN,DAL,28.0,ridge_eb,33.36281518308868,-5.362815183088678
2021_09_LAC_PHI,2021,9,2021-11-07 21:05:00+00:00,00-0036355,Justin Herbert,LAC,PHI,38.0,ridge_eb,37.56846296765285,0.4315370323471512
2021_09_LAC_PHI,2021,9,2021-11-07 21:05:00+00:00,00-0036389,Jalen Hurts,PHI,LAC,17.0,ridge_eb,29.98059775228073,-12.98059775228073
2021_09_GB_KC,2021,9,2021-11-07 21:25:00+00:00,00-0036264,Jordan Love,GB,KC,34.0,ridge_eb,32.96562111060274,1.03437888939726
2021_09_GB_KC,2021,9,2021-11-07 21:25:00+00:00,00-0033873,Patrick Mahomes,KC,GB,37.0,ridge_eb,40.31875227941556,-3.3187522794155626
2021_09_ARI_SF,2021,9,2021-11-07 21:25:00+00:00,00-0027688,Colt McCoy,ARI,SF,26.0,ridge_eb,30.814343758053592,-4.814343758053592
2021_09_ARI_SF,2021,9,2021-11-07 21:25:00+00:00,00-0031345,Jimmy Garoppolo,SF,ARI,40.0,ridge_eb,29.82765982963258,10.17234017036742
2021_09_TEN_LA,2021,9,2021-11-08 01:20:00+00:00,00-0026498,Matthew Stafford,LA,TEN,48.0,ridge_eb,38.50785830602682,9.49214169397318
2021_09_TEN_LA,2021,9,2021-11-08 01:20:00+00:00,00-0029701,Ryan Tannehill,TEN,LA,27.0,ridge_eb,33.260254822348266,-6.260254822348266
2021_09_CHI_PIT,2021,9,2021-11-09 01:15:00+00:00,00-0036945,Justin Fields,CHI,PIT,29.0,ridge_eb,24.76257974868583,4.23742025131417
2021_09_CHI_PIT,2021,9,2021-11-09 01:15:00+00:00,00-0022924,Ben Roethlisberger,PIT,CHI,30.0,ridge_eb,37.58178669841339,-7.581786698413396
2021_10_BAL_MIA,2021,10,2021-11-12 01:20:00+00:00,00-0034796,Lamar Jackson,BAL,MIA,43.0,ridge_eb,34.08643200790356,8.91356799209644
2021_10_BAL_MIA,2021,10,2021-11-12 01:20:00+00:00,00-0033119,Jacoby Brissett,MIA,BAL,23.0,ridge_eb,35.14998592568634,-12.149985925686336
2021_10_JAX_IND,2021,10,2021-11-14 18:00:00+00:00,00-0032950,Carson Wentz,IND,JAX,34.0,ridge_eb,35.87769816799218,-1.877698167992179
2021_10_TB_WAS,2021,10,2021-11-14 18:00:00+00:00,00-0031800,Taylor Heinicke,WAS,TB,32.0,ridge_eb,35.26579123661654,-3.2657912366165434
2021_10_TB_WAS,2021,10,2021-11-14 18:00:00+00:00,00-0019596,Tom Brady,TB,WAS,34.0,ridge_eb,42.78638050768922,-8.786380507689223
2021_10_NO_TEN,2021,10,2021-11-14 18:00:00+00:00,00-0029701,Ryan Tannehill,TEN,NO,27.0,ridge_eb,30.70255739692041,-3.702557396920412
2021_10_JAX_IND,2021,10,2021-11-14 18:00:00+00:00,00-0036971,Trevor Lawrence,JAX,IND,35.0,ridge_eb,33.17933618854036,1.8206638114596387
2021_10_DET_PIT,2021,10,2021-11-14 18:00:00+00:00,00-0034771,Mason Rudolph,PIT,DET,50.0,ridge_eb,35.50610037014196,14.493899629858042
2021_10_NO_TEN,2021,10,2021-11-14 18:00:00+00:00,00-0032156,Trevor Siemian,NO,TEN,34.0,ridge_eb,32.39653367872287,1.603466321277132
2021_10_CLE_NE,2021,10,2021-11-14 18:00:00+00:00,00-0036972,Mac Jones,NE,CLE,23.0,ridge_eb,32.75327769272533,-9.753277692725328
2021_10_CLE_NE,2021,10,2021-11-14 18:00:00+00:00,00-0034855,Baker Mayfield,CLE,NE,21.0,ridge_eb,30.039015939856505,-9.039015939856505
2021_10_BUF_NYJ,2021,10,2021-11-14 18:00:00+00:00,00-0034401,Mike White,NYJ,BUF,44.0,ridge_eb,36.45436830368389,7.545631696316107
2021_10_DET_PIT,2021,10,2021-11-14 18:00:00+00:00,00-0033106,Jared Goff,DET,PIT,25.0,ridge_eb,32.37045372690052,-7.3704537269005215
2021_10_BUF_NYJ,2021,10,2021-11-14 18:00:00+00:00,00-0034857,Josh Allen,BUF,NYJ,28.0,ridge_eb,36.99710399387955,-8.997103993879549
2021_10_ATL_DAL,2021,10,2021-11-14 18:00:00+00:00,00-0033077,Dak Prescott,DAL,ATL,31.0,ridge_eb,38.14805492448451,-7.148054924484512
2021_10_ATL_DAL,2021,10,2021-11-14 18:00:00+00:00,00-0026143,Matt Ryan,ATL,DAL,21.0,ridge_eb,35.87013667702499,-14.870136677024988
2021_10_CAR_ARI,2021,10,2021-11-14 21:05:00+00:00,00-0027688,Colt McCoy,ARI,CAR,20.0,ridge_eb,31.683486373838615,-11.683486373838615
2021_10_CAR_ARI,2021,10,2021-11-14 21:05:00+00:00,00-0033275,Phillip Walker,CAR,ARI,29.0,ridge_eb,33.03051696348771,-4.030516963487713
2021_10_MIN_LAC,2021,10,2021-11-14 21:05:00+00:00,00-0036355,Justin Herbert,LAC,MIN,34.0,ridge_eb,37.79273442424613,-3.7927344242461274
2021_10_MIN_LAC,2021,10,2021-11-14 21:05:00+00:00,00-0029604,Kirk Cousins,MIN,LAC,37.0,ridge_eb,37.98008818812496,-0.9800881881249596
2021_10_SEA_GB,2021,10,2021-11-14 21:25:00+00:00,00-0023459,Aaron Rodgers,GB,SEA,37.0,ridge_eb,32.685302363122865,4.314697636877135
2021_10_SEA_GB,2021,10,2021-11-14 21:25:00+00:00,00-0029263,Russell Wilson,SEA,GB,40.0,ridge_eb,34.30420021150882,5.695799788491179
2021_10_PHI_DEN,2021,10,2021-11-14 21:25:00+00:00,00-0031237,Teddy Bridgewater,DEN,PHI,36.0,ridge_eb,34.23567930602617,1.7643206939738292
2021_10_PHI_DEN,2021,10,2021-11-14 21:25:00+00:00,00-0036389,Jalen Hurts,PHI,DEN,23.0,ridge_eb,27.323912384783384,-4.323912384783384
2021_10_KC_LV,2021,10,2021-11-15 01:20:00+00:00,00-0033873,Patrick Mahomes,KC,LV,50.0,ridge_eb,41.73801014584947,8.261989854150528
2021_10_KC_LV,2021,10,2021-11-15 01:20:00+00:00,00-0031280,Derek Carr,LV,KC,35.0,ridge_eb,37.72472160360009,-2.724721603600088
2021_10_LA_SF,2021,10,2021-11-16 01:15:00+00:00,00-0026498,Matthew Stafford,LA,SF,41.0,ridge_eb,38.20772131004212,2.7922786899578824
2021_10_LA_SF,2021,10,2021-11-16 01:15:00+00:00,00-0031345,Jimmy Garoppolo,SF,LA,19.0,ridge_eb,31.918836141576953,-12.918836141576952
2021_11_NE_ATL,2021,11,2021-11-19 01:20:00+00:00,00-0026143,Matt Ryan,ATL,NE,28.0,ridge_eb,34.82100371627822,-6.82100371627822
2021_11_NE_ATL,2021,11,2021-11-19 01:20:00+00:00,00-0036972,Mac Jones,NE,ATL,26.0,ridge_eb,32.64658289907922,-6.64658289907922
2021_11_MIA_NYJ,2021,11,2021-11-21 18:00:00+00:00,00-0026158,Joe Flacco,NYJ,MIA,39.0,ridge_eb,36.15816006341378,2.8418399365862186
2021_11_NO_PHI,2021,11,2021-11-21 18:00:00+00:00,00-0032156,Trevor Siemian,NO,PHI,40.0,ridge_eb,32.84649874030687,7.1535012596931296
2021_11_NO_PHI,2021,11,2021-11-21 18:00:00+00:00,00-0036389,Jalen Hurts,PHI,NO,24.0,ridge_eb,25.170275876074317,-1.1702758760743173
2021_11_WAS_CAR,2021,11,2021-11-21 18:00:00+00:00,00-0031800,Taylor Heinicke,WAS,CAR,22.0,ridge_eb,33.2598557419317,-11.259855741931702
2021_11_SF_JAX,2021,11,2021-11-21 18:00:00+00:00,00-0031345,Jimmy Garoppolo,SF,JAX,22.0,ridge_eb,31.737925629472,-9.737925629472
2021_11_WAS_CAR,2021,11,2021-11-21 18:00:00+00:00,00-0027939,Cam Newton,CAR,WAS,27.0,ridge_eb,31.09117235720702,-4.0911723572070215
2021_11_MIA_NYJ,2021,11,2021-11-21 18:00:00+00:00,00-0036212,Tua Tagovailoa,MIA,NYJ,33.0,ridge_eb,39.423221951642134,-6.423221951642134
2021_11_SF_JAX,2021,11,2021-11-21 18:00:00+00:00,00-0036971,Trevor Lawrence,JAX,SF,25.0,ridge_eb,32.61544402030502,-7.61544402030502
2021_11_IND_BUF,2021,11,2021-11-21 18:00:00+00:00,00-0032950,Carson Wentz,IND,BUF,20.0,ridge_eb,34.68397460425688,-14.683974604256882
2021_11_GB_MIN,2021,11,2021-11-21 18:00:00+00:00,00-0023459,Aaron Rodgers,GB,MIN,33.0,ridge_eb,33.902328287670855,-0.9023282876708548
2021_11_HOU_TEN,2021,11,2021-11-21 18:00:00+00:00,00-0029701,Ryan Tannehill,TEN,HOU,52.0,ridge_eb,30.688382608722037,21.311617391277963
2021_11_HOU_TEN,2021,11,2021-11-21 18:00:00+00:00,00-0028118,Tyrod Taylor,HOU,TEN,24.0,ridge_eb,32.28408788985254,-8.284087889852543
2021_11_GB_MIN,2021,11,2021-11-21 18:00:00+00:00,00-0029604,Kirk Cousins,MIN,GB,35.0,ridge_eb,38.65322061478469,-3.6532206147846935
2021_11_DET_CLE,2021,11,2021-11-21 18:00:00+00:00,00-0034177,Tim Boyle,DET,CLE,23.0,ridge_eb,28.33294860940709,-5.33294860940709
2021_11_DET_CLE,2021,11,2021-11-21 18:00:00+00:00,00-0034855,Baker Mayfield,CLE,DET,29.0,ridge_eb,29.1832776683992,-0.1832776683991994
2021_11_BAL_CHI,2021,11,2021-11-21 18:00:00+00:00,00-0036945,Justin Fields,CHI,BAL,11.0,ridge_eb,25.143500901223018,-14.143500901223014
2021_11_BAL_CHI,2021,11,2021-11-21 18:00:00+00:00,00-0035993,Tyler Huntley,BAL,CHI,36.0,ridge_eb,34.17241415537059,1.8275858446294109
2021_11_IND_BUF,2021,11,2021-11-21 18:00:00+00:00,00-0034857,Josh Allen,BUF,IND,35.0,ridge_eb,37.753013300200045,-2.7530133002000454
2021_11_CIN_LV,2021,11,2021-11-21 21:05:00+00:00,00-0036442,Joe Burrow,CIN,LV,29.0,ridge_eb,40.916373648062525,-11.916373648062525
2021_11_CIN_LV,2021,11,2021-11-21 21:05:00+00:00,00-0031280,Derek Carr,LV,CIN,27.0,ridge_eb,36.029802441718495,-9.029802441718497
2021_11_DAL_KC,2021,11,2021-11-21 21:25:00+00:00,00-0033873,Patrick Mahomes,KC,DAL,37.0,ridge_eb,40.67233505447356,-3.6723350544735567
2021_11_DAL_KC,2021,11,2021-11-21 21:25:00+00:00,00-0033077,Dak Prescott,DAL,KC,43.0,ridge_eb,39.00965287065069,3.99034712934931
2021_11_ARI_SEA,2021,11,2021-11-21 21:25:00+00:00,00-0027688,Colt McCoy,ARI,SEA,44.0,ridge_eb,33.39579321969699,10.60420678030301
2021_11_ARI_SEA,2021,11,2021-11-21 21:25:00+00:00,00-0029263,Russell Wilson,SEA,ARI,26.0,ridge_eb,31.366498089278835,-5.366498089278835
2021_11_PIT_LAC,2021,11,2021-11-22 01:20:00+00:00,00-0036355,Justin Herbert,LAC,PIT,41.0,ridge_eb,36.132406680029305,4.867593319970695
2021_11_PIT_LAC,2021,11,2021-11-22 01:20:00+00:00,00-0022924,Ben Roethlisberger,PIT,LAC,44.0,ridge_eb,40.17258450365261,3.827415496347392
2021_11_NYG_TB,2021,11,2021-11-23 01:15:00+00:00,00-0035710,Daniel Jones,NYG,TB,38.0,ridge_eb,34.45053894889606,3.5494610511039397
2021_11_NYG_TB,2021,11,2021-11-23 01:15:00+00:00,00-0019596,Tom Brady,TB,NYG,46.0,ridge_eb,39.187731939444674,6.812268060555326
2021_12_CHI_DET,2021,12,2021-11-25 17:30:00+00:00,00-0033106,Jared Goff,DET,CHI,25.0,ridge_eb,31.26702297714633,-6.2670229771463255
2021_12_CHI_DET,2021,12,2021-11-25 17:30:00+00:00,00-0027973,Andy Dalton,CHI,DET,39.0,ridge_eb,29.350307364401516,9.649692635598484
2021_12_LV_DAL,2021,12,2021-11-25 21:30:00+00:00,00-0031280,Derek Carr,LV,DAL,39.0,ridge_eb,33.44794668034054,5.552053319659457
2021_12_LV_DAL,2021,12,2021-11-25 21:30:00+00:00,00-0033077,Dak Prescott,DAL,LV,47.0,ridge_eb,37.599381985799795,9.400618014200203
2021_12_BUF_NO,2021,12,2021-11-26 01:20:00+00:00,00-0034857,Josh Allen,BUF,NO,28.0,ridge_eb,36.85690216681983,-8.856902166819829
2021_12_BUF_NO,2021,12,2021-11-26 01:20:00+00:00,00-0032156,Trevor Siemian,NO,BUF,29.0,ridge_eb,34.184894716346534,-5.184894716346534
2021_12_TEN_NE,2021,12,2021-11-28 18:00:00+00:00,00-0029701,Ryan Tannehill,TEN,NE,21.0,ridge_eb,31.098065187818484,-10.098065187818484
2021_12_TEN_NE,2021,12,2021-11-28 18:00:00+00:00,00-0036972,Mac Jones,NE,TEN,32.0,ridge_eb,29.598182322661287,2.4018176773387125
2021_12_TB_IND,2021,12,2021-11-28 18:00:00+00:00,00-0019596,Tom Brady,TB,IND,34.0,ridge_eb,42.53222113696258,-8.532221136962583
2021_12_TB_IND,2021,12,2021-11-28 18:00:00+00:00,00-0032950,Carson Wentz,IND,TB,44.0,ridge_eb,36.20842584834701,7.791574151652988
2021_12_PIT_CIN,2021,12,2021-11-28 18:00:00+00:00,00-0036442,Joe Burrow,CIN,PIT,24.0,ridge_eb,34.64238165474786,-10.642381654747858
2021_12_PHI_NYG,2021,12,2021-11-28 18:00:00+00:00,00-0036389,Jalen Hurts,PHI,NYG,31.0,ridge_eb,27.807616247145997,3.1923837528540027
2021_12_PIT_CIN,2021,12,2021-11-28 18:00:00+00:00,00-0022924,Ben Roethlisberger,PIT,CIN,41.0,ridge_eb,37.47889365457284,3.5211063454271567
2021_12_NYJ_HOU,2021,12,2021-11-28 18:00:00+00:00,00-0037013,Zach Wilson,NYJ,HOU,24.0,ridge_eb,37.82321831568449,-13.823218315684493
2021_12_NYJ_HOU,2021,12,2021-11-28 18:00:00+00:00,00-0028118,Tyrod Taylor,HOU,NYJ,26.0,ridge_eb,33.74533534101791,-7.745335341017913
2021_12_CAR_MIA,2021,12,2021-11-28 18:00:00+00:00,00-0036212,Tua Tagovailoa,MIA,CAR,31.0,ridge_eb,36.50512492014566,-5.505124920145661
2021_12_CAR_MIA,2021,12,2021-11-28 18:00:00+00:00,00-0027939,Cam Newton,CAR,MIA,21.0,ridge_eb,29.65365825633873,-8.65365825633873
2021_12_ATL_JAX,2021,12,2021-11-28 18:00:00+00:00,00-0036971,Trevor Lawrence,JAX,ATL,42.0,ridge_eb,31.47031749556458,10.52968250443542
2021_12_ATL_JAX,2021,12,2021-11-28 18:00:00+00:00,00-0026143,Matt Ryan,ATL,JAX,29.0,ridge_eb,35.90059450259892,-6.900594502598921
2021_12_PHI_NYG,2021,12,2021-11-28 18:00:00+00:00,00-0035710,Daniel Jones,NYG,PHI,30.0,ridge_eb,31.49051316211092,-1.490513162110922
2021_12_LAC_DEN,2021,12,2021-11-28 21:05:00+00:00,00-0031237,Teddy Bridgewater,DEN,LAC,18.0,ridge_eb,34.62690746175925,-16.626907461759252
2021_12_LAC_DEN,2021,12,2021-11-28 21:05:00+00:00,00-0036355,Justin Herbert,LAC,DEN,44.0,ridge_eb,38.44455883731875,5.555441162681248
2021_12_LA_GB,2021,12,2021-11-28 21:25:00+00:00,00-0023459,Aaron Rodgers,GB,LA,45.0,ridge_eb,32.762924724616546,12.237075275383454
2021_12_LA_GB,2021,12,2021-11-28 21:25:00+00:00,00-0026498,Matthew Stafford,LA,GB,38.0,ridge_eb,39.364463996425926,-1.3644639964259255
2021_12_MIN_SF,2021,12,2021-11-28 21:25:00+00:00,00-0029604,Kirk Cousins,MIN,SF,32.0,ridge_eb,36.78424470800458,-4.784244708004579
2021_12_MIN_SF,2021,12,2021-11-28 21:25:00+00:00,00-0031345,Jimmy Garoppolo,SF,MIN,26.0,ridge_eb,29.555603242681237,-3.5556032426812365
2021_12_CLE_BAL,2021,12,2021-11-29 01:20:00+00:00,00-0034796,Lamar Jackson,BAL,CLE,32.0,ridge_eb,34.96365558804814,-2.963655588048141
2021_12_CLE_BAL,2021,12,2021-11-29 01:20:00+00:00,00-0034855,Baker Mayfield,CLE,BAL,37.0,ridge_eb,30.43833276411667,6.561667235883331
2021_12_SEA_WAS,2021,12,2021-11-30 01:15:00+00:00,00-0031800,Taylor Heinicke,WAS,SEA,35.0,ridge_eb,33.668339021671045,1.331660978328955
2021_12_SEA_WAS,2021,12,2021-11-30 01:15:00+00:00,00-0029263,Russell Wilson,SEA,WAS,31.0,ridge_eb,32.69896947589148,-1.6989694758914808
2021_13_DAL_NO,2021,13,2021-12-03 01:20:00+00:00,00-0033077,Dak Prescott,DAL,NO,40.0,ridge_eb,37.40917385759932,2.5908261424006795
2021_13_DAL_NO,2021,13,2021-12-03 01:20:00+00:00,00-0033357,Taysom Hill,NO,DAL,41.0,ridge_eb,26.900584793420265,14.099415206579735
2021_13_NYG_MIA,2021,13,2021-12-05 18:00:00+00:00,00-0030520,Mike Glennon,NYG,MIA,44.0,ridge_eb,31.23934941022807,12.760650589771933
2021_13_TB_ATL,2021,13,2021-12-05 18:00:00+00:00,00-0019596,Tom Brady,TB,ATL,51.0,ridge_eb,41.79647477677831,9.203525223221687
2021_13_TB_ATL,2021,13,2021-12-05 18:00:00+00:00,00-0026143,Matt Ryan,ATL,TB,41.0,ridge_eb,35.059362459588286,5.940637540411714
2021_13_PHI_NYJ,2021,13,2021-12-05 18:00:00+00:00,00-0035289,Gardner Minshew,PHI,NYJ,25.0,ridge_eb,24.889365548344703,0.1106344516552937
2021_13_PHI_NYJ,2021,13,2021-12-05 18:00:00+00:00,00-0037013,Zach Wilson,NYJ,PHI,38.0,ridge_eb,33.37004879257686,4.62995120742314
2021_13_NYG_MIA,2021,13,2021-12-05 18:00:00+00:00,00-0036212,Tua Tagovailoa,MIA,NYG,41.0,ridge_eb,37.22163289869625,3.7783671013037505
2021_13_MIN_DET,2021,13,2021-12-05 18:00:00+00:00,00-0029604,Kirk Cousins,MIN,DET,40.0,ridge_eb,36.83206414337077,3.167935856629228
2021_13_LAC_CIN,2021,13,2021-12-05 18:00:00+00:00,00-0036355,Justin Herbert,LAC,CIN,35.0,ridge_eb,37.89876649813486,-2.8987664981348615
2021_13_LAC_CIN,2021,13,2021-12-05 18:00:00+00:00,00-0036442,Joe Burrow,CIN,LAC,40.0,ridge_eb,36.86168451687908,3.1383154831209197
2021_13_IND_HOU,2021,13,2021-12-05 18:00:00+00:00,00-0032950,Carson Wentz,IND,HOU,22.0,ridge_eb,35.139557231393994,-13.139557231393994
2021_13_IND_HOU,2021,13,2021-12-05 18:00:00+00:00,00-0028118,Tyrod Taylor,HOU,IND,13.0,ridge_eb,31.45676403799785,-18.45676403799785
2021_13_ARI_CHI,2021,13,2021-12-05 18:00:00+00:00,00-0027973,Andy Dalton,CHI,ARI,41.0,ridge_eb,29.341652273972603,11.658347726027396
2021_13_ARI_CHI,2021,13,2021-12-05 18:00:00+00:00,00-0035228,Taysom Kyler Murray,ARI,CHI,15.0,ridge_eb,35.36805591800459,-20.368055918004593
2021_13_MIN_DET,2021,13,2021-12-05 18:00:00+00:00,00-0033106,Jared Goff,DET,MIN,41.0,ridge_eb,30.72930763323606,10.27069236676394
2021_13_WAS_LV,2021,13,2021-12-05 21:05:00+00:00,00-0031800,Taylor Heinicke,WAS,LV,30.0,ridge_eb,35.516013850559304,-5.516013850559304
2021_13_JAX_LA,2021,13,2021-12-05 21:05:00+00:00,00-0036971,Trevor Lawrence,JAX,LA,28.0,ridge_eb,32.02288312551,-4.022883125509999
2021_13_JAX_LA,2021,13,2021-12-05 21:05:00+00:00,00-0026498,Matthew Stafford,LA,JAX,38.0,ridge_eb,38.57387281219852,-0.5738728121985233
2021_13_WAS_LV,2021,13,2021-12-05 21:05:00+00:00,00-0031280,Derek Carr,LV,WAS,38.0,ridge_eb,37.74320277725003,0.2567972227499666
2021_13_SF_SEA,2021,13,2021-12-05 21:25:00+00:00,00-0029263,Russell Wilson,SEA,SF,37.0,ridge_eb,29.76698137454896,7.233018625451038
2021_13_SF_SEA,2021,13,2021-12-05 21:25:00+00:00,00-0031345,Jimmy Garoppolo,SF,SEA,30.0,ridge_eb,30.869236540738157,-0.8692365407381573
2021_13_BAL_PIT,2021,13,2021-12-05 21:25:00+00:00,00-0034796,Lamar Jackson,BAL,PIT,37.0,ridge_eb,34.7364763950912,2.263523604908798
2021_13_BAL_PIT,2021,13,2021-12-05 21:25:00+00:00,00-0022924,Ben Roethlisberger,PIT,BAL,31.0,ridge_eb,35.72578764579616,-4.72578764579616
2021_13_DEN_KC,2021,13,2021-12-06 01:20:00+00:00,00-0033873,Patrick Mahomes,KC,DEN,29.0,ridge_eb,41.263849655148654,-12.263849655148654
2021_13_DEN_KC,2021,13,2021-12-06 01:20:00+00:00,00-0031237,Teddy Bridgewater,DEN,KC,40.0,ridge_eb,33.20185413877275,6.798145861227248
2021_13_NE_BUF,2021,13,2021-12-07 01:15:00+00:00,00-0034857,Josh Allen,BUF,NE,30.0,ridge_eb,34.24583972208797,-4.245839722087972
2021_13_NE_BUF,2021,13,2021-12-07 01:15:00+00:00,00-0036972,Mac Jones,NE,BUF,3.0,ridge_eb,30.50759385507292,-27.50759385507292
2021_14_PIT_MIN,2021,14,2021-12-10 01:20:00+00:00,00-0029604,Kirk Cousins,MIN,PIT,31.0,ridge_eb,36.31379882007586,-5.31379882007586
2021_14_PIT_MIN,2021,14,2021-12-10 01:20:00+00:00,00-0022924,Ben Roethlisberger,PIT,MIN,40.0,ridge_eb,36.75393105085188,3.2460689491481176
2021_14_SEA_HOU,2021,14,2021-12-12 18:00:00+00:00,00-0029263,Russell Wilson,SEA,HOU,28.0,ridge_eb,30.6070133333988,-2.6070133333988004
2021_14_SEA_HOU,2021,14,2021-12-12 18:00:00+00:00,00-0036898,Davis Mills,HOU,SEA,49.0,ridge_eb,29.794968016867166,19.205031983132834
2021_14_NO_NYJ,2021,14,2021-12-12 18:00:00+00:00,00-0037013,Zach Wilson,NYJ,NO,42.0,ridge_eb,32.11586160538815,9.884138394611853
2021_14_NO_NYJ,2021,14,2021-12-12 18:00:00+00:00,00-0033357,Taysom Hill,NO,NYJ,21.0,ridge_eb,29.27676268058655,-8.276762680586554
2021_14_LV_KC,2021,14,2021-12-12 18:00:00+00:00,00-0031280,Derek Carr,LV,KC,45.0,ridge_eb,35.128402865512015,9.871597134487985
2021_14_LV_KC,2021,14,2021-12-12 18:00:00+00:00,00-0033873,Patrick Mahomes,KC,LV,24.0,ridge_eb,39.150990988362246,-15.150990988362246
2021_14_JAX_TEN,2021,14,2021-12-12 18:00:00+00:00,00-0029701,Ryan Tannehill,TEN,JAX,31.0,ridge_eb,32.130014840219516,-1.1300148402195165
2021_14_DAL_WAS,2021,14,2021-12-12 18:00:00+00:00,00-0031800,Taylor Heinicke,WAS,DAL,25.0,ridge_eb,30.271043239782024,-5.271043239782024
2021_14_DAL_WAS,2021,14,2021-12-12 18:00:00+00:00,00-0033077,Dak Prescott,DAL,WAS,39.0,ridge_eb,39.37218473930258,-0.3721847393025825
2021_14_BAL_CLE,2021,14,2021-12-12 18:00:00+00:00,00-0034855,Baker Mayfield,CLE,BAL,32.0,ridge_eb,31.197420028712088,0.802579971287912
2021_14_BAL_CLE,2021,14,2021-12-12 18:00:00+00:00,00-0034796,Lamar Jackson,BAL,CLE,4.0,ridge_eb,35.42797810350388,-31.42797810350388
2021_14_ATL_CAR,2021,14,2021-12-12 18:00:00+00:00,00-0027939,Cam Newton,CAR,ATL,23.0,ridge_eb,29.27384315143361,-6.27384315143361
2021_14_ATL_CAR,2021,14,2021-12-12 18:00:00+00:00,00-0026143,Matt Ryan,ATL,CAR,28.0,ridge_eb,32.11887585193392,-4.118875851933922
2021_14_JAX_TEN,2021,14,2021-12-12 18:00:00+00:00,00-0036971,Trevor Lawrence,JAX,TEN,40.0,ridge_eb,29.622600264144435,10.377399735855564
2021_14_NYG_LAC,2021,14,2021-12-12 21:05:00+00:00,00-0030520,Mike Glennon,NYG,LAC,36.0,ridge_eb,35.08706548259553,0.912934517404473
2021_14_DET_DEN,2021,14,2021-12-12 21:05:00+00:00,00-0031237,Teddy Bridgewater,DEN,DET,25.0,ridge_eb,30.347805305260188,-5.347805305260188
2021_14_DET_DEN,2021,14,2021-12-12 21:05:00+00:00,00-0033106,Jared Goff,DET,DEN,39.0,ridge_eb,31.5105247666105,7.489475233389499
2021_14_NYG_LAC,2021,14,2021-12-12 21:05:00+00:00,00-0036355,Justin Herbert,LAC,NYG,31.0,ridge_eb,39.63467283997566,-8.634672839975657
2021_14_SF_CIN,2021,14,2021-12-12 21:25:00+00:00,00-0031345,Jimmy Garoppolo,SF,CIN,41.0,ridge_eb,30.995707053835392,10.004292946164608
2021_14_SF_CIN,2021,14,2021-12-12 21:25:00+00:00,00-0036442,Joe Burrow,CIN,SF,34.0,ridge_eb,37.38956396065527,-3.3895639606552734
2021_14_BUF_TB,2021,14,2021-12-12 21:25:00+00:00,00-0034857,Josh Allen,BUF,TB,54.0,ridge_eb,36.41843312936053,17.58156687063947
2021_14_BUF_TB,2021,14,2021-12-12 21:25:00+00:00,00-0019596,Tom Brady,TB,BUF,46.0,ridge_eb,41.26657713780636,4.733422862193642
2021_14_CHI_GB,2021,14,2021-12-13 01:20:00+00:00,00-0036945,Justin Fields,CHI,GB,33.0,ridge_eb,26.735877934711684,6.264122065288316
2021_14_CHI_GB,2021,14,2021-12-13 01:20:00+00:00,00-0023459,Aaron Rodgers,GB,CHI,37.0,ridge_eb,34.22289964577227,2.777100354227727
2021_14_LA_ARI,2021,14,2021-12-14 01:15:00+00:00,00-0035228,Kyler Murray,ARI,LA,49.0,ridge_eb,32.61941187786232,16.38058812213768
2021_14_LA_ARI,2021,14,2021-12-14 01:15:00+00:00,00-0026498,Matthew Stafford,LA,ARI,30.0,ridge_eb,37.087109390406866,-7.087109390406866
2021_15_KC_LAC,2021,15,2021-12-17 01:20:00+00:00,00-0033873,Patrick Mahomes,KC,LAC,47.0,ridge_eb,40.711893424617195,6.288106575382805
2021_15_KC_LAC,2021,15,2021-12-17 01:20:00+00:00,00-0036355,Justin Herbert,LAC,KC,38.0,ridge_eb,41.116725123540995,-3.116725123540995
2021_15_NE_IND,2021,15,2021-12-19 01:20:00+00:00,00-0032950,Carson Wentz,IND,NE,12.0,ridge_eb,35.46209839325254,-23.46209839325254
2021_15_NE_IND,2021,15,2021-12-19 01:20:00+00:00,00-0036972,Mac Jones,NE,IND,45.0,ridge_eb,27.956922375696653,17.043077624303347
2021_15_CAR_BUF,2021,15,2021-12-19 18:00:00+00:00,00-0034857,Josh Allen,BUF,CAR,34.0,ridge_eb,33.412924667553284,0.587075332446716
2021_15_TEN_PIT,2021,15,2021-12-19 18:00:00+00:00,00-0022924,Ben Roethlisberger,PIT,TEN,25.0,ridge_eb,37.586408182243304,-12.586408182243304
2021_15_NYJ_MIA,2021,15,2021-12-19 18:00:00+00:00,00-0037013,Zach Wilson,NYJ,MIA,23.0,ridge_eb,32.4682618700607,-9.4682618700607
2021_15_NYJ_MIA,2021,15,2021-12-19 18:00:00+00:00,00-0036212,Tua Tagovailoa,MIA,NYJ,27.0,ridge_eb,37.388910139027914,-10.388910139027914
2021_15_HOU_JAX,2021,15,2021-12-19 18:00:00+00:00,00-0036971,Trevor Lawrence,JAX,HOU,38.0,ridge_eb,32.76240126195259,5.23759873804741
2021_15_HOU_JAX,2021,15,2021-12-19 18:00:00+00:00,00-0036898,Davis Mills,HOU,JAX,30.0,ridge_eb,33.20509197118356,-3.2050919711835633
2021_15_ARI_DET,2021,15,2021-12-19 18:00:00+00:00,00-0033106,Jared Goff,DET,ARI,26.0,ridge_eb,32.5941567569478,-6.594156756947797
2021_15_DAL_NYG,2021,15,2021-12-19 18:00:00+00:00,00-0033077,Dak Prescott,DAL,NYG,37.0,ridge_eb,37.88158628895803,-0.881586288958033
2021_15_CAR_BUF,2021,15,2021-12-19 18:00:00+00:00,00-0027939,Cam Newton,CAR,BUF,38.0,ridge_eb,26.86399621130263,11.13600378869737
2021_15_TEN_PIT,2021,15,2021-12-19 18:00:00+00:00,00-0029701,Ryan Tannehill,TEN,PIT,32.0,ridge_eb,31.126663476435812,0.8733365235641877
2021_15_ARI_DET,2021,15,2021-12-19 18:00:00+00:00,00-0035228,Kyler Murray,ARI,DET,41.0,ridge_eb,34.33059554111311,6.669404458886888
2021_15_DAL_NYG,2021,15,2021-12-19 18:00:00+00:00,00-0030520,Mike Glennon,NYG,DAL,24.0,ridge_eb,31.48863156471832,-7.488631564718318
2021_15_ATL_SF,2021,15,2021-12-19 21:05:00+00:00,00-0031345,Jimmy Garoppolo,SF,ATL,23.0,ridge_eb,31.702097469156534,-8.702097469156538
2021_15_CIN_DEN,2021,15,2021-12-19 21:05:00+00:00,00-0036442,Joe Burrow,CIN,DEN,22.0,ridge_eb,37.04524903115544,-15.045249031155436
2021_15_ATL_SF,2021,15,2021-12-19 21:05:00+00:00,00-0026143,Matt Ryan,ATL,SF,32.0,ridge_eb,33.14389269292428,-1.1438926929242823
2021_15_CIN_DEN,2021,15,2021-12-19 21:05:00+00:00,00-0031237,Teddy Bridgewater,DEN,CIN,22.0,ridge_eb,31.434387104308147,-9.434387104308149
2021_15_GB_BAL,2021,15,2021-12-19 21:25:00+00:00,00-0023459,Aaron Rodgers,GB,BAL,31.0,ridge_eb,35.087885835711695,-4.087885835711695
2021_15_GB_BAL,2021,15,2021-12-19 21:25:00+00:00,00-0035993,Tyler Huntley,BAL,GB,40.0,ridge_eb,32.55063307765045,7.449366922349547
2021_15_NO_TB,2021,15,2021-12-20 01:20:00+00:00,00-0033357,Taysom Hill,NO,TB,27.0,ridge_eb,27.482787469773378,-0.482787469773374
2021_15_NO_TB,2021,15,2021-12-20 01:20:00+00:00,00-0019596,Tom Brady,TB,NO,48.0,ridge_eb,40.01781456740899,7.9821854325910095
2021_15_LV_CLE,2021,15,2021-12-20 22:00:00+00:00,00-0033319,Nick Mullens,CLE,LV,30.0,ridge_eb,32.21385063894432,-2.213850638944322
2021_15_LV_CLE,2021,15,2021-12-20 22:00:00+00:00,00-0031280,Derek Carr,LV,CLE,38.0,ridge_eb,34.46359185616308,3.5364081438369226
2021_15_MIN_CHI,2021,15,2021-12-21 01:15:00+00:00,00-0036945,Justin Fields,CHI,MIN,39.0,ridge_eb,25.640229743293375,13.359770256706623
2021_15_MIN_CHI,2021,15,2021-12-21 01:15:00+00:00,00-0029604,Kirk Cousins,MIN,CHI,24.0,ridge_eb,37.54251104440478,-13.542511044404783
2021_15_SEA_LA,2021,15,2021-12-22 00:00:00+00:00,00-0026498,Matthew Stafford,LA,SEA,29.0,ridge_eb,36.91433565015646,-7.91433565015646
2021_15_SEA_LA,2021,15,2021-12-22 00:00:00+00:00,00-0029263,Russell Wilson,SEA,LA,31.0,ridge_eb,32.60235094617984,-1.6023509461798398
2021_15_WAS_PHI,2021,15,2021-12-22 00:00:00+00:00,00-0036389,Jalen Hurts,PHI,WAS,26.0,ridge_eb,24.98269225292725,1.0173077470727492
2021_15_WAS_PHI,2021,15,2021-12-22 00:00:00+00:00,00-0031395,Garrett Gilbert,WAS,PHI,31.0,ridge_eb,28.73505323783812,2.2649467621618804
2021_16_SF_TEN,2021,16,2021-12-24 01:20:00+00:00,00-0029701,Ryan Tannehill,TEN,SF,29.0,ridge_eb,32.06221998773116,-3.0622199877311616
2021_16_SF_TEN,2021,16,2021-12-24 01:20:00+00:00,00-0031345,Jimmy Garoppolo,SF,TEN,35.0,ridge_eb,30.92263139983774,4.077368600162259
2021_16_CLE_GB,2021,16,2021-12-25 21:30:00+00:00,00-0034855,Baker Mayfield,CLE,GB,36.0,ridge_eb,31.54869322533884,4.451306774661159
2021_16_CLE_GB,2021,16,2021-12-25 21:30:00+00:00,00-0023459,Aaron Rodgers,GB,CLE,34.0,ridge_eb,34.062112142296385,-0.0621121422963852
2021_16_IND_ARI,2021,16,2021-12-26 01:15:00+00:00,00-0035228,Kyler Murray,ARI,IND,43.0,ridge_eb,35.485676974439315,7.514323025560685
2021_16_IND_ARI,2021,16,2021-12-26 01:15:00+00:00,00-0032950,Carson Wentz,IND,ARI,28.0,ridge_eb,33.70330113839311,-5.703301138393108
2021_16_LAC_HOU,2021,16,2021-12-26 18:00:00+00:00,00-0036355,Justin Herbert,LAC,HOU,35.0,ridge_eb,38.57772563287675,-3.5777256328767493
2021_16_TB_CAR,2021,16,2021-12-26 18:00:00+00:00,00-0019596,Tom Brady,TB,CAR,30.0,ridge_eb,40.8761396452754,-10.8761396452754
2021_16_TB_CAR,2021,16,2021-12-26 18:00:00+00:00,00-0034869,Sam Darnold,CAR,TB,32.0,ridge_eb,28.229355365510447,3.7706446344895537
2021_16_NYG_PHI,2021,16,2021-12-26 18:00:00+00:00,00-0036389,Jalen Hurts,PHI,NYG,29.0,ridge_eb,24.804341697544725,4.195658302455275
2021_16_NYG_PHI,2021,16,2021-12-26 18:00:00+00:00,00-0036197,Jake Fromm,NYG,PHI,17.0,ridge_eb,27.90292039426724,-10.90292039426724
2021_16_LA_MIN,2021,16,2021-12-26 18:00:00+00:00,00-0029604,Kirk Cousins,MIN,LA,38.0,ridge_eb,37.382481166177534,0.6175188338224658
2021_16_LA_MIN,2021,16,2021-12-26 18:00:00+00:00,00-0026498,Matthew Stafford,LA,MIN,37.0,ridge_eb,36.583062361154795,0.416937638845205
2021_16_LAC_HOU,2021,16,2021-12-26 18:00:00+00:00,00-0036898,Davis Mills,HOU,LAC,27.0,ridge_eb,31.789380853637383,-4.7893808536373825
2021_16_DET_ATL,2021,16,2021-12-26 18:00:00+00:00,00-0034177,Tim Boyle,DET,ATL,34.0,ridge_eb,26.37279671558385,7.627203284416151
2021_16_JAX_NYJ,2021,16,2021-12-26 18:00:00+00:00,00-0036971,Trevor Lawrence,JAX,NYJ,39.0,ridge_eb,28.625943714085498,10.374056285914502
2021_16_DET_ATL,2021,16,2021-12-26 18:00:00+00:00,00-0026143,Matt Ryan,ATL,DET,24.0,ridge_eb,31.5775663482468,-7.577566348246801
2021_16_BUF_NE,2021,16,2021-12-26 18:00:00+00:00,00-0036972,Mac Jones,NE,BUF,32.0,ridge_eb,24.561245403595503,7.438754596404497
2021_16_BUF_NE,2021,16,2021-12-26 18:00:00+00:00,00-0034857,Josh Allen,BUF,NE,47.0,ridge_eb,36.98121821949862,10.018781780501378
2021_16_BAL_CIN,2021,16,2021-12-26 18:00:00+00:00,00-0036442,Joe Burrow,CIN,BAL,46.0,ridge_eb,33.933805715282254,12.066194284717746
2021_16_BAL_CIN,2021,16,2021-12-26 18:00:00+00:00,00-0026300,Josh Johnson,BAL,CIN,40.0,ridge_eb,27.21160114992645,12.788398850073548
2021_16_JAX_NYJ,2021,16,2021-12-26 18:00:00+00:00,00-0037013,Zach Wilson,NYJ,JAX,22.0,ridge_eb,33.83067372920793,-11.83067372920793
2021_16_CHI_SEA,2021,16,2021-12-26 21:05:00+00:00,00-0029567,Nick Foles,CHI,SEA,35.0,ridge_eb,32.17264607363527,2.82735392636473
2021_16_CHI_SEA,2021,16,2021-12-26 21:05:00+00:00,00-0029263,Russell Wilson,SEA,CHI,27.0,ridge_eb,30.22468406635088,-3.2246840663508785
2021_16_PIT_KC,2021,16,2021-12-26 21:25:00+00:00,00-0022924,Ben Roethlisberger,PIT,KC,35.0,ridge_eb,36.34214248547166,-1.342142485471662
2021_16_PIT_KC,2021,16,2021-12-26 21:25:00+00:00,00-0033873,Patrick Mahomes,KC,PIT,30.0,ridge_eb,37.33288673133949,-7.332886731339492
2021_16_DEN_LV,2021,16,2021-12-26 21:25:00+00:00,00-0035704,Drew Lock,DEN,LV,22.0,ridge_eb,31.92383376981826,-9.92383376981826
2021_16_DEN_LV,2021,16,2021-12-26 21:25:00+00:00,00-0031280,Derek Carr,LV,DEN,25.0,ridge_eb,36.19802881499652,-11.19802881499652
2021_16_WAS_DAL,2021,16,2021-12-27 01:20:00+00:00,00-0033077,Dak Prescott,DAL,WAS,39.0,ridge_eb,39.46798888762404,-0.4679888876240383
2021_16_WAS_DAL,2021,16,2021-12-27 01:20:00+00:00,00-0031800,Taylor Heinicke,WAS,DAL,22.0,ridge_eb,31.847305659406224,-9.847305659406224
2021_16_MIA_NO,2021,16,2021-12-28 01:15:00+00:00,00-0036212,Tua Tagovailoa,MIA,NO,26.0,ridge_eb,37.37154186344406,-11.371541863444058
2021_16_MIA_NO,2021,16,2021-12-28 01:15:00+00:00,00-0036929,Ian Book,NO,MIA,20.0,ridge_eb,29.61519387905498,-9.61519387905498
2021_17_NYG_CHI,2021,17,2022-01-02 18:00:00+00:00,00-0027973,Andy Dalton,CHI,NYG,35.0,ridge_eb,28.806003116492512,6.193996883507488
2021_17_MIA_TEN,2021,17,2022-01-02 18:00:00+00:00,00-0029701,Ryan Tannehill,TEN,MIA,18.0,ridge_eb,30.846551370616844,-12.846551370616844
2021_17_NYG_CHI,2021,17,2022-01-02 18:00:00+00:00,00-0030520,Mike Glennon,NYG,CHI,11.0,ridge_eb,33.029063603576155,-22.029063603576155
2021_17_MIA_TEN,2021,17,2022-01-02 18:00:00+00:00,00-0036212,Tua Tagovailoa,MIA,TEN,38.0,ridge_eb,36.56226492999729,1.4377350700027094
2021_17_PHI_WAS,2021,17,2022-01-02 18:00:00+00:00,00-0031800,Taylor Heinicke,WAS,PHI,36.0,ridge_eb,32.96309067412709,3.0369093258729123
2021_17_TB_NYJ,2021,17,2022-01-02 18:00:00+00:00,00-0037013,Zach Wilson,NYJ,TB,33.0,ridge_eb,29.856957764131774,3.1430422358682257
2021_17_TB_NYJ,2021,17,2022-01-02 18:00:00+00:00,00-0019596,Tom Brady,TB,NYJ,50.0,ridge_eb,40.89772312977498,9.10227687022502
2021_17_PHI_WAS,2021,17,2022-01-02 18:00:00+00:00,00-0036389,Jalen Hurts,PHI,WAS,26.0,ridge_eb,28.09162658568651,-2.091626585686509
2021_17_LV_IND,2021,17,2022-01-02 18:00:00+00:00,00-0031280,Derek Carr,LV,IND,31.0,ridge_eb,35.52459602310941,-4.52459602310941
2021_17_JAX_NE,2021,17,2022-01-02 18:00:00+00:00,00-0036971,Trevor Lawrence,JAX,NE,27.0,ridge_eb,28.88717450360828,-1.8871745036082783
2021_17_LA_BAL,2021,17,2022-01-02 18:00:00+00:00,00-0026498,Matthew Stafford,LA,BAL,35.0,ridge_eb,37.51100603779492,-2.511006037794921
2021_17_LA_BAL,2021,17,2022-01-02 18:00:00+00:00,00-0035993,Tyler Huntley,BAL,LA,32.0,ridge_eb,30.464898803444235,1.5351011965557646
2021_17_KC_CIN,2021,17,2022-01-02 18:00:00+00:00,00-0033873,Patrick Mahomes,KC,CIN,35.0,ridge_eb,40.66536774892995,-5.6653677489299525
2021_17_KC_CIN,2021,17,2022-01-02 18:00:00+00:00,00-0036442,Joe Burrow,CIN,KC,39.0,ridge_eb,36.30265712408136,2.697342875918636
2021_17_JAX_NE,2021,17,2022-01-02 18:00:00+00:00,00-0036972,Mac Jones,NE,JAX,30.0,ridge_eb,24.401861320481412,5.598138679518588
2021_17_LV_IND,2021,17,2022-01-02 18:00:00+00:00,00-0032950,Carson Wentz,IND,LV,27.0,ridge_eb,32.508499586283136,-5.508499586283136
2021_17_ATL_BUF,2021,17,2022-01-02 18:00:00+00:00,00-0034857,Josh Allen,BUF,ATL,26.0,ridge_eb,37.858334488647955,-11.858334488647955
2021_17_ATL_BUF,2021,17,2022-01-02 18:00:00+00:00,00-0026143,Matt Ryan,ATL,BUF,23.0,ridge_eb,30.840186726297503,-7.840186726297503
2021_17_HOU_SF,2021,17,2022-01-02 21:05:00+00:00,00-0036898,Davis Mills,HOU,SF,32.0,ridge_eb,31.121974796487905,0.8780252035120952
2021_17_HOU_SF,2021,17,2022-01-02 21:05:00+00:00,00-0037012,Trey Lance,SF,HOU,23.0,ridge_eb,23.01766223959344,-0.017662239593438
2021_17_DEN_LAC,2021,17,2022-01-02 21:05:00+00:00,00-0035704,Drew Lock,DEN,LAC,25.0,ridge_eb,28.4257291576033,-3.4257291576033
2021_17_DEN_LAC,2021,17,2022-01-02 21:05:00+00:00,00-0036355,Justin Herbert,LAC,DEN,31.0,ridge_eb,37.42966841157262,-6.429668411572621
2021_17_ARI_DAL,2021,17,2022-01-02 21:25:00+00:00,00-0035228,Kyler Murray,ARI,DAL,38.0,ridge_eb,34.36360840251011,3.63639159748989
2021_17_ARI_DAL,2021,17,2022-01-02 21:25:00+00:00,00-0033077,Dak Prescott,DAL,ARI,38.0,ridge_eb,41.70918722290968,-3.709187222909683
2021_17_CAR_NO,2021,17,2022-01-02 21:25:00+00:00,00-0034869,Sam Darnold,CAR,NO,26.0,ridge_eb,30.87267722014938,-4.872677220149381
2021_17_CAR_NO,2021,17,2022-01-02 21:25:00+00:00,00-0033357,Taysom Hill,NO,CAR,28.0,ridge_eb,27.403664098446633,0.5963359015533669
2021_17_DET_SEA,2021,17,2022-01-02 21:25:00+00:00,00-0034177,Tim Boyle,DET,SEA,37.0,ridge_eb,26.84208600712781,10.157913992872189
2021_17_DET_SEA,2021,17,2022-01-02 21:25:00+00:00,00-0029263,Russell Wilson,SEA,DET,29.0,ridge_eb,29.21449311463653,-0.2144931146365287
2021_17_MIN_GB,2021,17,2022-01-03 01:20:00+00:00,00-0023459,Aaron Rodgers,GB,MIN,38.0,ridge_eb,31.370438200063575,6.629561799936422
2021_17_MIN_GB,2021,17,2022-01-03 01:20:00+00:00,00-0032245,Sean Mannion,MIN,GB,36.0,ridge_eb,29.602928938447537,6.397071061552463
2021_17_CLE_PIT,2021,17,2022-01-04 01:15:00+00:00,00-0022924,Ben Roethlisberger,PIT,CLE,46.0,ridge_eb,36.67287950578867,9.327120494211329
2021_17_CLE_PIT,2021,17,2022-01-04 01:15:00+00:00,00-0034855,Baker Mayfield,CLE,PIT,38.0,ridge_eb,31.202435854320697,6.797564145679303
2021_18_KC_DEN,2021,18,2022-01-08 21:30:00+00:00,00-0033873,Patrick Mahomes,KC,DEN,44.0,ridge_eb,37.87953072895834,6.120469271041657
2021_18_KC_DEN,2021,18,2022-01-08 21:30:00+00:00,00-0035704,Drew Lock,DEN,KC,24.0,ridge_eb,26.1128373116591,-2.1128373116590993
2021_18_DAL_PHI,2021,18,2022-01-09 01:15:00+00:00,00-0033077,Dak Prescott,DAL,PHI,27.0,ridge_eb,37.346510351626385,-10.346510351626383
2021_18_DAL_PHI,2021,18,2022-01-09 01:15:00+00:00,00-0035289,Gardner Minshew,PHI,DAL,33.0,ridge_eb,24.156054519961614,8.843945480038386
2021_18_WAS_NYG,2021,18,2022-01-09 18:00:00+00:00,00-0031800,Taylor Heinicke,WAS,NYG,18.0,ridge_eb,32.2186489452123,-14.2186489452123
2021_18_WAS_NYG,2021,18,2022-01-09 18:00:00+00:00,00-0036197,Jake Fromm,NYG,WAS,31.0,ridge_eb,30.07204500474814,0.9279549952518592
2021_18_TEN_HOU,2021,18,2022-01-09 18:00:00+00:00,00-0029701,Ryan Tannehill,TEN,HOU,32.0,ridge_eb,29.78982651902567,2.21017348097433
2021_18_TEN_HOU,2021,18,2022-01-09 18:00:00+00:00,00-0036898,Davis Mills,HOU,TEN,33.0,ridge_eb,31.716085238206247,1.2839147617937527
2021_18_PIT_BAL,2021,18,2022-01-09 18:00:00+00:00,00-0022924,Ben Roethlisberger,PIT,BAL,44.0,ridge_eb,39.78669426666312,4.213305733336881
2021_18_IND_JAX,2021,18,2022-01-09 18:00:00+00:00,00-0036971,Trevor Lawrence,JAX,IND,32.0,ridge_eb,28.274227978257866,3.7257720217421344
2021_18_PIT_BAL,2021,18,2022-01-09 18:00:00+00:00,00-0035993,Tyler Huntley,BAL,PIT,31.0,ridge_eb,28.094561697954077,2.9054383020459227
2021_18_GB_DET,2021,18,2022-01-09 18:00:00+00:00,00-0023459,Aaron Rodgers,GB,DET,18.0,ridge_eb,35.80546202657385,-17.80546202657385
2021_18_GB_DET,2021,18,2022-01-09 18:00:00+00:00,00-0033106,Jared Goff,DET,GB,30.0,ridge_eb,32.44210241188784,-2.442102411887838
2021_18_CIN_CLE,2021,18,2022-01-09 18:00:00+00:00,00-0028986,Case Keenum,CLE,CIN,24.0,ridge_eb,34.13165694704392,-10.131656947043922
2021_18_CIN_CLE,2021,18,2022-01-09 18:00:00+00:00,00-0032434,Brandon Allen,CIN,CLE,29.0,ridge_eb,31.66690490185036,-2.666904901850362
2021_18_CHI_MIN,2021,18,2022-01-09 18:00:00+00:00,00-0029604,Kirk Cousins,MIN,CHI,22.0,ridge_eb,34.48009722009171,-12.480097220091707
2021_18_CHI_MIN,2021,18,2022-01-09 18:00:00+00:00,00-0027973,Andy Dalton,CHI,MIN,48.0,ridge_eb,32.706819461980864,15.293180538019136
2021_18_IND_JAX,2021,18,2022-01-09 18:00:00+00:00,00-0032950,Carson Wentz,IND,JAX,29.0,ridge_eb,28.795053029777748,0.2049469702222524
2021_18_SEA_ARI,2021,18,2022-01-09 21:25:00+00:00,00-0035228,Kyler Murray,ARI,SEA,39.0,ridge_eb,33.53346830255369,5.466531697446307
2021_18_SF_LA,2021,18,2022-01-09 21:25:00+00:00,00-0031345,Jimmy Garoppolo,SF,LA,32.0,ridge_eb,31.932680401837978,0.067319598162026
2021_18_SF_LA,2021,18,2022-01-09 21:25:00+00:00,00-0026498,Matthew Stafford,LA,SF,32.0,ridge_eb,37.009240242169255,-5.0092402421692555
2021_18_SEA_ARI,2021,18,2022-01-09 21:25:00+00:00,00-0029263,Russell Wilson,SEA,ARI,26.0,ridge_eb,31.40434738414462,-5.4043473841446215
2021_18_NYJ_BUF,2021,18,2022-01-09 21:25:00+00:00,00-0037013,Zach Wilson,NYJ,BUF,20.0,ridge_eb,28.7819559572394,-8.7819559572394
2021_18_NYJ_BUF,2021,18,2022-01-09 21:25:00+00:00,00-0034857,Josh Allen,BUF,NYJ,45.0,ridge_eb,34.750028568153496,10.249971431846504
2021_18_NO_ATL,2021,18,2022-01-09 21:25:00+00:00,00-0026143,Matt Ryan,ATL,NO,33.0,ridge_eb,31.276356210871555,1.7236437891284453
2021_18_NE_MIA,2021,18,2022-01-09 21:25:00+00:00,00-0036972,Mac Jones,NE,MIA,30.0,ridge_eb,23.875323405383007,6.124676594616993
2021_18_NE_MIA,2021,18,2022-01-09 21:25:00+00:00,00-0036212,Tua Tagovailoa,MIA,NE,22.0,ridge_eb,34.78880112000688,-12.78880112000688
2021_18_CAR_TB,2021,18,2022-01-09 21:25:00+00:00,00-0019596,Tom Brady,TB,CAR,37.0,ridge_eb,38.38803692947772,-1.388036929477721
2021_18_CAR_TB,2021,18,2022-01-09 21:25:00+00:00,00-0034869,Sam Darnold,CAR,TB,42.0,ridge_eb,30.454470351917664,11.545529648082336
2021_18_NO_ATL,2021,18,2022-01-09 21:25:00+00:00,00-0033357,Taysom Hill,NO,ATL,9.0,ridge_eb,29.809467137967207,-20.809467137967207
2021_18_LAC_LV,2021,18,2022-01-10 01:20:00+00:00,00-0036355,Justin Herbert,LAC,LV,64.0,ridge_eb,37.22995677810094,26.77004322189906
2021_18_LAC_LV,2021,18,2022-01-10 01:20:00+00:00,00-0031280,Derek Carr,LV,LAC,36.0,ridge_eb,34.278353499545595,1.7216465004544048
2022_01_BUF_LA,2022,1,2022-09-09 00:20:00+00:00,00-0034857,Josh Allen,BUF,LA,31.0,ridge_eb,38.49464992224363,-7.494649922243632
2022_01_BUF_LA,2022,1,2022-09-09 00:20:00+00:00,00-0026498,Matthew Stafford,LA,BUF,41.0,ridge_eb,35.23510694100384,5.764893058996158
2022_01_PHI_DET,2022,1,2022-09-11 17:00:00+00:00,00-0033106,Jared Goff,DET,PHI,37.0,ridge_eb,32.16494061467735,4.835059385322651
2022_01_PIT_CIN,2022,1,2022-09-11 17:00:00+00:00,00-0036442,Joe Burrow,CIN,PIT,53.0,ridge_eb,30.12006859988179,22.87993140011821
2022_01_PHI_DET,2022,1,2022-09-11 17:00:00+00:00,00-0036389,Jalen Hurts,PHI,DET,32.0,ridge_eb,29.334301190456987,2.665698809543013
2022_01_SF_CHI,2022,1,2022-09-11 17:00:00+00:00,00-0036945,Justin Fields,CHI,SF,17.0,ridge_eb,33.43101234339999,-16.431012343399992
2022_01_SF_CHI,2022,1,2022-09-11 17:00:00+00:00,00-0037012,Trey Lance,SF,CHI,28.0,ridge_eb,24.600728698631645,3.399271301368355
2022_01_NO_ATL,2022,1,2022-09-11 17:00:00+00:00,00-0032268,Marcus Mariota,ATL,NO,33.0,ridge_eb,28.39179125618632,4.60820874381368
2022_01_PIT_CIN,2022,1,2022-09-11 17:00:00+00:00,00-0033869,Mitch Trubisky,PIT,CIN,38.0,ridge_eb,35.26036801337605,2.739631986623948
2022_01_NE_MIA,2022,1,2022-09-11 17:00:00+00:00,00-0036972,Mac Jones,NE,MIA,30.0,ridge_eb,27.73438114664236,2.2656188533576405
2022_01_NO_ATL,2022,1,2022-09-11 17:00:00+00:00,00-0031503,Jameis Winston,NO,ATL,34.0,ridge_eb,33.78669894569032,0.2133010543096816
2022_01_JAX_WAS,2022,1,2022-09-11 17:00:00+00:00,00-0032950,Carson Wentz,WAS,JAX,41.0,ridge_eb,31.052823036002543,9.947176963997457
2022_01_JAX_WAS,2022,1,2022-09-11 17:00:00+00:00,00-0036971,Trevor Lawrence,JAX,WAS,42.0,ridge_eb,37.03306378041645,4.966936219583552
2022_01_IND_HOU,2022,1,2022-09-11 17:00:00+00:00,00-0026143,Matt Ryan,IND,HOU,50.0,ridge_eb,27.99456540153222,22.00543459846778
2022_01_IND_HOU,2022,1,2022-09-11 17:00:00+00:00,00-0036898,Davis Mills,HOU,IND,37.0,ridge_eb,37.082834939571654,-0.0828349395716543
2022_01_CLE_CAR,2022,1,2022-09-11 17:00:00+00:00,00-0033119,Jacoby Brissett,CLE,CAR,34.0,ridge_eb,32.44398576474838,1.5560142352516166
2022_01_CLE_CAR,2022,1,2022-09-11 17:00:00+00:00,00-0034855,Baker Mayfield,CAR,CLE,27.0,ridge_eb,31.323340707410708,-4.323340707410708
2022_01_BAL_NYJ,2022,1,2022-09-11 17:00:00+00:00,00-0026158,Joe Flacco,NYJ,BAL,59.0,ridge_eb,33.30780245396878,25.692197546031217
2022_01_BAL_NYJ,2022,1,2022-09-11 17:00:00+00:00,00-0034796,Lamar Jackson,BAL,NYJ,30.0,ridge_eb,30.53355944104994,-0.5335594410499382
2022_01_NE_MIA,2022,1,2022-09-11 17:00:00+00:00,00-0036212,Tua Tagovailoa,MIA,NE,33.0,ridge_eb,36.86460994111849,-3.864609941118488
2022_01_NYG_TEN,2022,1,2022-09-11 20:25:00+00:00,00-0029701,Ryan Tannehill,TEN,NYG,33.0,ridge_eb,29.255165636092187,3.744834363907813
2022_01_NYG_TEN,2022,1,2022-09-11 20:25:00+00:00,00-0035710,Daniel Jones,NYG,TEN,21.0,ridge_eb,33.5774332621946,-12.577433262194605
2022_01_LV_LAC,2022,1,2022-09-11 20:25:00+00:00,00-0031280,Derek Carr,LV,LAC,37.0,ridge_eb,39.111259766821625,-2.1112597668216253
2022_01_LV_LAC,2022,1,2022-09-11 20:25:00+00:00,00-0036355,Justin Herbert,LAC,LV,34.0,ridge_eb,37.91468545431345,-3.9146854543134495
2022_01_KC_ARI,2022,1,2022-09-11 20:25:00+00:00,00-0033873,Patrick Mahomes,KC,ARI,39.0,ridge_eb,39.08867163822759,-0.0886716382275878
2022_01_GB_MIN,2022,1,2022-09-11 20:25:00+00:00,00-0029604,Kirk Cousins,MIN,GB,32.0,ridge_eb,37.44056612548026,-5.4405661254802595
2022_01_GB_MIN,2022,1,2022-09-11 20:25:00+00:00,00-0023459,Aaron Rodgers,GB,MIN,34.0,ridge_eb,35.6403234816827,-1.6403234816826997
2022_01_KC_ARI,2022,1,2022-09-11 20:25:00+00:00,00-0035228,Kyler Murray,ARI,KC,34.0,ridge_eb,37.026357510618354,-3.026357510618354
2022_01_TB_DAL,2022,1,2022-09-12 00:20:00+00:00,00-0033077,Dak Prescott,DAL,TB,29.0,ridge_eb,38.02783392489378,-9.027833924893775
2022_01_TB_DAL,2022,1,2022-09-12 00:20:00+00:00,00-0019596,Tom Brady,TB,DAL,27.0,ridge_eb,44.34467138093752,-17.34467138093752
2022_01_DEN_SEA,2022,1,2022-09-13 00:15:00+00:00,00-0029263,Russell Wilson,DEN,SEA,42.0,ridge_eb,31.04376922856607,10.95623077143393
2022_01_DEN_SEA,2022,1,2022-09-13 00:15:00+00:00,00-0030565,Geno Smith,SEA,DEN,28.0,ridge_eb,27.83233174746189,0.1676682525381103
2022_02_LAC_KC,2022,2,2022-09-16 00:15:00+00:00,00-0033873,Patrick Mahomes,KC,LAC,35.0,ridge_eb,36.54726521575318,-1.5472652157531783
2022_02_LAC_KC,2022,2,2022-09-16 00:15:00+00:00,00-0036355,Justin Herbert,LAC,KC,48.0,ridge_eb,37.72800268905931,10.27199731094069
2022_02_WAS_DET,2022,2,2022-09-18 17:00:00+00:00,00-0032950,Carson Wentz,WAS,DET,46.0,ridge_eb,33.4946419742388,12.505358025761195
2022_02_TB_NO,2022,2,2022-09-18 17:00:00+00:00,00-0031503,Jameis Winston,NO,TB,40.0,ridge_eb,28.92525316646794,11.07474683353206
2022_02_NYJ_CLE,2022,2,2022-09-18 17:00:00+00:00,00-0033119,Jacoby Brissett,CLE,NYJ,27.0,ridge_eb,31.323150752799272,-4.323150752799272
2022_02_WAS_DET,2022,2,2022-09-18 17:00:00+00:00,00-0033106,Jared Goff,DET,WAS,34.0,ridge_eb,34.24743920603964,-0.2474392060396368
2022_02_TB_NO,2022,2,2022-09-18 17:00:00+00:00,00-0019596,Tom Brady,TB,NO,34.0,ridge_eb,36.91864529612313,-2.918645296123131
2022_02_NE_PIT,2022,2,2022-09-18 17:00:00+00:00,00-0033869,Mitch Trubisky,PIT,NE,33.0,ridge_eb,35.55709343513471,-2.5570934351347105
2022_02_NYJ_CLE,2022,2,2022-09-18 17:00:00+00:00,00-0026158,Joe Flacco,NYJ,CLE,44.0,ridge_eb,34.41993337668843,9.580066623311572
2022_02_MIA_BAL,2022,2,2022-09-18 17:00:00+00:00,00-0036212,Tua Tagovailoa,MIA,BAL,50.0,ridge_eb,31.949783197471575,18.050216802528425
2022_02_CAR_NYG,2022,2,2022-09-18 17:00:00+00:00,00-0034855,Baker Mayfield,CAR,NYG,29.0,ridge_eb,31.621340150202197,-2.6213401502021973
2022_02_CAR_NYG,2022,2,2022-09-18 17:00:00+00:00,00-0035710,Daniel Jones,NYG,CAR,34.0,ridge_eb,27.929370871168953,6.070629128831047
2022_02_NE_PIT,2022,2,2022-09-18 17:00:00+00:00,00-0036972,Mac Jones,NE,PIT,35.0,ridge_eb,25.996856009454188,9.003143990545812
2022_02_IND_JAX,2022,2,2022-09-18 17:00:00+00:00,00-0036971,Trevor Lawrence,JAX,IND,30.0,ridge_eb,30.63566819207175,-0.6356681920717513
2022_02_MIA_BAL,2022,2,2022-09-18 17:00:00+00:00,00-0034796,Lamar Jackson,BAL,MIA,29.0,ridge_eb,30.471811973484556,-1.4718119734845558
2022_02_IND_JAX,2022,2,2022-09-18 17:00:00+00:00,00-0026143,Matt Ryan,IND,JAX,30.0,ridge_eb,31.678045719935543,-1.6780457199355432
2022_02_ATL_LA,2022,2,2022-09-18 20:05:00+00:00,00-0032268,Marcus Mariota,ATL,LA,26.0,ridge_eb,30.110535883337985,-4.110535883337985
2022_02_ATL_LA,2022,2,2022-09-18 20:05:00+00:00,00-0026498,Matthew Stafford,LA,ATL,36.0,ridge_eb,34.253063328508134,1.7469366714918664
2022_02_SEA_SF,2022,2,2022-09-18 20:05:00+00:00,00-0030565,Geno Smith,SEA,SF,30.0,ridge_eb,24.842192710605275,5.157807289394725
2022_02_SEA_SF,2022,2,2022-09-18 20:05:00+00:00,00-0037012,Trey Lance,SF,SEA,3.0,ridge_eb,25.501596307082423,-22.501596307082423
2022_02_HOU_DEN,2022,2,2022-09-18 20:25:00+00:00,00-0036898,Davis Mills,HOU,DEN,38.0,ridge_eb,34.282784990544506,3.7172150094554937
2022_02_HOU_DEN,2022,2,2022-09-18 20:25:00+00:00,00-0029263,Russell Wilson,DEN,HOU,31.0,ridge_eb,25.209617852994388,5.790382147005612
2022_02_CIN_DAL,2022,2,2022-09-18 20:25:00+00:00,00-0033662,Cooper Rush,DAL,CIN,31.0,ridge_eb,33.87972540092833,-2.8797254009283293
2022_02_CIN_DAL,2022,2,2022-09-18 20:25:00+00:00,00-0036442,Joe Burrow,CIN,DAL,36.0,ridge_eb,34.18106351246909,1.8189364875309124
2022_02_ARI_LV,2022,2,2022-09-18 20:25:00+00:00,00-0031280,Derek Carr,LV,ARI,39.0,ridge_eb,35.123935566800256,3.876064433199744
2022_02_ARI_LV,2022,2,2022-09-18 20:25:00+00:00,00-0035228,Kyler Murray,ARI,LV,49.0,ridge_eb,36.14085255622076,12.859147443779245
2022_02_CHI_GB,2022,2,2022-09-19 00:20:00+00:00,00-0036945,Justin Fields,CHI,GB,11.0,ridge_eb,27.46317696348344,-16.463176963483438
2022_02_CHI_GB,2022,2,2022-09-19 00:20:00+00:00,00-0023459,Aaron Rodgers,GB,CHI,25.0,ridge_eb,30.96299261268632,-5.962992612686321
2022_02_TEN_BUF,2022,2,2022-09-19 23:15:00+00:00,00-0034857,Josh Allen,BUF,TEN,38.0,ridge_eb,34.71533660512726,3.2846633948727373
2022_02_TEN_BUF,2022,2,2022-09-19 23:15:00+00:00,00-0029701,Ryan Tannehill,TEN,BUF,20.0,ridge_eb,29.878658174751084,-9.878658174751084
2022_02_MIN_PHI,2022,2,2022-09-20 00:30:00+00:00,00-0036389,Jalen Hurts,PHI,MIN,31.0,ridge_eb,29.80921005034703,1.19078994965297
2022_02_MIN_PHI,2022,2,2022-09-20 00:30:00+00:00,00-0029604,Kirk Cousins,MIN,PHI,46.0,ridge_eb,31.454739784882744,14.545260215117256
2022_03_PIT_CLE,2022,3,2022-09-23 00:15:00+00:00,00-0033869,Mitch Trubisky,PIT,CLE,32.0,ridge_eb,32.775823877223274,-0.7758238772232744
2022_03_PIT_CLE,2022,3,2022-09-23 00:15:00+00:00,00-0033119,Jacoby Brissett,CLE,PIT,31.0,ridge_eb,29.40192499001141,1.598075009988591
2022_03_BAL_NE,2022,3,2022-09-25 17:00:00+00:00,00-0034796,Lamar Jackson,BAL,NE,29.0,ridge_eb,31.642558335847276,-2.6425583358472764
2022_03_PHI_WAS,2022,3,2022-09-25 17:00:00+00:00,00-0032950,Carson Wentz,WAS,PHI,43.0,ridge_eb,31.46071609543275,11.539283904567249
2022_03_PHI_WAS,2022,3,2022-09-25 17:00:00+00:00,00-0036389,Jalen Hurts,PHI,WAS,35.0,ridge_eb,29.952993932299066,5.047006067700934
2022_03_NO_CAR,2022,3,2022-09-25 17:00:00+00:00,00-0031503,Jameis Winston,NO,CAR,41.0,ridge_eb,29.194383184475143,11.805616815524854
2022_03_NO_CAR,2022,3,2022-09-25 17:00:00+00:00,00-0034855,Baker Mayfield,CAR,NO,25.0,ridge_eb,29.679845833003043,-4.679845833003043
2022_03_LV_TEN,2022,3,2022-09-25 17:00:00+00:00,00-0029701,Ryan Tannehill,TEN,LV,27.0,ridge_eb,30.0108325371944,-3.0108325371944
2022_03_LV_TEN,2022,3,2022-09-25 17:00:00+00:00,00-0031280,Derek Carr,LV,TEN,44.0,ridge_eb,34.47522193436695,9.52477806563305
2022_03_KC_IND,2022,3,2022-09-25 17:00:00+00:00,00-0033873,Patrick Mahomes,KC,IND,35.0,ridge_eb,37.87732112027869,-2.877321120278687
2022_03_HOU_CHI,2022,3,2022-09-25 17:00:00+00:00,00-0036898,Davis Mills,HOU,CHI,32.0,ridge_eb,31.467387040674964,0.5326129593250357
2022_03_KC_IND,2022,3,2022-09-25 17:00:00+00:00,00-0026143,Matt Ryan,IND,KC,37.0,ridge_eb,32.375249776515815,4.624750223484185
2022_03_DET_MIN,2022,3,2022-09-25 17:00:00+00:00,00-0029604,Kirk Cousins,MIN,DET,41.0,ridge_eb,33.3806688199423,7.619331180057699
2022_03_DET_MIN,2022,3,2022-09-25 17:00:00+00:00,00-0033106,Jared Goff,DET,MIN,41.0,ridge_eb,36.08012082876958,4.91987917123042
2022_03_CIN_NYJ,2022,3,2022-09-25 17:00:00+00:00,00-0026158,Joe Flacco,NYJ,CIN,52.0,ridge_eb,36.214455734851526,15.785544265148474
2022_03_CIN_NYJ,2022,3,2022-09-25 17:00:00+00:00,00-0036442,Joe Burrow,CIN,NYJ,36.0,ridge_eb,34.553063972093,1.4469360279070005
2022_03_BUF_MIA,2022,3,2022-09-25 17:00:00+00:00,00-0036212,Tua Tagovailoa,MIA,BUF,18.0,ridge_eb,34.45417719765337,-16.454177197653372
2022_03_BUF_MIA,2022,3,2022-09-25 17:00:00+00:00,00-0034857,Josh Allen,BUF,MIA,63.0,ridge_eb,37.52539244191416,25.474607558085836
2022_03_BAL_NE,2022,3,2022-09-25 17:00:00+00:00,00-0036972,Mac Jones,NE,BAL,32.0,ridge_eb,30.288321860157534,1.7116781398424656
2022_03_HOU_CHI,2022,3,2022-09-25 17:00:00+00:00,00-0036945,Justin Fields,CHI,HOU,17.0,ridge_eb,23.75888700998109,-6.758887009981091
2022_03_JAX_LAC,2022,3,2022-09-25 20:05:00+00:00,00-0036971,Trevor Lawrence,JAX,LAC,39.0,ridge_eb,33.00350773925549,5.99649226074451
2022_03_JAX_LAC,2022,3,2022-09-25 20:05:00+00:00,00-0036355,Justin Herbery,LAC,JAX,45.0,ridge_eb,38.434702825690344,6.565297174309656
2022_03_LA_ARI,2022,3,2022-09-25 20:25:00+00:00,00-0026498,Matthew Stafford,LA,ARI,25.0,ridge_eb,35.596105738273515,-10.596105738273517
2022_03_GB_TB,2022,3,2022-09-25 20:25:00+00:00,00-0019596,Tom Brady,TB,GB,42.0,ridge_eb,35.4811035196399,6.518896480360098
2022_03_LA_ARI,2022,3,2022-09-25 20:25:00+00:00,00-0035228,Kyler Murray,ARI,LA,58.0,ridge_eb,35.22613498685964,22.77386501314036
2022_03_ATL_SEA,2022,3,2022-09-25 20:25:00+00:00,00-0030565,Geno Smith,SEA,ATL,44.0,ridge_eb,27.308436244056693,16.691563755943307
2022_03_ATL_SEA,2022,3,2022-09-25 20:25:00+00:00,00-0032268,Marcus Mariota,ATL,SEA,20.0,ridge_eb,29.752674533282157,-9.752674533282155
2022_03_GB_TB,2022,3,2022-09-25 20:25:00+00:00,00-0023459,Aaron Rodgers,GB,TB,35.0,ridge_eb,32.57181986508481,2.4281801349151877
2022_03_SF_DEN,2022,3,2022-09-26 00:20:00+00:00,00-0029263,Russell Wilson,DEN,SF,33.0,ridge_eb,26.93186944243966,6.068130557560341
2022_03_SF_DEN,2022,3,2022-09-26 00:20:00+00:00,00-0031345,Jimmy Garoppolo,SF,DEN,29.0,ridge_eb,29.233408101951476,-0.2334081019514755
2022_03_DAL_NYG,2022,3,2022-09-27 00:15:00+00:00,00-0033662,Cooper Rush,DAL,NYG,31.0,ridge_eb,32.41170290356935,-1.4117029035693491
2022_03_DAL_NYG,2022,3,2022-09-27 00:15:00+00:00,00-0035710,Daniel Jones,NYG,DAL,37.0,ridge_eb,27.15986603707187,9.840133962928132
2022_04_MIA_CIN,2022,4,2022-09-30 00:15:00+00:00,00-0036442,Joe Burrow,CIN,MIA,31.0,ridge_eb,36.328104394005926,-5.328104394005926
2022_04_MIA_CIN,2022,4,2022-09-30 00:15:00+00:00,00-0036212,Tua Tagovailoa,MIA,CIN,14.0,ridge_eb,31.898513065007297,-17.898513065007297
2022_04_MIN_NO,2022,4,2022-10-02 13:30:00+00:00,00-0027973,Andy Dalton,NO,MIN,28.0,ridge_eb,31.21725563553069,-3.217255635530691
2022_04_MIN_NO,2022,4,2022-10-02 13:30:00+00:00,00-0029604,Kirk Cousins,MIN,NO,38.0,ridge_eb,32.92490948028844,5.075090519711559
2022_04_WAS_DAL,2022,4,2022-10-02 17:00:00+00:00,00-0033662,Cooper Rush,DAL,WAS,27.0,ridge_eb,33.48081853860338,-6.48081853860338
2022_04_TEN_IND,2022,4,2022-10-02 17:00:00+00:00,00-0029701,Ryan Tannehill,TEN,IND,21.0,ridge_eb,28.80486480792468,-7.80486480792468
2022_04_WAS_DAL,2022,4,2022-10-02 17:00:00+00:00,00-0032950,Carson Wentz,WAS,DAL,42.0,ridge_eb,32.51373940004267,9.486260599957332
2022_04_SEA_DET,2022,4,2022-10-02 17:00:00+00:00,00-0030565,Geno Smith,SEA,DET,30.0,ridge_eb,30.079410900654047,-0.0794109006540466
2022_04_SEA_DET,2022,4,2022-10-02 17:00:00+00:00,00-0033106,Jared Goff,DET,SEA,39.0,ridge_eb,37.063146798067365,1.9368532019326352
2022_04_NYJ_PIT,2022,4,2022-10-02 17:00:00+00:00,00-0033869,Mitch Trubisky,PIT,NYJ,13.0,ridge_eb,33.88516790063355,-20.885167900633547
2022_04_NYJ_PIT,2022,4,2022-10-02 17:00:00+00:00,00-0037013,Zach Wilson,NYJ,PIT,36.0,ridge_eb,31.58498514185652,4.415014858143479
2022_04_LAC_HOU,2022,4,2022-10-02 17:00:00+00:00,00-0036355,Justin Herbert,LAC,HOU,39.0,ridge_eb,36.41557263416091,2.5844273658390904
2022_04_TEN_IND,2022,4,2022-10-02 17:00:00+00:00,00-0026143,Matt Ryan,IND,TEN,37.0,ridge_eb,30.73223361888342,6.26776638111658
2022_04_JAX_PHI,2022,4,2022-10-02 17:00:00+00:00,00-0036389,Jalen Hurts,PHI,JAX,25.0,ridge_eb,31.03347195659166,-6.0334719565916615
2022_04_JAX_PHI,2022,4,2022-10-02 17:00:00+00:00,00-0036971,Trevor Lawrence,JAX,PHI,23.0,ridge_eb,32.977418959240985,-9.977418959240984
2022_04_CLE_ATL,2022,4,2022-10-02 17:00:00+00:00,00-0033119,Jacoby Brissett,CLE,ATL,35.0,ridge_eb,34.511261060465586,0.4887389395344144
2022_04_CLE_ATL,2022,4,2022-10-02 17:00:00+00:00,00-0032268,Marcus Mariota,ATL,CLE,19.0,ridge_eb,27.89596525150811,-8.895965251508109
2022_04_CHI_NYG,2022,4,2022-10-02 17:00:00+00:00,00-0035710,Daniel Jones,NYG,CHI,13.0,ridge_eb,27.664942164603456,-14.664942164603456
2022_04_CHI_NYG,2022,4,2022-10-02 17:00:00+00:00,00-0036945,Justin Fields,CHI,NYG,22.0,ridge_eb,23.90674956498231,-1.9067495649823096
2022_04_BUF_BAL,2022,4,2022-10-02 17:00:00+00:00,00-0034857,Josh Allen,BUF,BAL,36.0,ridge_eb,38.931261644106776,-2.931261644106776
2022_04_BUF_BAL,2022,4,2022-10-02 17:00:00+00:00,00-0034796,Lamar Jackson,BAL,BUF,29.0,ridge_eb,31.56604106570899,-2.5660410657089905
2022_04_LAC_HOU,2022,4,2022-10-02 17:00:00+00:00,00-0036898,Davis Mills,HOU,LAC,35.0,ridge_eb,33.86337445119502,1.1366255488049788
2022_04_ARI_CAR,2022,4,2022-10-02 20:05:00+00:00,00-0035228,Kyler Murray,ARI,CAR,32.0,ridge_eb,35.84376272548881,-3.843762725488809
2022_04_ARI_CAR,2022,4,2022-10-02 20:05:00+00:00,00-0034855,Baker Mayfield,CAR,ARI,36.0,ridge_eb,31.277600588659872,4.7223994113401275
2022_04_DEN_LV,2022,4,2022-10-02 20:25:00+00:00,00-0029263,Russell Wilson,DEN,LV,25.0,ridge_eb,30.320243396151177,-5.320243396151174
2022_04_DEN_LV,2022,4,2022-10-02 20:25:00+00:00,00-0031280,Derek Carr,LV,DEN,34.0,ridge_eb,35.214201419781055,-1.2142014197810551
2022_04_NE_GB,2022,4,2022-10-02 20:25:00+00:00,00-0023459,Aaron Rodgers,GB,NE,35.0,ridge_eb,32.93547792175203,2.0645220782479683
2022_04_NE_GB,2022,4,2022-10-02 20:25:00+00:00,00-0026625,Brian Hoyer,NE,GB,6.0,ridge_eb,29.784968001839857,-23.784968001839857
2022_04_KC_TB,2022,4,2022-10-03 00:20:00+00:00,00-0019596,Tom Brady,TB,KC,52.0,ridge_eb,37.72337311532764,14.27662688467236
2022_04_KC_TB,2022,4,2022-10-03 00:20:00+00:00,00-0033873,Patrick Mahomes,KC,TB,37.0,ridge_eb,36.9235210818097,0.0764789181902969
2022_04_LA_SF,2022,4,2022-10-04 00:15:00+00:00,00-0026498,Matthew Stafford,LA,SF,48.0,ridge_eb,31.513586951652787,16.486413048347213
2022_04_LA_SF,2022,4,2022-10-04 00:15:00+00:00,00-0031345,Jimmy Garoppolo,SF,LA,27.0,ridge_eb,27.27234215267644,-0.2723421526764404
2022_05_IND_DEN,2022,5,2022-10-07 00:15:00+00:00,00-0029263,Russell Wilson,DEN,IND,39.0,ridge_eb,27.852477033308215,11.147522966691785
2022_05_IND_DEN,2022,5,2022-10-07 00:15:00+00:00,00-0026143,Matt Ryan,IND,DEN,41.0,ridge_eb,32.019325653875065,8.980674346124935
2022_05_NYG_GB,2022,5,2022-10-09 13:30:00+00:00,00-0023459,Aaron Rodgers,GB,NYG,39.0,ridge_eb,33.08716955635387,5.912830443646129
2022_05_NYG_GB,2022,5,2022-10-09 13:30:00+00:00,00-0035710,Daniel Jones,NYG,GB,27.0,ridge_eb,25.546385940211987,1.4536140597880127
2022_05_TEN_WAS,2022,5,2022-10-09 17:00:00+00:00,00-0029701,Ryan Tannehill,TEN,WAS,25.0,ridge_eb,29.27124984242461,-4.271249842424609
2022_05_SEA_NO,2022,5,2022-10-09 17:00:00+00:00,00-0030565,Geno Smith,SEA,NO,25.0,ridge_eb,30.7941676666452,-5.794167666645198
2022_05_SEA_NO,2022,5,2022-10-09 17:00:00+00:00,00-0027973,Andy Dalton,NO,SEA,24.0,ridge_eb,31.516916257661908,-7.516916257661908
2022_05_PIT_BUF,2022,5,2022-10-09 17:00:00+00:00,00-0038102,Kenny Pickett,PIT,BUF,52.0,ridge_eb,31.23910871993433,20.76089128006567
2022_05_TEN_WAS,2022,5,2022-10-09 17:00:00+00:00,00-0032950,Carson Wentz,WAS,TEN,38.0,ridge_eb,33.32091654353463,4.679083456465371
2022_05_PIT_BUF,2022,5,2022-10-09 17:00:00+00:00,00-0034857,Josh Allen,BUF,PIT,31.0,ridge_eb,34.65297008641785,-3.652970086417852
2022_05_MIA_NYJ,2022,5,2022-10-09 17:00:00+00:00,00-0037013,Zach Wilson,NYJ,MIA,21.0,ridge_eb,33.53035718424336,-12.530357184243355
2022_05_MIA_NYJ,2022,5,2022-10-09 17:00:00+00:00,00-0031237,Teddy Bridgewater,MIA,NYJ,1.0,ridge_eb,30.929526753147464,-29.929526753147464
2022_05_LAC_CLE,2022,5,2022-10-09 17:00:00+00:00,00-0036355,Justin Herbert,LAC,CLE,34.0,ridge_eb,36.207625047280466,-2.207625047280466
2022_05_DET_NE,2022,5,2022-10-09 17:00:00+00:00,00-0033106,Jared Goff,DET,NE,35.0,ridge_eb,35.83374402209382,-0.8337440220938177
2022_05_HOU_JAX,2022,5,2022-10-09 17:00:00+00:00,00-0036971,Trevor Lawrence,JAX,HOU,47.0,ridge_eb,31.130487547682172,15.869512452317828
2022_05_HOU_JAX,2022,5,2022-10-09 17:00:00+00:00,00-0036898,Davis Mills,HOU,JAX,24.0,ridge_eb,33.01547436614581,-9.01547436614581
2022_05_DET_NE,2022,5,2022-10-09 17:00:00+00:00,00-0038108,Bailey Zappe,NE,DET,21.0,ridge_eb,28.046087956892663,-7.046087956892663
2022_05_CHI_MIN,2022,5,2022-10-09 17:00:00+00:00,00-0029604,Kirk Cousins,MIN,CHI,41.0,ridge_eb,32.03302561429794,8.96697438570206
2022_05_CHI_MIN,2022,5,2022-10-09 17:00:00+00:00,00-0036945,Justin Fields,CHI,MIN,21.0,ridge_eb,24.353892984999813,-3.353892984999814
2022_05_ATL_TB,2022,5,2022-10-09 17:00:00+00:00,00-0019596,Tom Brady,TB,ATL,52.0,ridge_eb,35.917113784683835,16.082886215316165
2022_05_ATL_TB,2022,5,2022-10-09 17:00:00+00:00,00-0032268,Marcus Mariota,ATL,TB,25.0,ridge_eb,27.652052829751067,-2.6520528297510673
2022_05_LAC_CLE,2022,5,2022-10-09 17:00:00+00:00,00-0033119,Jacoby Brissett,CLE,LAC,34.0,ridge_eb,33.729525611321094,0.270474388678906
2022_05_SF_CAR,2022,5,2022-10-09 20:05:00+00:00,00-0034855,Baker Mayfield,CAR,SF,36.0,ridge_eb,29.77896390155533,6.221036098444674
2022_05_SF_CAR,2022,5,2022-10-09 20:05:00+00:00,00-0031345,Jimmy Garoppolo,SF,CAR,30.0,ridge_eb,27.190707256854207,2.809292743145793
2022_05_PHI_ARI,2022,5,2022-10-09 20:25:00+00:00,00-0035228,Kyler Murray,ARI,PHI,42.0,ridge_eb,34.87310960109832,7.126890398901679
2022_05_PHI_ARI,2022,5,2022-10-09 20:25:00+00:00,00-0036389,Jalen Hurts,PHI,ARI,36.0,ridge_eb,32.31970508158831,3.6802949184116898
2022_05_DAL_LA,2022,5,2022-10-09 20:25:00+00:00,00-0033662,Cooper Rush,DAL,LA,16.0,ridge_eb,34.13378467267233,-18.133784672672327
2022_05_DAL_LA,2022,5,2022-10-09 20:25:00+00:00,00-0026498,Matthew Stafford,LA,DAL,42.0,ridge_eb,33.47401709357151,8.525982906428489
2022_05_CIN_BAL,2022,5,2022-10-10 00:20:00+00:00,00-0034796,Lamar Jackson,BAL,CIN,32.0,ridge_eb,30.25699420202132,1.7430057979786788
2022_05_CIN_BAL,2022,5,2022-10-10 00:20:00+00:00,00-0036442,Joe Burrow,CIN,BAL,35.0,ridge_eb,34.606388071249015,0.3936119287509854
2022_05_LV_KC,2022,5,2022-10-11 00:15:00+00:00,00-0033873,Patrick Mahomes,KC,LV,43.0,ridge_eb,37.12895196120051,5.871048038799493
2022_05_LV_KC,2022,5,2022-10-11 00:15:00+00:00,00-0031280,Derek Carr,LV,KC,30.0,ridge_eb,34.94224836318632,-4.942248363186323
2022_06_WAS_CHI,2022,6,2022-10-14 00:15:00+00:00,00-0036945,Justin Fields,CHI,WAS,27.0,ridge_eb,22.401370501269795,4.5986294987302045
2022_06_WAS_CHI,2022,6,2022-10-14 00:15:00+00:00,00-0032950,Carson Wentz,WAS,CHI,22.0,ridge_eb,31.536066110161343,-9.536066110161345
2022_06_NE_CLE,2022,6,2022-10-16 17:00:00+00:00,00-0038108,Bailey Zappe,NE,CLE,34.0,ridge_eb,25.702684196592067,8.297315803407933
2022_06_TB_PIT,2022,6,2022-10-16 17:00:00+00:00,00-0019596,Tom Brady,TB,PIT,40.0,ridge_eb,38.69693116551569,1.303068834484307
2022_06_TB_PIT,2022,6,2022-10-16 17:00:00+00:00,00-0038102,Kenny Pickett,PIT,TB,18.0,ridge_eb,37.635572213119254,-19.635572213119257
2022_06_SF_ATL,2022,6,2022-10-16 17:00:00+00:00,00-0031345,Jimmy Garoppolo,SF,ATL,41.0,ridge_eb,29.758631358073035,11.241368641926965
2022_06_SF_ATL,2022,6,2022-10-16 17:00:00+00:00,00-0032268,Marcus Mariota,ATL,SF,14.0,ridge_eb,27.3564063837015,-13.3564063837015
2022_06_NYJ_GB,2022,6,2022-10-16 17:00:00+00:00,00-0037013,Zach Wilson,NYJ,GB,18.0,ridge_eb,27.5391768071574,-9.5391768071574
2022_06_NYJ_GB,2022,6,2022-10-16 17:00:00+00:00,00-0023459,Aaron Rodgers,GB,NYJ,41.0,ridge_eb,33.345336991821796,7.654663008178204
2022_06_NE_CLE,2022,6,2022-10-16 17:00:00+00:00,00-0033119,Jacoby Brissett,CLE,NE,45.0,ridge_eb,32.26236649345152,12.737633506548477
2022_06_CIN_NO,2022,6,2022-10-16 17:00:00+00:00,00-0036442,Joe Burrow,CIN,NO,37.0,ridge_eb,34.16387648293129,2.8361235170687067
2022_06_MIN_MIA,2022,6,2022-10-16 17:00:00+00:00,00-0031237,Teddy Bridgewater,MIA,MIN,34.0,ridge_eb,29.54131757496979,4.4586824250302115
2022_06_JAX_IND,2022,6,2022-10-16 17:00:00+00:00,00-0036971,Trevor Lawrence,JAX,IND,22.0,ridge_eb,32.83288902023281,-10.832889020232813
2022_06_JAX_IND,2022,6,2022-10-16 17:00:00+00:00,00-0026143,Matt Ryan,IND,JAX,58.0,ridge_eb,31.704787748371267,26.295212251628733
2022_06_CIN_NO,2022,6,2022-10-16 17:00:00+00:00,00-0027973,Andy Dalton,NO,CIN,32.0,ridge_eb,30.382401118573963,1.6175988814260371
2022_06_BAL_NYG,2022,6,2022-10-16 17:00:00+00:00,00-0035710,Daniel Jones,NYG,BAL,27.0,ridge_eb,27.36557006927476,-0.3655700692747601
2022_06_BAL_NYG,2022,6,2022-10-16 17:00:00+00:00,00-0034796,Lamar Jackson,BAL,NYG,32.0,ridge_eb,30.446806836440388,1.5531931635596123
2022_06_MIN_MIA,2022,6,2022-10-16 17:00:00+00:00,00-0029604,Kirk Cousins,MIN,MIA,30.0,ridge_eb,35.01687064599124,-5.01687064599124
2022_06_CAR_LA,2022,6,2022-10-16 20:05:00+00:00,00-0026498,Matthew Stafford,LA,CAR,33.0,ridge_eb,34.53237892418174,-1.5323789241817425
2022_06_CAR_LA,2022,6,2022-10-16 20:05:00+00:00,00-0033275,Phillip Walker,CAR,LA,16.0,ridge_eb,36.28560769827906,-20.28560769827906
2022_06_ARI_SEA,2022,6,2022-10-16 20:05:00+00:00,00-0030565,Geno Smith,SEA,ARI,31.0,ridge_eb,30.728891200282835,0.2711087997171653
2022_06_ARI_SEA,2022,6,2022-10-16 20:05:00+00:00,00-0035228,Kyler Murray,ARI,SEA,37.0,ridge_eb,35.39441791494285,1.6055820850571507
2022_06_BUF_KC,2022,6,2022-10-16 20:25:00+00:00,00-0034857,Josh Allen,BUF,KC,40.0,ridge_eb,39.15338494557641,0.8466150544235873
2022_06_BUF_KC,2022,6,2022-10-16 20:25:00+00:00,00-0033873,Patrick Mahomes,KC,BUF,40.0,ridge_eb,39.82792986190182,0.1720701380981779
2022_06_DAL_PHI,2022,6,2022-10-17 00:20:00+00:00,00-0033662,Cooper Rush,DAL,PHI,38.0,ridge_eb,28.266422213955956,9.733577786044044
2022_06_DAL_PHI,2022,6,2022-10-17 00:20:00+00:00,00-0036389,Jalen Hurts,PHI,DAL,25.0,ridge_eb,29.334527801568303,-4.334527801568306
2022_06_DEN_LAC,2022,6,2022-10-18 00:15:00+00:00,00-0029263,Russell Wilson,DEN,LAC,28.0,ridge_eb,30.36856526372589,-2.368565263725891
2022_06_DEN_LAC,2022,6,2022-10-18 00:15:00+00:00,00-0036355,Justin Herbert,LAC,DEN,57.0,ridge_eb,37.661241648549385,19.338758351450615
2022_07_NO_ARI,2022,7,2022-10-21 00:15:00+00:00,00-0027973,Andy Dalton,NO,ARI,47.0,ridge_eb,30.69732685790489,16.30267314209511
2022_07_NO_ARI,2022,7,2022-10-21 00:15:00+00:00,00-0035228,Kyler Murray,ARI,NO,29.0,ridge_eb,33.92787091769485,-4.927870917694847
2022_07_TB_CAR,2022,7,2022-10-23 17:00:00+00:00,00-0019596,Tom Brady,TB,CAR,49.0,ridge_eb,37.027239798836,11.972760201164
2022_07_TB_CAR,2022,7,2022-10-23 17:00:00+00:00,00-0033275,Phillip Walker,CAR,TB,22.0,ridge_eb,27.1376026615404,-5.137602661540402
2022_07_NYG_JAX,2022,7,2022-10-23 17:00:00+00:00,00-0035710,Daniel Jones,NYG,JAX,30.0,ridge_eb,27.33340738692545,2.666592613074549
2022_07_IND_TEN,2022,7,2022-10-23 17:00:00+00:00,00-0029701,Ryan Tannehill,TEN,IND,20.0,ridge_eb,28.573894424146612,-8.573894424146612
2022_07_IND_TEN,2022,7,2022-10-23 17:00:00+00:00,00-0026143,Matt Ryan,IND,TEN,44.0,ridge_eb,34.7706951163476,9.229304883652397
2022_07_GB_WAS,2022,7,2022-10-23 17:00:00+00:00,00-0031800,Taylor Heinicke,WAS,GB,33.0,ridge_eb,31.98856124789762,1.0114387521023789
2022_07_NYG_JAX,2022,7,2022-10-23 17:00:00+00:00,00-0036971,Trevor Lawrence,JAX,NYG,43.0,ridge_eb,32.100590044711495,10.899409955288505
2022_07_DET_DAL,2022,7,2022-10-23 17:00:00+00:00,00-0033106,Jared Goff,DET,DAL,26.0,ridge_eb,35.67439848142116,-9.674398481421155
2022_07_DET_DAL,2022,7,2022-10-23 17:00:00+00:00,00-0033077,Dak Prescott,DAL,DET,25.0,ridge_eb,32.0226756470594,-7.022675647059401
2022_07_CLE_BAL,2022,7,2022-10-23 17:00:00+00:00,00-0033119,Jacoby Brissett,CLE,BAL,27.0,ridge_eb,33.70850687571753,-6.708506875717532
2022_07_CLE_BAL,2022,7,2022-10-23 17:00:00+00:00,00-0034796,Lamar Jackson,BAL,CLE,16.0,ridge_eb,28.692833198750215,-12.692833198750217
2022_07_ATL_CIN,2022,7,2022-10-23 17:00:00+00:00,00-0036442,Joe Burrow,CIN,ATL,42.0,ridge_eb,35.28505000562274,6.714949994377257
2022_07_ATL_CIN,2022,7,2022-10-23 17:00:00+00:00,00-0032268,Marcus Mariota,ATL,CIN,13.0,ridge_eb,25.113215095282857,-12.113215095282856
2022_07_GB_WAS,2022,7,2022-10-23 17:00:00+00:00,00-0023459,Aaron Rodgers,GB,WAS,35.0,ridge_eb,34.33507703329388,0.664922966706122
2022_07_HOU_LV,2022,7,2022-10-23 20:05:00+00:00,00-0036898,Davis Mills,HOU,LV,41.0,ridge_eb,33.67687036148669,7.323129638513308
2022_07_HOU_LV,2022,7,2022-10-23 20:05:00+00:00,00-0031280,Derek Carr,LV,HOU,27.0,ridge_eb,32.88455300909625,-5.884553009096251
2022_07_NYJ_DEN,2022,7,2022-10-23 20:05:00+00:00,00-0034955,Brett Rypien,DEN,NYJ,46.0,ridge_eb,29.465651203790426,16.534348796209574
2022_07_NYJ_DEN,2022,7,2022-10-23 20:05:00+00:00,00-0037013,Zach Wilson,NYJ,DEN,26.0,ridge_eb,26.461217948230356,-0.461217948230356
2022_07_KC_SF,2022,7,2022-10-23 20:25:00+00:00,00-0033873,Patrick Mahomes,KC,SF,34.0,ridge_eb,38.81701835578692,-4.817018355786921
2022_07_KC_SF,2022,7,2022-10-23 20:25:00+00:00,00-0031345,Jimmy Garoppolo,SF,KC,37.0,ridge_eb,31.439667009403244,5.560332990596756
2022_07_SEA_LAC,2022,7,2022-10-23 20:25:00+00:00,00-0036355,Justin Herbert,LAC,SEA,51.0,ridge_eb,39.65045276371493,11.34954723628507
2022_07_SEA_LAC,2022,7,2022-10-23 20:25:00+00:00,00-0030565,Geno Smith,SEA,LAC,27.0,ridge_eb,32.15077122391427,-5.150771223914269
2022_07_PIT_MIA,2022,7,2022-10-24 00:20:00+00:00,00-0038102,Kenny Pickett,PIT,MIA,44.0,ridge_eb,37.55646964654444,6.443530353455557
2022_07_PIT_MIA,2022,7,2022-10-24 00:20:00+00:00,00-0036212,Tua Tagovailoa,MIA,PIT,35.0,ridge_eb,32.466521222516604,2.5334787774833956
2022_07_CHI_NE,2022,7,2022-10-25 00:15:00+00:00,00-0036945,Justin Fields,CHI,NE,21.0,ridge_eb,22.284243418386243,-1.284243418386243
2022_07_CHI_NE,2022,7,2022-10-25 00:15:00+00:00,00-0036972,Mac Jones,NE,CHI,6.0,ridge_eb,28.37694093999396,-22.37694093999396
2022_08_BAL_TB,2022,8,2022-10-28 00:15:00+00:00,00-0034796,Lamar Jackson,BAL,TB,38.0,ridge_eb,29.948752913340385,8.051247086659618
2022_08_BAL_TB,2022,8,2022-10-28 00:15:00+00:00,00-0019596,Tom Brady,TB,BAL,44.0,ridge_eb,38.904285031630046,5.095714968369954
2022_08_DEN_JAX,2022,8,2022-10-30 13:30:00+00:00,00-0029263,Russell Wilson,DEN,JAX,30.0,ridge_eb,30.381752711773256,-0.381752711773256
2022_08_DEN_JAX,2022,8,2022-10-30 13:30:00+00:00,00-0036971,Trevor Lawrence,JAX,DEN,31.0,ridge_eb,33.48850899815793,-2.4885089981579327
2022_08_PIT_PHI,2022,8,2022-10-30 17:00:00+00:00,00-0038102,Kenny Pickett,PIT,PHI,38.0,ridge_eb,33.917568343808085,4.082431656191915
2022_08_PIT_PHI,2022,8,2022-10-30 17:00:00+00:00,00-0036389,Jalen Hurts,PHI,PIT,28.0,ridge_eb,29.550573445713535,-1.5505734457135354
2022_08_NE_NYJ,2022,8,2022-10-30 17:00:00+00:00,00-0037013,Zach Wilson,NYJ,NE,41.0,ridge_eb,25.081113773046976,15.918886226953024
2022_08_NE_NYJ,2022,8,2022-10-30 17:00:00+00:00,00-0036972,Mac Jones,NE,NYJ,35.0,ridge_eb,28.186640369259504,6.813359630740496
2022_08_MIA_DET,2022,8,2022-10-30 17:00:00+00:00,00-0036212,Tua Tagovailoa,MIA,DET,36.0,ridge_eb,35.428675491318955,0.5713245086810446
2022_08_MIA_DET,2022,8,2022-10-30 17:00:00+00:00,00-0033106,Jared Goff,DET,MIA,37.0,ridge_eb,36.845691700469494,0.1543082995305056
2022_08_CHI_DAL,2022,8,2022-10-30 17:00:00+00:00,00-0036945,Justin Fields,CHI,DAL,23.0,ridge_eb,22.091550881795666,0.9084491182043344
2022_08_CHI_DAL,2022,8,2022-10-30 17:00:00+00:00,00-0033077,Dak Prescott,DAL,CHI,27.0,ridge_eb,29.2653613294313,-2.2653613294313004
2022_08_CAR_ATL,2022,8,2022-10-30 17:00:00+00:00,00-0033275,Phillip Walker,CAR,ATL,36.0,ridge_eb,29.027441017150817,6.972558982849183
2022_08_CAR_ATL,2022,8,2022-10-30 17:00:00+00:00,00-0032268,Marcus Mariota,ATL,CAR,28.0,ridge_eb,23.573497620693356,4.426502379306644
2022_08_ARI_MIN,2022,8,2022-10-30 17:00:00+00:00,00-0029604,Kirk Cousins,MIN,ARI,36.0,ridge_eb,36.16813524322681,-0.168135243226807
2022_08_ARI_MIN,2022,8,2022-10-30 17:00:00+00:00,00-0035228,Kyler Murray,ARI,MIN,44.0,ridge_eb,36.04284252346291,7.957157476537091
2022_08_LV_NO,2022,8,2022-10-30 17:00:00+00:00,00-0031280,Derek Carr,LV,NO,26.0,ridge_eb,33.46411662693142,-7.464116626931421
2022_08_TEN_HOU,2022,8,2022-10-30 20:05:00+00:00,00-0036898,Davis Mills,HOU,TEN,29.0,ridge_eb,32.4681667054748,-3.4681667054748004
2022_08_TEN_HOU,2022,8,2022-10-30 20:05:00+00:00,00-0038128,Malik Willis,TEN,HOU,10.0,ridge_eb,27.02576058264796,-17.025760582647962
2022_08_WAS_IND,2022,8,2022-10-30 20:25:00+00:00,00-0031800,Taylor Heinicke,WAS,IND,31.0,ridge_eb,33.50884853726321,-2.508848537263212
2022_08_SF_LA,2022,8,2022-10-30 20:25:00+00:00,00-0031345,Jimmy Garoppolo,SF,LA,25.0,ridge_eb,32.17091102968207,-7.170911029682067
2022_08_WAS_IND,2022,8,2022-10-30 20:25:00+00:00,00-0036879,Sam Ehlinger,IND,WAS,23.0,ridge_eb,33.159718584735636,-10.159718584735636
2022_08_NYG_SEA,2022,8,2022-10-30 20:25:00+00:00,00-0030565,Geno Smith,SEA,NYG,34.0,ridge_eb,30.046759732239614,3.9532402677603855
2022_08_NYG_SEA,2022,8,2022-10-30 20:25:00+00:00,00-0035710,Daniel Jones,NYG,SEA,31.0,ridge_eb,26.38346138054651,4.616538619453486
2022_08_SF_LA,2022,8,2022-10-30 20:25:00+00:00,00-0026498,Matthew Stafford,LA,SF,33.0,ridge_eb,34.48505549293372,-1.485055492933718
2022_08_GB_BUF,2022,8,2022-10-31 00:20:00+00:00,00-0034857,Josh Allen,BUF,GB,25.0,ridge_eb,35.99652945099346,-10.996529450993457
2022_08_GB_BUF,2022,8,2022-10-31 00:20:00+00:00,00-0023459,Aaron Rodgers,GB,BUF,30.0,ridge_eb,35.13624969749732,-5.13624969749732
2022_08_CIN_CLE,2022,8,2022-11-01 00:15:00+00:00,00-0036442,Joe Burrow,CIN,CLE,35.0,ridge_eb,34.709145744630014,0.290854255369986
2022_08_CIN_CLE,2022,8,2022-11-01 00:15:00+00:00,00-0033119,Jacoby Brissett,CLE,CIN,22.0,ridge_eb,32.29275176184723,-10.292751761847228
2022_09_PHI_HOU,2022,9,2022-11-04 00:15:00+00:00,00-0036898,Davis Mills,HOU,PHI,22.0,ridge_eb,30.85254486535822,-8.852544865358219
2022_09_PHI_HOU,2022,9,2022-11-04 00:15:00+00:00,00-0036389,Jalen Hurts,PHI,HOU,27.0,ridge_eb,30.339900764643833,-3.339900764643833
2022_09_MIN_WAS,2022,9,2022-11-06 18:00:00+00:00,00-0031800,Taylor Heinicke,WAS,MIN,28.0,ridge_eb,31.984516920853945,-3.9845169208539457
2022_09_MIN_WAS,2022,9,2022-11-06 18:00:00+00:00,00-0029604,Kirk Cousins,MIN,WAS,40.0,ridge_eb,34.853451337423046,5.146548662576954
2022_09_MIA_CHI,2022,9,2022-11-06 18:00:00+00:00,00-0036212,Tua Tagovailoa,MIA,CHI,30.0,ridge_eb,32.3841796694988,-2.384179669498799
2022_09_LV_JAX,2022,9,2022-11-06 18:00:00+00:00,00-0031280,Derek Carr,LV,JAX,36.0,ridge_eb,32.47729453489925,3.5227054651007492
2022_09_LV_JAX,2022,9,2022-11-06 18:00:00+00:00,00-0036971,Trevor Lawrence,JAX,LV,31.0,ridge_eb,34.34052524617045,-3.3405252461704507
2022_09_LAC_ATL,2022,9,2022-11-06 18:00:00+00:00,00-0036355,Justin Herbert,LAC,ATL,43.0,ridge_eb,39.71502818889133,3.2849718111086688
2022_09_LAC_ATL,2022,9,2022-11-06 18:00:00+00:00,00-0032268,Marcus Mariota,ATL,LAC,23.0,ridge_eb,25.280997618576603,-2.2809976185766025
2022_09_MIA_CHI,2022,9,2022-11-06 18:00:00+00:00,00-0036945,Justin Fields,CHI,MIA,28.0,ridge_eb,25.002498818353835,2.9975011816461645
2022_09_IND_NE,2022,9,2022-11-06 18:00:00+00:00,00-0036879,Sam Ehlinger,IND,NE,29.0,ridge_eb,27.45073720373699,1.5492627962630117
2022_09_GB_DET,2022,9,2022-11-06 18:00:00+00:00,00-0023459,Aaron Rodgers,GB,DET,43.0,ridge_eb,35.681740956128294,7.318259043871706
2022_09_GB_DET,2022,9,2022-11-06 18:00:00+00:00,00-0033106,Jared Goff,DET,GB,26.0,ridge_eb,34.89021842410797,-8.890218424107971
2022_09_CAR_CIN,2022,9,2022-11-06 18:00:00+00:00,00-0036442,Joe Burrow,CIN,CAR,28.0,ridge_eb,34.98887945590989,-6.988879455909888
2022_09_CAR_CIN,2022,9,2022-11-06 18:00:00+00:00,00-0033275,Phillip Walker,CAR,CIN,10.0,ridge_eb,30.01445190978599,-20.01445190978599
2022_09_BUF_NYJ,2022,9,2022-11-06 18:00:00+00:00,00-0037013,Zach Wilson,NYJ,BUF,25.0,ridge_eb,27.643049680514668,-2.643049680514668
2022_09_BUF_NYJ,2022,9,2022-11-06 18:00:00+00:00,00-0034857,Josh Allen,BUF,NYJ,34.0,ridge_eb,35.19616368560355,-1.1961636856035511
2022_09_IND_NE,2022,9,2022-11-06 18:00:00+00:00,00-0036972,Mac Jones,NE,IND,30.0,ridge_eb,30.3503386830968,-0.3503386830968011
2022_09_SEA_ARI,2022,9,2022-11-06 21:05:00+00:00,00-0035228,Kyler Murray,ARI,SEA,35.0,ridge_eb,34.52917306557744,0.4708269344225613
2022_09_SEA_ARI,2022,9,2022-11-06 21:05:00+00:00,00-0030565,Geno Smith,SEA,ARI,34.0,ridge_eb,32.73249420273058,1.267505797269422
2022_09_LA_TB,2022,9,2022-11-06 21:25:00+00:00,00-0026498,Matthew Stafford,LA,TB,27.0,ridge_eb,34.45430524143824,-7.454305241438242
2022_09_LA_TB,2022,9,2022-11-06 21:25:00+00:00,00-0019596,Tom Brady,TB,LA,58.0,ridge_eb,38.6455506146122,19.3544493853878
2022_09_TEN_KC,2022,9,2022-11-07 01:20:00+00:00,00-0038128,Malik Willis,TEN,KC,16.0,ridge_eb,21.66772398526256,-5.667723985262562
2022_09_TEN_KC,2022,9,2022-11-07 01:20:00+00:00,00-0033873,Patrick Mahomes,KC,TEN,68.0,ridge_eb,36.30547595287809,31.69452404712191
2022_09_BAL_NO,2022,9,2022-11-08 01:15:00+00:00,00-0034796,Lamar Jackson,BAL,NO,22.0,ridge_eb,31.927299909258952,-9.927299909258952
2022_09_BAL_NO,2022,9,2022-11-08 01:15:00+00:00,00-0027973,Andy Dalton,NO,BAL,29.0,ridge_eb,32.0152079190995,-3.0152079190995025
2022_10_ATL_CAR,2022,10,2022-11-11 01:15:00+00:00,00-0032268,Marcus Mariota,ATL,CAR,30.0,ridge_eb,23.62735075307168,6.372649246928322
2022_10_ATL_CAR,2022,10,2022-11-11 01:15:00+00:00,00-0033275,Phillip Walker,CAR,ATL,16.0,ridge_eb,27.66388610537863,-11.66388610537863
2022_10_SEA_TB,2022,10,2022-11-13 14:30:00+00:00,00-0030565,Geno Smith,SEA,TB,33.0,ridge_eb,32.982403407133205,0.0175965928667949
2022_10_SEA_TB,2022,10,2022-11-13 14:30:00+00:00,00-0019596,Tom Brady,TB,SEA,29.0,ridge_eb,39.33618409105628,-10.336184091056282
2022_10_NO_PIT,2022,10,2022-11-13 18:00:00+00:00,00-0038102,Kenny Pickett,PIT,NO,30.0,ridge_eb,35.13933009954132,-5.1393300995413185
2022_10_MIN_BUF,2022,10,2022-11-13 18:00:00+00:00,00-0029604,Kirk Cousins,MIN,BUF,50.0,ridge_eb,35.983468473364006,14.016531526635994
2022_10_MIN_BUF,2022,10,2022-11-13 18:00:00+00:00,00-0034857,Josh Allen,BUF,MIN,43.0,ridge_eb,34.83542509852405,8.164574901475952
2022_10_JAX_KC,2022,10,2022-11-13 18:00:00+00:00,00-0033873,Patrick Mahomes,KC,JAX,35.0,ridge_eb,40.017762558519905,-5.017762558519905
2022_10_JAX_KC,2022,10,2022-11-13 18:00:00+00:00,00-0036971,Trevor Lawrence,JAX,KC,40.0,ridge_eb,34.25274820420563,5.747251795794369
2022_10_HOU_NYG,2022,10,2022-11-13 18:00:00+00:00,00-0035710,Daniel Jones,NYG,HOU,17.0,ridge_eb,25.50322696332252,-8.503226963322522
2022_10_NO_PIT,2022,10,2022-11-13 18:00:00+00:00,00-0027973,Andy Dalton,NO,PIT,27.0,ridge_eb,29.33912819168151,-2.3391281916815103
2022_10_DET_CHI,2022,10,2022-11-13 18:00:00+00:00,00-0033106,Jared Goff,DET,CHI,26.0,ridge_eb,31.65792184655444,-5.657921846554441
2022_10_DET_CHI,2022,10,2022-11-13 18:00:00+00:00,00-0036945,Justin Fields,CHI,DET,20.0,ridge_eb,24.706817876850245,-4.706817876850245
2022_10_DEN_TEN,2022,10,2022-11-13 18:00:00+00:00,00-0029701,Ryan Tannehill,TEN,DEN,36.0,ridge_eb,25.877158127777047,10.122841872222953
2022_10_DEN_TEN,2022,10,2022-11-13 18:00:00+00:00,00-0029263,Russell Wilson,DEN,TEN,42.0,ridge_eb,30.87800948163691,11.121990518363091
2022_10_CLE_MIA,2022,10,2022-11-13 18:00:00+00:00,00-0036212,Tua Tagovailoa,MIA,CLE,32.0,ridge_eb,32.83370280736318,-0.8337028073631814
2022_10_CLE_MIA,2022,10,2022-11-13 18:00:00+00:00,00-0033119,Jacoby Brissett,CLE,MIA,35.0,ridge_eb,33.38439495764091,1.6156050423590926
2022_10_HOU_NYG,2022,10,2022-11-13 18:00:00+00:00,00-0036898,Davis Mills,HOU,NYG,37.0,ridge_eb,29.85541605976094,7.144583940239059
2022_10_IND_LV,2022,10,2022-11-13 21:05:00+00:00,00-0026143,Matt Ryan,IND,LV,28.0,ridge_eb,39.21262132854092,-11.21262132854092
2022_10_IND_LV,2022,10,2022-11-13 21:05:00+00:00,00-0031280,Derek Carr,LV,IND,38.0,ridge_eb,32.0180684318612,5.981931568138798
2022_10_DAL_GB,2022,10,2022-11-13 21:25:00+00:00,00-0033077,Dak Prescott,DAL,GB,46.0,ridge_eb,31.385238794487236,14.614761205512764
2022_10_DAL_GB,2022,10,2022-11-13 21:25:00+00:00,00-0023459,Aaron Rodgers,GB,DAL,20.0,ridge_eb,33.177259255806554,-13.177259255806554
2022_10_ARI_LA,2022,10,2022-11-13 21:25:00+00:00,00-0027688,Colt McCoy,ARI,LA,37.0,ridge_eb,32.013031299975864,4.986968700024136
2022_10_ARI_LA,2022,10,2022-11-13 21:25:00+00:00,00-0034899,John Wolford,LA,ARI,36.0,ridge_eb,32.25746875189344,3.742531248106559
2022_10_LAC_SF,2022,10,2022-11-14 01:20:00+00:00,00-0036355,Justin Herbert,LAC,SF,35.0,ridge_eb,39.20274709085922,-4.202747090859219
2022_10_LAC_SF,2022,10,2022-11-14 01:20:00+00:00,00-0031345,Jimmy Garoppolo,SF,LAC,28.0,ridge_eb,30.109272743707564,-2.109272743707564
2022_10_WAS_PHI,2022,10,2022-11-15 01:15:00+00:00,00-0036389,Jalen Hurts,PHI,WAS,26.0,ridge_eb,29.40561857384976,-3.405618573849761
2022_10_WAS_PHI,2022,10,2022-11-15 01:15:00+00:00,00-0031800,Taylor Heinicke,WAS,PHI,29.0,ridge_eb,29.54806143099158,-0.5480614309915808
2022_11_TEN_GB,2022,11,2022-11-18 01:15:00+00:00,00-0023459,Aaron Rodgers,GB,TEN,39.0,ridge_eb,32.657437356608845,6.342562643391155
2022_11_TEN_GB,2022,11,2022-11-18 01:15:00+00:00,00-0029701,Ryan Tannehill,TEN,GB,27.0,ridge_eb,26.262315527222317,0.7376844727776835
2022_11_WAS_HOU,2022,11,2022-11-20 18:00:00+00:00,00-0031800,Taylor Heinicke,WAS,HOU,27.0,ridge_eb,30.961892384446255,-3.961892384446255
2022_11_WAS_HOU,2022,11,2022-11-20 18:00:00+00:00,00-0036898,Davis Mills,HOU,WAS,33.0,ridge_eb,30.375394308486676,2.624605691513324
2022_11_PHI_IND,2022,11,2022-11-20 18:00:00+00:00,00-0036389,Jalen Hurts,PHI,IND,25.0,ridge_eb,31.12342973907845,-6.12342973907845
2022_11_NYJ_NE,2022,11,2022-11-20 18:00:00+00:00,00-0037013,Zach Wilson,NYJ,NE,22.0,ridge_eb,25.46032142886194,-3.4603214288619384
2022_11_NYJ_NE,2022,11,2022-11-20 18:00:00+00:00,00-0036972,Mac Jones,NE,NYJ,27.0,ridge_eb,30.677391271315845,-3.677391271315845
2022_11_LA_NO,2022,11,2022-11-20 18:00:00+00:00,00-0026498,Matthew Stafford,LA,NO,18.0,ridge_eb,34.2430946670669,-16.2430946670669
2022_11_LA_NO,2022,11,2022-11-20 18:00:00+00:00,00-0027973,Andy Dalton,NO,LA,25.0,ridge_eb,29.869280953935025,-4.869280953935025
2022_11_DET_NYG,2022,11,2022-11-20 18:00:00+00:00,00-0033106,Jared Goff,DET,NYG,26.0,ridge_eb,31.27504280745105,-5.275042807451051
2022_11_CLE_BUF,2022,11,2022-11-20 18:00:00+00:00,00-0033119,Jacoby Brissett,CLE,BUF,41.0,ridge_eb,33.45468368339096,7.545316316609039
2022_11_CLE_BUF,2022,11,2022-11-20 18:00:00+00:00,00-0034857,Josh Allen,BUF,CLE,27.0,ridge_eb,36.69783765086112,-9.697837650861118
2022_11_CHI_ATL,2022,11,2022-11-20 18:00:00+00:00,00-0036945,Justin Fields,CHI,ATL,21.0,ridge_eb,24.120061454371225,-3.120061454371225
2022_11_CHI_ATL,2022,11,2022-11-20 18:00:00+00:00,00-0032268,Marcus Mariota,ATL,CHI,20.0,ridge_eb,24.847364310000316,-4.847364310000316
2022_11_CAR_BAL,2022,11,2022-11-20 18:00:00+00:00,00-0034796,Lamar Jackson,BAL,CAR,33.0,ridge_eb,26.955958012984446,6.044041987015554
2022_11_DET_NYG,2022,11,2022-11-20 18:00:00+00:00,00-0035710,Daniel Jones,NYG,DET,44.0,ridge_eb,26.281305901546048,17.718694098453952
2022_11_LV_DEN,2022,11,2022-11-20 21:05:00+00:00,00-0029263,Russell Wilson,DEN,LV,31.0,ridge_eb,31.3765363340467,-0.3765363340467011
2022_11_LV_DEN,2022,11,2022-11-20 21:05:00+00:00,00-0031280,Derek Carr,LV,DEN,37.0,ridge_eb,31.75447986550718,5.245520134492821
2022_11_CIN_PIT,2022,11,2022-11-20 21:25:00+00:00,00-0036442,Joe Burrow,CIN,PIT,39.0,ridge_eb,33.36361532248266,5.636384677517341
2022_11_CIN_PIT,2022,11,2022-11-20 21:25:00+00:00,00-0038102,Kenny Pickett,PIT,CIN,42.0,ridge_eb,31.64092603325952,10.359073966740482
2022_11_DAL_MIN,2022,11,2022-11-20 21:25:00+00:00,00-0033077,Dak Prescott,DAL,MIN,25.0,ridge_eb,34.4330474456096,-9.433047445609605
2022_11_DAL_MIN,2022,11,2022-11-20 21:25:00+00:00,00-0029604,Kirk Cousins,MIN,DAL,23.0,ridge_eb,35.93787940396157,-12.937879403961569
2022_11_KC_LAC,2022,11,2022-11-21 01:20:00+00:00,00-0036355,Justin Herbert,LAC,KC,30.0,ridge_eb,40.327164593544026,-10.327164593544026
2022_11_KC_LAC,2022,11,2022-11-21 01:20:00+00:00,00-0033873,Patrick Mahomes,KC,LAC,34.0,ridge_eb,40.35850875292754,-6.358508752927541
2022_11_SF_ARI,2022,11,2022-11-22 01:15:00+00:00,00-0027688,Colt McCoy,ARI,SF,34.0,ridge_eb,32.90104282664744,1.0989571733525594
2022_11_SF_ARI,2022,11,2022-11-22 01:15:00+00:00,00-0031345,Jimmy Garoppolo,SF,ARI,29.0,ridge_eb,29.581046018803463,-0.5810460188034661
2022_12_BUF_DET,2022,12,2022-11-24 17:30:00+00:00,00-0034857,Josh Allen,BUF,DET,42.0,ridge_eb,36.428603399537835,5.571396600462165
2022_12_BUF_DET,2022,12,2022-11-24 17:30:00+00:00,00-0033106,Jared Goff,DET,BUF,37.0,ridge_eb,33.56221560972525,3.43778439027475
2022_12_NYG_DAL,2022,12,2022-11-24 21:30:00+00:00,00-0033077,Dak Prescott,DAL,NYG,30.0,ridge_eb,30.923400767209767,-0.9234007672097668
2022_12_NYG_DAL,2022,12,2022-11-24 21:30:00+00:00,00-0035710,Daniel Jones,NYG,DAL,35.0,ridge_eb,25.388373369705672,9.611626630294328
2022_12_NE_MIN,2022,12,2022-11-25 01:20:00+00:00,00-0029604,Kirk Cousins,MIN,NE,37.0,ridge_eb,35.4494182024405,1.5505817975595022
2022_12_NE_MIN,2022,12,2022-11-25 01:20:00+00:00,00-0036972,Mac Jones,NE,MIN,39.0,ridge_eb,32.14871627379621,6.851283726203789
2022_12_TB_CLE,2022,12,2022-11-27 18:00:00+00:00,00-0019596,Tom Brady,TB,CLE,43.0,ridge_eb,37.067197926902786,5.932802073097214
2022_12_TB_CLE,2022,12,2022-11-27 18:00:00+00:00,00-0033119,Jacoby Brissett,CLE,TB,37.0,ridge_eb,30.773973635117848,6.226026364882152
2022_12_HOU_MIA,2022,12,2022-11-27 18:00:00+00:00,00-0036212,Tua Tagovailoa,MIA,HOU,36.0,ridge_eb,32.24414238164516,3.7558576183548382
2022_12_HOU_MIA,2022,12,2022-11-27 18:00:00+00:00,00-0034577,Kyle Allen,HOU,MIA,39.0,ridge_eb,28.824455038411056,10.175544961588944
2022_12_DEN_CAR,2022,12,2022-11-27 18:00:00+00:00,00-0029263,Russell Wilson,DEN,CAR,35.0,ridge_eb,29.51970004840198,5.48029995159802
2022_12_CIN_TEN,2022,12,2022-11-27 18:00:00+00:00,00-0029701,Ryan Tannehill,TEN,CIN,34.0,ridge_eb,26.78813039134723,7.211869608652766
2022_12_DEN_CAR,2022,12,2022-11-27 18:00:00+00:00,00-0034869,Sam Darnold,CAR,DEN,19.0,ridge_eb,23.3640221153572,-4.364022115357201
2022_12_CHI_NYJ,2022,12,2022-11-27 18:00:00+00:00,00-0034401,Mike White,NYJ,CHI,28.0,ridge_eb,25.93294371484996,2.067056285150038
2022_12_ATL_WAS,2022,12,2022-11-27 18:00:00+00:00,00-0032268,Marcus Mariota,ATL,WAS,25.0,ridge_eb,22.280047482531508,2.719952517468492
2022_12_ATL_WAS,2022,12,2022-11-27 18:00:00+00:00,00-0031800,Taylor Heinicke,WAS,ATL,23.0,ridge_eb,28.92481397307336,-5.924813973073359
2022_12_CIN_TEN,2022,12,2022-11-27 18:00:00+00:00,00-0036442,Joe Burrow,CIN,TEN,37.0,ridge_eb,36.32648299841048,0.6735170015895235
2022_12_BAL_JAX,2022,12,2022-11-27 18:00:00+00:00,00-0036971,Trevor Lawrence,JAX,BAL,37.0,ridge_eb,31.925941499141796,5.074058500858204
2022_12_CHI_NYJ,2022,12,2022-11-27 18:00:00+00:00,00-0032156,Trevor Siemian,CHI,NYJ,25.0,ridge_eb,27.55658692330281,-2.5565869233028096
2022_12_BAL_JAX,2022,12,2022-11-27 18:00:00+00:00,00-0034796,Lamar Jackson,BAL,JAX,32.0,ridge_eb,30.02737939508932,1.9726206049106807
2022_12_LAC_ARI,2022,12,2022-11-27 21:05:00+00:00,00-0035228,Kyler Murray,ARI,LAC,29.0,ridge_eb,35.46112127043517,-6.4611212704351715
2022_12_LAC_ARI,2022,12,2022-11-27 21:05:00+00:00,00-0036355,Justin Herbert,LAC,ARI,47.0,ridge_eb,38.862341493678535,8.137658506321465
2022_12_LV_SEA,2022,12,2022-11-27 21:05:00+00:00,00-0031280,Derek Carr,LV,SEA,36.0,ridge_eb,33.18687669829079,2.813123301709211
2022_12_LV_SEA,2022,12,2022-11-27 21:05:00+00:00,00-0030565,Geno Smith,SEA,LV,37.0,ridge_eb,32.54944458849976,4.45055541150024
2022_12_LA_KC,2022,12,2022-11-27 21:25:00+00:00,00-0033873,Patrick Mahomes,KC,LA,42.0,ridge_eb,36.72025922946117,5.2797407705388295
2022_12_LA_KC,2022,12,2022-11-27 21:25:00+00:00,00-0035939,Bryce Perkins,LA,KC,23.0,ridge_eb,30.6303703986711,-7.630370398671101
2022_12_NO_SF,2022,12,2022-11-27 21:25:00+00:00,00-0027973,Andy Dalton,NO,SF,29.0,ridge_eb,29.22914237521535,-0.2291423752153498
2022_12_NO_SF,2022,12,2022-11-27 21:25:00+00:00,00-0031345,Jimmy Garoppolo,SF,NO,37.0,ridge_eb,30.79031654603309,6.20968345396691
2022_12_GB_PHI,2022,12,2022-11-28 01:20:00+00:00,00-0036389,Jalen Hurts,PHI,GB,28.0,ridge_eb,29.250199806373697,-1.250199806373697
2022_12_GB_PHI,2022,12,2022-11-28 01:20:00+00:00,00-0023459,Aaron Rodgers,GB,PHI,16.0,ridge_eb,32.26198141641638,-16.261981416416383
2022_12_PIT_IND,2022,12,2022-11-29 01:15:00+00:00,00-0026143,Matt Ryan,IND,PIT,34.0,ridge_eb,32.47552745628379,1.5244725437162074
2022_12_PIT_IND,2022,12,2022-11-29 01:15:00+00:00,00-0038102,Kenny Pickett,PIT,IND,28.0,ridge_eb,34.580458962264615,-6.580458962264615
2022_13_BUF_NE,2022,13,2022-12-02 01:15:00+00:00,00-0034857,Josh Allen,BUF,NE,33.0,ridge_eb,34.75613708315239,-1.7561370831523888
2022_13_BUF_NE,2022,13,2022-12-02 01:15:00+00:00,00-0036972,Mac Jones,NE,BUF,36.0,ridge_eb,31.125658790166415,4.8743412098335845
2022_13_NYJ_MIN,2022,13,2022-12-04 18:00:00+00:00,00-0034401,Mike White,NYJ,MIN,57.0,ridge_eb,30.923984057156964,26.076015942843036
2022_13_WAS_NYG,2022,13,2022-12-04 18:00:00+00:00,00-0031800,Taylor Heinicke,WAS,NYG,41.0,ridge_eb,27.876802602855904,13.123197397144096
2022_13_WAS_NYG,2022,13,2022-12-04 18:00:00+00:00,00-0035710,Daniel Jones,NYG,WAS,31.0,ridge_eb,25.47215236644276,5.52784763355724
2022_13_TEN_PHI,2022,13,2022-12-04 18:00:00+00:00,00-0029701,Ryan Tannehill,TEN,PHI,22.0,ridge_eb,26.87022425872967,-4.8702242587296745
2022_13_TEN_PHI,2022,13,2022-12-04 18:00:00+00:00,00-0036389,Jalen Hurts,PHI,TEN,39.0,ridge_eb,30.025632900555458,8.974367099444546
2022_13_PIT_ATL,2022,13,2022-12-04 18:00:00+00:00,00-0038102,Kenny Pickett,PIT,ATL,28.0,ridge_eb,33.481050866119716,-5.481050866119716
2022_13_PIT_ATL,2022,13,2022-12-04 18:00:00+00:00,00-0032268,Marcus Mariota,ATL,PIT,24.0,ridge_eb,24.05973835850208,-0.0597383585020807
2022_13_NYJ_MIN,2022,13,2022-12-04 18:00:00+00:00,00-0029604,Kirk Cousins,MIN,NYJ,35.0,ridge_eb,35.95628378533611,-0.9562837853361116
2022_13_GB_CHI,2022,13,2022-12-04 18:00:00+00:00,00-0023459,Aaron Rodgers,GB,CHI,31.0,ridge_eb,30.831452007505828,0.1685479924941724
2022_13_JAX_DET,2022,13,2022-12-04 18:00:00+00:00,00-0033106,Jared Goff,DET,JAX,41.0,ridge_eb,34.849563230325245,6.150436769674755
2022_13_GB_CHI,2022,13,2022-12-04 18:00:00+00:00,00-0036945,Justin Fields,CHI,GB,25.0,ridge_eb,20.699388354202423,4.300611645797574
2022_13_DEN_BAL,2022,13,2022-12-04 18:00:00+00:00,00-0029263,Russell Wilson,DEN,BAL,22.0,ridge_eb,29.927888019135533,-7.927888019135533
2022_13_DEN_BAL,2022,13,2022-12-04 18:00:00+00:00,00-0034796,Lamar Jackson,BAL,DEN,4.0,ridge_eb,28.510384867542587,-24.510384867542587
2022_13_CLE_HOU,2022,13,2022-12-04 18:00:00+00:00,00-0034577,Kyle Allen,HOU,CLE,39.0,ridge_eb,29.682765645290843,9.317234354709155
2022_13_CLE_HOU,2022,13,2022-12-04 18:00:00+00:00,00-0033537,Deshaun Watson,CLE,HOU,22.0,ridge_eb,30.240018959676465,-8.240018959676462
2022_13_JAX_DET,2022,13,2022-12-04 18:00:00+00:00,00-0036971,Trevor Lawrence,JAX,DET,31.0,ridge_eb,35.171207865974914,-4.171207865974914
2022_13_SEA_LA,2022,13,2022-12-04 21:05:00+00:00,00-0030565,Geno Smith,SEA,LA,39.0,ridge_eb,32.97939747508231,6.020602524917692
2022_13_SEA_LA,2022,13,2022-12-04 21:05:00+00:00,00-0034899,John Wolford,LA,SEA,26.0,ridge_eb,29.96055186155389,-3.960551861553888
2022_13_MIA_SF,2022,13,2022-12-04 21:05:00+00:00,00-0036212,Tua Tagovailoa,MIA,SF,33.0,ridge_eb,34.95485261764222,-1.9548526176422172
2022_13_MIA_SF,2022,13,2022-12-04 21:05:00+00:00,00-0031345,Jimmy Garoppolo,SF,MIA,4.0,ridge_eb,32.460175406108135,-28.460175406108135
2022_13_KC_CIN,2022,13,2022-12-04 21:25:00+00:00,00-0036442,Joe Burrow,CIN,KC,31.0,ridge_eb,37.89062001954137,-6.890620019541373
2022_13_KC_CIN,2022,13,2022-12-04 21:25:00+00:00,00-0033873,Patrick Mahomes,KC,CIN,27.0,ridge_eb,39.23070923115374,-12.23070923115374
2022_13_LAC_LV,2022,13,2022-12-04 21:25:00+00:00,00-0036355,Justin Herbert,LAC,LV,47.0,ridge_eb,39.47451036200137,7.525489637998632
2022_13_LAC_LV,2022,13,2022-12-04 21:25:00+00:00,00-0031280,Derek Carr,LV,LAC,30.0,ridge_eb,34.82523243239544,-4.825232432395438
2022_13_IND_DAL,2022,13,2022-12-05 01:20:00+00:00,00-0033077,Dak Prescott,DAL,IND,30.0,ridge_eb,31.389659190421668,-1.3896591904216675
2022_13_IND_DAL,2022,13,2022-12-05 01:20:00+00:00,00-0026143,Matt Ryan,IND,DAL,37.0,ridge_eb,30.501573118167197,6.498426881832803
2022_13_NO_TB,2022,13,2022-12-06 01:15:00+00:00,00-0019596,Tom Brady,TB,NO,54.0,ridge_eb,38.24156420110931,15.758435798890687
2022_13_NO_TB,2022,13,2022-12-06 01:15:00+00:00,00-0027973,Andy Dalton,NO,TB,28.0,ridge_eb,27.757640723468015,0.2423592765319853
2022_14_LV_LA,2022,14,2022-12-09 01:15:00+00:00,00-0031280,Derek Carr,LV,LA,20.0,ridge_eb,34.91202150151094,-14.912021501510942
2022_14_LV_LA,2022,14,2022-12-09 01:15:00+00:00,00-0034855,Baker Mayfield,LA,LV,35.0,ridge_eb,29.030000578154112,5.969999421845888
2022_14_BAL_PIT,2022,14,2022-12-11 18:00:00+00:00,00-0035993,Tyler Huntley,BAL,PIT,12.0,ridge_eb,27.09427809448223,-15.094278094482233
2022_14_PHI_NYG,2022,14,2022-12-11 18:00:00+00:00,00-0036389,Jalen Hurts,PHI,NYG,31.0,ridge_eb,28.632618139902277,2.367381860097723
2022_14_NYJ_BUF,2022,14,2022-12-11 18:00:00+00:00,00-0034401,Mike White,NYJ,BUF,44.0,ridge_eb,31.743757880955197,12.256242119044805
2022_14_NYJ_BUF,2022,14,2022-12-11 18:00:00+00:00,00-0034857,Josh Allen,BUF,NYJ,27.0,ridge_eb,33.39311021853781,-6.393110218537807
2022_14_MIN_DET,2022,14,2022-12-11 18:00:00+00:00,00-0029604,Kirk Cousins,MIN,DET,41.0,ridge_eb,37.2249650626704,3.7750349373296
2022_14_MIN_DET,2022,14,2022-12-11 18:00:00+00:00,00-0033106,Jared Goff,DET,MIN,39.0,ridge_eb,35.361741082843665,3.6382589171563353
2022_14_JAX_TEN,2022,14,2022-12-11 18:00:00+00:00,00-0029701,Ryan Tannehill,TEN,JAX,38.0,ridge_eb,29.11349704797211,8.88650295202789
2022_14_PHI_NYG,2022,14,2022-12-11 18:00:00+00:00,00-0035710,Daniel Jones,NYG,PHI,27.0,ridge_eb,25.84947822958238,1.150521770417619
2022_14_HOU_DAL,2022,14,2022-12-11 18:00:00+00:00,00-0036898,Davis Mills,HOU,DAL,21.0,ridge_eb,29.901863832459615,-8.901863832459618
2022_14_HOU_DAL,2022,14,2022-12-11 18:00:00+00:00,00-0033077,Dak Prescott,DAL,HOU,39.0,ridge_eb,31.042286330546716,7.957713669453284
2022_14_CLE_CIN,2022,14,2022-12-11 18:00:00+00:00,00-0033537,Deshaun Watson,CLE,CIN,42.0,ridge_eb,27.919269693871957,14.080730306128045
2022_14_CLE_CIN,2022,14,2022-12-11 18:00:00+00:00,00-0036442,Joe Burrow,CIN,CLE,33.0,ridge_eb,33.6661186186961,-0.6661186186961032
2022_14_BAL_PIT,2022,14,2022-12-11 18:00:00+00:00,00-0038102,Kenny Pickett,PIT,BAL,1.0,ridge_eb,30.317605769257483,-29.317605769257483
2022_14_JAX_TEN,2022,14,2022-12-11 18:00:00+00:00,00-0036971,Trevor Lawrence,JAX,TEN,42.0,ridge_eb,32.457091011282266,9.542908988717734
2022_14_KC_DEN,2022,14,2022-12-11 21:05:00+00:00,00-0029263,Russell Wilson,DEN,KC,36.0,ridge_eb,29.459669760482303,6.540330239517697
2022_14_KC_DEN,2022,14,2022-12-11 21:05:00+00:00,00-0033873,Patrick Mahomes,KC,DEN,42.0,ridge_eb,35.337587879608876,6.662412120391124
2022_14_TB_SF,2022,14,2022-12-11 21:25:00+00:00,00-0019596,Tom Brady,TB,SF,55.0,ridge_eb,38.76805074736513,16.23194925263487
2022_14_TB_SF,2022,14,2022-12-11 21:25:00+00:00,00-0037834,Brock Purdy,SF,TB,21.0,ridge_eb,28.6860659229648,-7.686065922964801
2022_14_CAR_SEA,2022,14,2022-12-11 21:25:00+00:00,00-0034869,Sam Darnold,CAR,SEA,24.0,ridge_eb,24.05005333580086,-0.050053335800861
2022_14_CAR_SEA,2022,14,2022-12-11 21:25:00+00:00,00-0030565,Geno Smith,SEA,CAR,36.0,ridge_eb,31.79288346463311,4.207116535366886
2022_14_MIA_LAC,2022,14,2022-12-12 01:20:00+00:00,00-0036355,Justin Herbert,LAC,MIA,51.0,ridge_eb,42.67596711276364,8.324032887236363
2022_14_MIA_LAC,2022,14,2022-12-12 01:20:00+00:00,00-0036212,Tua Tagovailoa,MIA,LAC,28.0,ridge_eb,36.566297761951645,-8.566297761951645
2022_14_NE_ARI,2022,14,2022-12-13 01:15:00+00:00,00-0036972,Mac Jones,NE,ARI,35.0,ridge_eb,32.36450222827379,2.6354977717262074
2022_14_NE_ARI,2022,14,2022-12-13 01:15:00+00:00,00-0035228,Kyler Murray,ARI,NE,1.0,ridge_eb,34.492569430730704,-33.492569430730704
2022_15_SF_SEA,2022,15,2022-12-16 01:15:00+00:00,00-0037834,Brock Purdy,SF,SEA,26.0,ridge_eb,26.81232975790592,-0.8123297579059212
2022_15_SF_SEA,2022,15,2022-12-16 01:15:00+00:00,00-0030565,Geno Smith,SEA,SF,44.0,ridge_eb,32.92069464803856,11.079305351961438
2022_15_IND_MIN,2022,15,2022-12-17 18:00:00+00:00,00-0026143,Matt Ryan,IND,MIN,33.0,ridge_eb,34.661664960753,-1.6616649607530007
2022_15_IND_MIN,2022,15,2022-12-17 18:00:00+00:00,00-0029604,Kirk Cousins,MIN,IND,54.0,ridge_eb,36.17590914216376,17.82409085783624
2022_15_BAL_CLE,2022,15,2022-12-17 21:30:00+00:00,00-0035993,Tyler Huntley,BAL,CLE,30.0,ridge_eb,26.289363757812232,3.710636242187768
2022_15_BAL_CLE,2022,15,2022-12-17 21:30:00+00:00,00-0033537,Deshaun Watson,CLE,BAL,28.0,ridge_eb,26.132287205883937,1.8677127941160665
2022_15_MIA_BUF,2022,15,2022-12-18 01:15:00+00:00,00-0034857,Josh Allen,BUF,MIA,40.0,ridge_eb,34.99051553674082,5.009484463259177
2022_15_MIA_BUF,2022,15,2022-12-18 01:15:00+00:00,00-0036212,Tua Tagovailoa,MIA,BUF,30.0,ridge_eb,32.05749556484339,-2.057495564843393
2022_15_PIT_CAR,2022,15,2022-12-18 18:00:00+00:00,00-0034869,Sam Darnold,CAR,PIT,23.0,ridge_eb,23.258381658758548,-0.2583816587585481
2022_15_PHI_CHI,2022,15,2022-12-18 18:00:00+00:00,00-0036389,Jalen Hurts,PHI,CHI,37.0,ridge_eb,31.13949763292767,5.860502367072328
2022_15_PHI_CHI,2022,15,2022-12-18 18:00:00+00:00,00-0036945,Justin Fields,CHI,PHI,21.0,ridge_eb,20.784666673322008,0.2153333266779924
2022_15_KC_HOU,2022,15,2022-12-18 18:00:00+00:00,00-0033873,Patrick Mahomes,KC,HOU,41.0,ridge_eb,37.73177840222313,3.268221597776872
2022_15_KC_HOU,2022,15,2022-12-18 18:00:00+00:00,00-0036898,Davis Mills,HOU,KC,24.0,ridge_eb,32.567035317060004,-8.567035317060004
2022_15_DET_NYJ,2022,15,2022-12-18 18:00:00+00:00,00-0037013,Zach Wilson,NYJ,DET,35.0,ridge_eb,28.97337563479054,6.026624365209461
2022_15_DET_NYJ,2022,15,2022-12-18 18:00:00+00:00,00-0033106,Jared Goff,DET,NYJ,38.0,ridge_eb,34.133477047697205,3.866522952302794
2022_15_DAL_JAX,2022,15,2022-12-18 18:00:00+00:00,00-0036971,Trevor Lawrence,JAX,DAL,42.0,ridge_eb,32.13236624424162,9.867633755758384
2022_15_DAL_JAX,2022,15,2022-12-18 18:00:00+00:00,00-0033077,Dak Prescott,DAL,JAX,30.0,ridge_eb,33.78942980967708,-3.789429809677081
2022_15_ATL_NO,2022,15,2022-12-18 18:00:00+00:00,00-0027973,Andy Dalton,NO,ATL,17.0,ridge_eb,28.96057081411688,-11.96057081411688
2022_15_ATL_NO,2022,15,2022-12-18 18:00:00+00:00,00-0038122,Desmond Ridder,ATL,NO,26.0,ridge_eb,25.116531728238364,0.883468271761636
2022_15_ARI_DEN,2022,15,2022-12-18 21:05:00+00:00,00-0027688,Colt McCoy,ARI,DEN,21.0,ridge_eb,32.4719188336182,-11.471918833618195
2022_15_ARI_DEN,2022,15,2022-12-18 21:05:00+00:00,00-0034955,Brett Rypien,DEN,ARI,26.0,ridge_eb,32.82731120248761,-6.827311202487607
2022_15_NE_LV,2022,15,2022-12-18 21:05:00+00:00,00-0031280,Derek Carr,LV,NE,38.0,ridge_eb,33.33325909878448,4.666740901215519
2022_15_NE_LV,2022,15,2022-12-18 21:05:00+00:00,00-0036972,Mac Jones,NE,LV,31.0,ridge_eb,33.26414296865891,-2.264142968658909
2022_15_TEN_LAC,2022,15,2022-12-18 21:25:00+00:00,00-0036355,Justin Herbert,LAC,TEN,42.0,ridge_eb,42.55414250569291,-0.5541425056929086
2022_15_TEN_LAC,2022,15,2022-12-18 21:25:00+00:00,00-0029701,Ryan Tannehill,TEN,LAC,22.0,ridge_eb,30.746538804081485,-8.746538804081485
2022_15_CIN_TB,2022,15,2022-12-18 21:25:00+00:00,00-0019596,Tom Brady,TB,CIN,44.0,ridge_eb,40.161631366416685,3.8383686335833143
2022_15_CIN_TB,2022,15,2022-12-18 21:25:00+00:00,00-0036442,Joe Burrow,CIN,TB,39.0,ridge_eb,34.940658554619894,4.059341445380106
2022_15_NYG_WAS,2022,15,2022-12-19 01:20:00+00:00,00-0035710,Daniel Jones,NYG,WAS,32.0,ridge_eb,26.32846779790028,5.671532202099719
2022_15_NYG_WAS,2022,15,2022-12-19 01:20:00+00:00,00-0031800,Taylor Heinicke,WAS,NYG,29.0,ridge_eb,28.361175655781565,0.6388243442184347
2022_15_LA_GB,2022,15,2022-12-20 01:15:00+00:00,00-0023459,Aaron Rodgers,GB,LA,30.0,ridge_eb,31.78267773663083,-1.7826777366308342
2022_15_LA_GB,2022,15,2022-12-20 01:15:00+00:00,00-0034855,Baker Mayfield,LA,GB,21.0,ridge_eb,27.45328233504921,-6.453282335049206
2022_16_JAX_NYJ,2022,16,2022-12-23 01:15:00+00:00,00-0036971,Trevor Lawrence,JAX,NYJ,31.0,ridge_eb,33.22046496295661,-2.220464962956612
2022_16_JAX_NYJ,2022,16,2022-12-23 01:15:00+00:00,00-0037013,Zach Wilson,NYJ,JAX,18.0,ridge_eb,27.23006381135338,-9.23006381135338
2022_16_SEA_KC,2022,16,2022-12-24 18:00:00+00:00,00-0030565,Geno Smith,SEA,KC,40.0,ridge_eb,34.9042151697133,5.0957848302867035
2022_16_SEA_KC,2022,16,2022-12-24 18:00:00+00:00,00-0033873,Patrick Mahomes,KC,SEA,28.0,ridge_eb,38.16553383392657,-10.165533833926569
2022_16_NYG_MIN,2022,16,2022-12-24 18:00:00+00:00,00-0035710,Daniel Jones,NYG,MIN,42.0,ridge_eb,31.577875827151505,10.422124172848497
2022_16_NYG_MIN,2022,16,2022-12-24 18:00:00+00:00,00-0029604,Kirk Cousins,MIN,NYG,48.0,ridge_eb,38.16217758936084,9.837822410639165
2022_16_NO_CLE,2022,16,2022-12-24 18:00:00+00:00,00-0027973,Andy Dalton,NO,CLE,15.0,ridge_eb,24.89989406008987,-9.89989406008987
2022_16_NO_CLE,2022,16,2022-12-24 18:00:00+00:00,00-0033537,Deshaun Watson,CLE,NO,31.0,ridge_eb,25.55275355014872,5.447246449851278
2022_16_DET_CAR,2022,16,2022-12-24 18:00:00+00:00,00-0033106,Jared Goff,DET,CAR,42.0,ridge_eb,33.4460195989375,8.553980401062503
2022_16_CIN_NE,2022,16,2022-12-24 18:00:00+00:00,00-0036442,Joe Burrow,CIN,NE,52.0,ridge_eb,35.74898336435969,16.251016635640312
2022_16_CIN_NE,2022,16,2022-12-24 18:00:00+00:00,00-0036972,Mac Jones,NE,CIN,33.0,ridge_eb,31.113715582339232,1.886284417660768
2022_16_BUF_CHI,2022,16,2022-12-24 18:00:00+00:00,00-0036945,Justin Fields,CHI,BUF,23.0,ridge_eb,20.44481747936257,2.555182520637434
2022_16_BUF_CHI,2022,16,2022-12-24 18:00:00+00:00,00-0034857,Josh Allen,BUF,CHI,26.0,ridge_eb,32.890523523536224,-6.890523523536224
2022_16_ATL_BAL,2022,16,2022-12-24 18:00:00+00:00,00-0035993,Tyler Huntley,BAL,ATL,17.0,ridge_eb,24.22484196629493,-7.224841966294932
2022_16_ATL_BAL,2022,16,2022-12-24 18:00:00+00:00,00-0038122,Desmond Ridder,ATL,BAL,33.0,ridge_eb,21.370818466906673,11.629181533093329
2022_16_DET_CAR,2022,16,2022-12-24 18:00:00+00:00,00-0034869,Sam Darnold,CAR,DET,22.0,ridge_eb,23.96181299828117,-1.9618129982811716
2022_16_HOU_TEN,2022,16,2022-12-24 19:00:00+00:00,00-0038128,Malik Willis,TEN,HOU,23.0,ridge_eb,19.439239912349997,3.560760087650003
2022_16_HOU_TEN,2022,16,2022-12-24 19:00:00+00:00,00-0036898,Davis Mills,HOU,TEN,28.0,ridge_eb,29.771035992080343,-1.771035992080343
2022_16_WAS_SF,2022,16,2022-12-24 21:05:00+00:00,00-0031800,Taylor Heinicke,WAS,SF,18.0,ridge_eb,28.930521184831296,-10.930521184831296
2022_16_WAS_SF,2022,16,2022-12-24 21:05:00+00:00,00-0037834,Brock Purdy,SF,WAS,22.0,ridge_eb,26.206154579562213,-4.206154579562213
2022_16_PHI_DAL,2022,16,2022-12-24 21:25:00+00:00,00-0033077,Dak Prescott,DAL,PHI,35.0,ridge_eb,32.4989264835056,2.501073516494401
2022_16_PHI_DAL,2022,16,2022-12-24 21:25:00+00:00,00-0035289,Gardner Minshew,PHI,DAL,40.0,ridge_eb,32.704818974507965,7.295181025492035
2022_16_LV_PIT,2022,16,2022-12-25 01:15:00+00:00,00-0031280,Derek Carr,LV,PIT,30.0,ridge_eb,30.692054968054027,-0.6920549680540269
2022_16_LV_PIT,2022,16,2022-12-25 01:15:00+00:00,00-0038102,Kenny Pickett,PIT,LV,39.0,ridge_eb,29.17502522022283,9.824974779777168
2022_16_GB_MIA,2022,16,2022-12-25 18:00:00+00:00,00-0023459,Aaron Rodgers,GB,MIA,38.0,ridge_eb,35.321687158864066,2.6783128411359343
2022_16_GB_MIA,2022,16,2022-12-25 18:00:00+00:00,00-0036212,Tua Tagovailoa,MIA,GB,25.0,ridge_eb,33.04604650641485,-8.046046506414847
2022_16_DEN_LA,2022,16,2022-12-25 21:30:00+00:00,00-0029263,Russell Wilson,DEN,LA,27.0,ridge_eb,32.8464778394587,-5.8464778394587
2022_16_DEN_LA,2022,16,2022-12-25 21:30:00+00:00,00-0034855,Baker Mayfield,LA,DEN,28.0,ridge_eb,26.94150616172541,1.0584938382745896
2022_16_TB_ARI,2022,16,2022-12-26 01:20:00+00:00,00-0035146,Trace McSorley,ARI,TB,45.0,ridge_eb,31.15337918079815,13.846620819201846
2022_16_TB_ARI,2022,16,2022-12-26 01:20:00+00:00,00-0019596,Tom Brady,TB,ARI,48.0,ridge_eb,39.947108395724975,8.052891604275025
2022_16_LAC_IND,2022,16,2022-12-27 01:15:00+00:00,00-0036355,Justin Herbert,LAC,IND,31.0,ridge_eb,38.88726325697499,-7.88726325697499
2022_16_LAC_IND,2022,16,2022-12-27 01:15:00+00:00,00-0029567,Nick Foles,IND,LAC,29.0,ridge_eb,34.93638638717454,-5.936386387174537
2022_17_DAL_TEN,2022,17,2022-12-30 01:15:00+00:00,00-0033077,Dak Prescott,DAL,TEN,41.0,ridge_eb,33.43672277332584,7.56327722667416
2022_17_DAL_TEN,2022,17,2022-12-30 01:15:00+00:00,00-0033949,Joshua Dobbs,TEN,DAL,39.0,ridge_eb,23.207809897296546,15.792190102703454
2022_17_IND_NYG,2022,17,2023-01-01 18:00:00+00:00,00-0029567,Nick Foles,IND,NYG,13.0,ridge_eb,32.17846103836435,-19.178461038364347
2022_17_NO_PHI,2022,17,2023-01-01 18:00:00+00:00,00-0035289,Gardner Minshew,PHI,NO,32.0,ridge_eb,32.571521160039865,-0.5715211600398646
2022_17_NO_PHI,2022,17,2023-01-01 18:00:00+00:00,00-0027973,Andy Dalton,NO,PHI,22.0,ridge_eb,24.79552443707677,-2.7955244370767716
2022_17_MIA_NE,2022,17,2023-01-01 18:00:00+00:00,00-0036972,Mac Jones,NE,MIA,33.0,ridge_eb,32.550419681880385,0.4495803181196152
2022_17_MIA_NE,2022,17,2023-01-01 18:00:00+00:00,00-0031237,Teddy Bridgewater,MIA,NE,19.0,ridge_eb,31.41199086175701,-12.411990861757008
2022_17_JAX_HOU,2022,17,2023-01-01 18:00:00+00:00,00-0036971,Trevor Lawrence,JAX,HOU,21.0,ridge_eb,33.47653259783496,-12.47653259783496
2022_17_JAX_HOU,2022,17,2023-01-01 18:00:00+00:00,00-0036898,Davis Mills,HOU,JAX,40.0,ridge_eb,30.8109901468919,9.1890098531081
2022_17_IND_NYG,2022,17,2023-01-01 18:00:00+00:00,00-0035710,Daniel Jones,NYG,IND,24.0,ridge_eb,28.774319144665977,-4.774319144665977
2022_17_DEN_KC,2022,17,2023-01-01 18:00:00+00:00,00-0033873,Patrick Mahomes,KC,DEN,42.0,ridge_eb,35.81023608508869,6.18976391491131
2022_17_CLE_WAS,2022,17,2023-01-01 18:00:00+00:00,00-0033537,Deshaun Watson,CLE,WAS,18.0,ridge_eb,26.792957237541177,-8.792957237541174
2022_17_CLE_WAS,2022,17,2023-01-01 18:00:00+00:00,00-0032950,Carson Wentz,WAS,CLE,28.0,ridge_eb,25.62618600359132,2.373813996408682
2022_17_ARI_ATL,2022,17,2023-01-01 18:00:00+00:00,00-0035040,David Blough,ARI,ATL,40.0,ridge_eb,32.210998872091864,7.789001127908136
2022_17_ARI_ATL,2022,17,2023-01-01 18:00:00+00:00,00-0038122,Desmond Ridder,ATL,ARI,26.0,ridge_eb,25.34511814585416,0.6548818541458381
2022_17_CAR_TB,2022,17,2023-01-01 18:00:00+00:00,00-0034869,Sam Darnold,CAR,TB,37.0,ridge_eb,23.103167290955273,13.896832709044729
2022_17_DEN_KC,2022,17,2023-01-01 18:00:00+00:00,00-0029263,Russell Wilson,DEN,KC,38.0,ridge_eb,35.801843518864096,2.1981564811359036
2022_17_CHI_DET,2022,17,2023-01-01 18:00:00+00:00,00-0036945,Justin Fields,CHI,DET,21.0,ridge_eb,24.15986945542858,-3.1598694554285807
2022_17_CHI_DET,2022,17,2023-01-01 18:00:00+00:00,00-0033106,Jared Goff,DET,CHI,29.0,ridge_eb,35.396050154623644,-6.396050154623644
2022_17_CAR_TB,2022,17,2023-01-01 18:00:00+00:00,00-0019596,Tom Brady,TB,CAR,45.0,ridge_eb,38.487301410064696,6.5126985899353045
2022_17_NYJ_SEA,2022,17,2023-01-01 21:05:00+00:00,00-0034401,Mike White,NYJ,SEA,46.0,ridge_eb,33.11188090245824,12.88811909754176
2022_17_NYJ_SEA,2022,17,2023-01-01 21:05:00+00:00,00-0030565,Geno Smith,SEA,NYJ,29.0,ridge_eb,34.409884666931866,-5.409884666931866
2022_17_SF_LV,2022,17,2023-01-01 21:05:00+00:00,00-0037834,Brock Purdy,SF,LV,35.0,ridge_eb,28.272317774760506,6.727682225239498
2022_17_SF_LV,2022,17,2023-01-01 21:05:00+00:00,00-0035264,Jarrett Stidham,LV,SF,34.0,ridge_eb,27.43222346136096,6.567776538639038
2022_17_LA_LAC,2022,17,2023-01-01 21:25:00+00:00,00-0034855,Baker Mayfield,LA,LAC,19.0,ridge_eb,27.780252917544946,-8.780252917544946
2022_17_LA_LAC,2022,17,2023-01-01 21:25:00+00:00,00-0036355,Justin Herbert,LAC,LA,28.0,ridge_eb,38.99549621279112,-10.995496212791124
2022_17_MIN_GB,2022,17,2023-01-01 21:25:00+00:00,00-0023459,Aaron Rodgers,GB,MIN,24.0,ridge_eb,33.2281340450234,-9.228134045023404
2022_17_MIN_GB,2022,17,2023-01-01 21:25:00+00:00,00-0029604,Kirk Cousins,MIN,GB,31.0,ridge_eb,39.07635161694494,-8.07635161694494
2022_17_PIT_BAL,2022,17,2023-01-02 01:20:00+00:00,00-0035993,Tyler Huntley,BAL,PIT,21.0,ridge_eb,23.143043181115743,-2.1430431811157433
2022_17_PIT_BAL,2022,17,2023-01-02 01:20:00+00:00,00-0038102,Kenny Pickett,PIT,BAL,27.0,ridge_eb,29.191257511731905,-2.191257511731905
2022_18_KC_LV,2022,18,2023-01-07 21:30:00+00:00,00-0035264,Jarrett Stidham,LV,KC,36.0,ridge_eb,30.78143645345201,5.218563546547994
2022_18_KC_LV,2022,18,2023-01-07 21:30:00+00:00,00-0033873,Patrick Mahomes,KC,LV,26.0,ridge_eb,38.81754190385174,-12.81754190385174
2022_18_TEN_JAX,2022,18,2023-01-08 01:15:00+00:00,00-0033949,Joshua Dobbs,TEN,JAX,29.0,ridge_eb,29.9917368071565,-0.9917368071564994
2022_18_TEN_JAX,2022,18,2023-01-08 01:15:00+00:00,00-0036971,Trevor Lawrence,JAX,TEN,32.0,ridge_eb,33.17321347315352,-1.1732134731535169
2022_18_BAL_CIN,2022,18,2023-01-08 18:00:00+00:00,00-0037175,Anthony Brown,BAL,CIN,44.0,ridge_eb,21.974505240154663,22.025494759845337
2022_18_TB_ATL,2022,18,2023-01-08 18:00:00+00:00,00-0027948,Blaine Gabbert,TB,ATL,8.0,ridge_eb,31.612077442010044,-23.612077442010044
2022_18_TB_ATL,2022,18,2023-01-08 18:00:00+00:00,00-0038122,Desmond Ridder,ATL,TB,30.0,ridge_eb,24.60168856381173,5.398311436188269
2022_18_NYJ_MIA,2022,18,2023-01-08 18:00:00+00:00,00-0026158,Joe Flacco,NYJ,MIA,33.0,ridge_eb,32.58417280654346,0.4158271934565434
2022_18_NYJ_MIA,2022,18,2023-01-08 18:00:00+00:00,00-0037327,Skylar Thompson,MIA,NYJ,31.0,ridge_eb,28.999590637080168,2.0004093629198323
2022_18_NE_BUF,2022,18,2023-01-08 18:00:00+00:00,00-0036972,Mac Jones,NE,BUF,40.0,ridge_eb,31.82089090156907,8.179109098430931
2022_18_NE_BUF,2022,18,2023-01-08 18:00:00+00:00,00-0034857,Josh Allen,BUF,NE,31.0,ridge_eb,34.0409769616743,-3.040976961674303
2022_18_MIN_CHI,2022,18,2023-01-08 18:00:00+00:00,00-0033958,Nathan Peterman,CHI,MIN,19.0,ridge_eb,30.084504671821897,-11.084504671821897
2022_18_MIN_CHI,2022,18,2023-01-08 18:00:00+00:00,00-0029604,Kirk Cousins,MIN,CHI,20.0,ridge_eb,35.76682253573769,-15.766822535737688
2022_18_HOU_IND,2022,18,2023-01-08 18:00:00+00:00,00-0036898,Davis Mills,HOU,IND,38.0,ridge_eb,29.742179113627692,8.257820886372308
2022_18_CLE_PIT,2022,18,2023-01-08 18:00:00+00:00,00-0038102,Kenny Pickett,PIT,CLE,29.0,ridge_eb,28.27106500248305,0.7289349975169515
2022_18_CLE_PIT,2022,18,2023-01-08 18:00:00+00:00,00-0033537,Deshaun Watson,CLE,PIT,29.0,ridge_eb,25.084998671295654,3.915001328704342
2022_18_CAR_NO,2022,18,2023-01-08 18:00:00+00:00,00-0027973,Andy Dalton,NO,CAR,25.0,ridge_eb,26.62908101259551,-1.6290810125955095
2022_18_CAR_NO,2022,18,2023-01-08 18:00:00+00:00,00-0034869,Sam Darnold,CAR,NO,15.0,ridge_eb,25.540069617163784,-10.540069617163784
2022_18_BAL_CIN,2022,18,2023-01-08 18:00:00+00:00,00-0036442,Joe Burrow,CIN,BAL,42.0,ridge_eb,34.52213879748682,7.477861202513182
2022_18_HOU_IND,2022,18,2023-01-08 18:00:00+00:00,00-0036879,Sam Ehlinger,IND,HOU,35.0,ridge_eb,23.856086948856756,11.143913051143244
2022_18_LA_SEA,2022,18,2023-01-08 21:25:00+00:00,00-0034855,Baker Mayfield,LA,SEA,26.0,ridge_eb,25.95522940771707,0.04477059228293
2022_18_NYG_PHI,2022,18,2023-01-08 21:25:00+00:00,00-0033550,Davis Webb,NYG,PHI,40.0,ridge_eb,25.747011534614824,14.252988465385176
2022_18_LA_SEA,2022,18,2023-01-08 21:25:00+00:00,00-0030565,Geno Smith,SEA,LA,31.0,ridge_eb,33.804716276236334,-2.8047162762363342
2022_18_LAC_DEN,2022,18,2023-01-08 21:25:00+00:00,00-0036355,Justin Herbert,LAC,DEN,37.0,ridge_eb,35.56088971151779,1.4391102884822118
2022_18_NYG_PHI,2022,18,2023-01-08 21:25:00+00:00,00-0036389,Jalen Hurts,PHI,NYG,35.0,ridge_eb,28.277071433806857,6.7229285661931435
2022_18_DAL_WAS,2022,18,2023-01-08 21:25:00+00:00,00-0037077,Sam Howell,WAS,DAL,19.0,ridge_eb,22.159285832911344,-3.159285832911344
2022_18_DAL_WAS,2022,18,2023-01-08 21:25:00+00:00,00-0033077,Dak Prescott,DAL,WAS,37.0,ridge_eb,32.06963046051468,4.930369539485319
2022_18_ARI_SF,2022,18,2023-01-08 21:25:00+00:00,00-0037834,Brock Purdy,SF,ARI,20.0,ridge_eb,27.756622714987294,-7.756622714987294
2022_18_ARI_SF,2022,18,2023-01-08 21:25:00+00:00,00-0035040,David Blough,ARI,SF,18.0,ridge_eb,31.650484374334333,-13.650484374334331
2022_18_LAC_DEN,2022,18,2023-01-08 21:25:00+00:00,00-0029263,Russell Wilson,DEN,LAC,24.0,ridge_eb,28.781282385288357,-4.781282385288357
2022_18_DET_GB,2022,18,2023-01-09 01:20:00+00:00,00-0023459,Aaron Rodgers,GB,DET,27.0,ridge_eb,31.889150825185375,-4.889150825185375
2022_18_DET_GB,2022,18,2023-01-09 01:20:00+00:00,00-0033106,Jared Goff,DET,GB,34.0,ridge_eb,34.56265094831667,-0.5626509483166728
2023_01_DET_KC,2023,1,2023-09-08 00:20:00+00:00,00-0033106,Jared Goff,DET,KC,35.0,ridge_eb,37.76601083145278,-2.766010831452782
2023_01_DET_KC,2023,1,2023-09-08 00:20:00+00:00,00-0033873,Patrick Mahomes,KC,DET,39.0,ridge_eb,37.72221362984535,1.2777863701546508
2023_01_TEN_NO,2023,1,2023-09-10 17:00:00+00:00,00-0029701,Ryan Tannehill,TEN,NO,34.0,ridge_eb,27.887453112724856,6.112546887275144
2023_01_TEN_NO,2023,1,2023-09-10 17:00:00+00:00,00-0031280,Derek Carr,NO,TEN,33.0,ridge_eb,30.993425597931623,2.0065744020683773
2023_01_TB_MIN,2023,1,2023-09-10 17:00:00+00:00,00-0034855,Baker Mayfield,TB,MIN,34.0,ridge_eb,30.50834301406841,3.4916569859315914
2023_01_TB_MIN,2023,1,2023-09-10 17:00:00+00:00,00-0029604,Kirk Cousins,MIN,TB,44.0,ridge_eb,35.459256886925495,8.540743113074505
2023_01_SF_PIT,2023,1,2023-09-10 17:00:00+00:00,00-0037834,Brock Purdy,SF,PIT,29.0,ridge_eb,28.65763936310242,0.3423606368975811
2023_01_SF_PIT,2023,1,2023-09-10 17:00:00+00:00,00-0038102,Kenny Pickett,PIT,SF,46.0,ridge_eb,29.89908851293125,16.10091148706875
2023_01_JAX_IND,2023,1,2023-09-10 17:00:00+00:00,00-0039164,Anthony Richardson,IND,JAX,37.0,ridge_eb,34.303975910432136,2.696024089567864
2023_01_JAX_IND,2023,1,2023-09-10 17:00:00+00:00,00-0036971,Trevor Lawrence,JAX,IND,32.0,ridge_eb,33.5502384104409,-1.5502384104408975
2023_01_HOU_BAL,2023,1,2023-09-10 17:00:00+00:00,00-0034796,Lamar Jackson,BAL,HOU,22.0,ridge_eb,24.937768964254115,-2.937768964254115
2023_01_CIN_CLE,2023,1,2023-09-10 17:00:00+00:00,00-0033537,Deshaun Watson,CLE,CIN,29.0,ridge_eb,29.419973383376217,-0.4199733833762167
2023_01_CIN_CLE,2023,1,2023-09-10 17:00:00+00:00,00-0036442,Joe Burrow,CIN,CLE,31.0,ridge_eb,37.950341346345304,-6.950341346345304
2023_01_CAR_ATL,2023,1,2023-09-10 17:00:00+00:00,00-0039150,Bryce Young,CAR,ATL,38.0,ridge_eb,25.857297579355045,12.142702420644955
2023_01_CAR_ATL,2023,1,2023-09-10 17:00:00+00:00,00-0038122,Desmond Ridder,ATL,CAR,18.0,ridge_eb,27.53369219583834,-9.53369219583834
2023_01_ARI_WAS,2023,1,2023-09-10 17:00:00+00:00,00-0037077,Sam Howell,WAS,ARI,31.0,ridge_eb,23.25222585551891,7.747774144481092
2023_01_ARI_WAS,2023,1,2023-09-10 17:00:00+00:00,00-0033949,Joshua Dobbs,ARI,WAS,30.0,ridge_eb,32.911594875681544,-2.911594875681544
2023_01_HOU_BAL,2023,1,2023-09-10 17:00:00+00:00,00-0039163,C.J. Stroud,HOU,BAL,44.0,ridge_eb,32.39244873835607,11.607551261643929
2023_01_MIA_LAC,2023,1,2023-09-10 20:25:00+00:00,00-0036355,Justin Herbert,LAC,MIA,33.0,ridge_eb,41.22111957943621,-8.221119579436213
2023_01_PHI_NE,2023,1,2023-09-10 20:25:00+00:00,00-0036389,Jalen Hurts,PHI,NE,33.0,ridge_eb,33.45655913761648,-0.4565591376164803
2023_01_PHI_NE,2023,1,2023-09-10 20:25:00+00:00,00-0036972,Mac Jones,NE,PHI,54.0,ridge_eb,33.08267967566674,20.91732032433326
2023_01_MIA_LAC,2023,1,2023-09-10 20:25:00+00:00,00-0036212,Tua Tagovailoa,MIA,LAC,45.0,ridge_eb,31.31811026061865,13.681889739381354
2023_01_LV_DEN,2023,1,2023-09-10 20:25:00+00:00,00-0031345,Jimmy Garoppolo,LV,DEN,26.0,ridge_eb,31.317568836248,-5.317568836248
2023_01_LA_SEA,2023,1,2023-09-10 20:25:00+00:00,00-0026498,Matthew Stafford,LA,SEA,38.0,ridge_eb,30.896570985913733,7.103429014086267
2023_01_LA_SEA,2023,1,2023-09-10 20:25:00+00:00,00-0030565,Geno Smith,SEA,LA,26.0,ridge_eb,35.202193946731555,-9.202193946731557
2023_01_GB_CHI,2023,1,2023-09-10 20:25:00+00:00,00-0036264,Jordan Love,GB,CHI,27.0,ridge_eb,29.070671625496672,-2.070671625496672
2023_01_GB_CHI,2023,1,2023-09-10 20:25:00+00:00,00-0036945,Justin Fields,CHI,GB,37.0,ridge_eb,19.838052806322096,17.161947193677904
2023_01_LV_DEN,2023,1,2023-09-10 20:25:00+00:00,00-0029263,Russell Wilson,DEN,LV,34.0,ridge_eb,33.93593078998892,0.0640692100110769
2023_01_DAL_NYG,2023,1,2023-09-11 00:20:00+00:00,00-0033077,Dak Prescott,DAL,NYG,24.0,ridge_eb,33.6522949306651,-9.6522949306651
2023_01_DAL_NYG,2023,1,2023-09-11 00:20:00+00:00,00-0035710,Daniel Jones,NYG,DAL,28.0,ridge_eb,27.56670485408675,0.4332951459132488
2023_01_BUF_NYJ,2023,1,2023-09-12 00:15:00+00:00,00-0034857,Josh Allen,BUF,NYJ,41.0,ridge_eb,33.71554441185722,7.284455588142777
2023_01_BUF_NYJ,2023,1,2023-09-12 00:15:00+00:00,00-0023459,Aaron Rodgers,NYJ,BUF,1.0,ridge_eb,31.199568585027965,-30.199568585027965
2023_02_MIN_PHI,2023,2,2023-09-15 00:15:00+00:00,00-0036389,Jalen Hurts,PHI,MIN,23.0,ridge_eb,33.607643548932735,-10.607643548932735
2023_02_MIN_PHI,2023,2,2023-09-15 00:15:00+00:00,00-0029604,Kirk Cousins,MIN,PHI,44.0,ridge_eb,36.7375176473408,7.262482352659198
2023_02_SEA_DET,2023,2,2023-09-17 17:00:00+00:00,00-0030565,Geno Smith,SEA,DET,41.0,ridge_eb,34.44466791454476,6.555332085455241
2023_02_LV_BUF,2023,2,2023-09-17 17:00:00+00:00,00-0031345,Jimmy Garoppolo,LV,BUF,24.0,ridge_eb,31.217549725296617,-7.217549725296614
2023_02_LV_BUF,2023,2,2023-09-17 17:00:00+00:00,00-0034857,Josh Allen,BUF,LV,37.0,ridge_eb,35.225222936621385,1.7747770633786146
2023_02_LAC_TEN,2023,2,2023-09-17 17:00:00+00:00,00-0029701,Ryan Tannehill,TEN,LAC,24.0,ridge_eb,29.65327220012405,-5.65327220012405
2023_02_LAC_TEN,2023,2,2023-09-17 17:00:00+00:00,00-0036355,Justin Herbert,LAC,TEN,41.0,ridge_eb,38.38174430021011,2.6182556997898914
2023_02_KC_JAX,2023,2,2023-09-17 17:00:00+00:00,00-0033873,Patrick Mahomes,KC,JAX,41.0,ridge_eb,37.53210888940387,3.4678911105961276
2023_02_KC_JAX,2023,2,2023-09-17 17:00:00+00:00,00-0036971,Trevor Lawrence,JAX,KC,41.0,ridge_eb,35.88600317027212,5.113996829727881
2023_02_SEA_DET,2023,2,2023-09-17 17:00:00+00:00,00-0033106,Jared Goff,DET,SEA,35.0,ridge_eb,35.83789716185185,-0.8378971618518491
2023_02_IND_HOU,2023,2,2023-09-17 17:00:00+00:00,00-0039163,C.J. Stroud,HOU,IND,47.0,ridge_eb,31.052789295288353,15.947210704711647
2023_02_GB_ATL,2023,2,2023-09-17 17:00:00+00:00,00-0036264,Jordan Love,GB,ATL,25.0,ridge_eb,27.978540122365356,-2.978540122365356
2023_02_GB_ATL,2023,2,2023-09-17 17:00:00+00:00,00-0038122,Desmond Ridder,ATL,GB,32.0,ridge_eb,26.63629787719597,5.363702122804028
2023_02_CHI_TB,2023,2,2023-09-17 17:00:00+00:00,00-0034855,Baker Mayfield,TB,CHI,34.0,ridge_eb,30.385533098388763,3.6144669016112374
2023_02_CHI_TB,2023,2,2023-09-17 17:00:00+00:00,00-0036945,Justin Fields,CHI,TB,29.0,ridge_eb,21.73278564029421,7.26721435970579
2023_02_BAL_CIN,2023,2,2023-09-17 17:00:00+00:00,00-0036442,Joe Burrow,CIN,BAL,41.0,ridge_eb,37.92747018348258,3.0725298165174166
2023_02_IND_HOU,2023,2,2023-09-17 17:00:00+00:00,00-0039164,Anthony Richardson,IND,HOU,10.0,ridge_eb,28.814153202637566,-18.814153202637566
2023_02_BAL_CIN,2023,2,2023-09-17 17:00:00+00:00,00-0034796,Lamar Jackson,BAL,CIN,33.0,ridge_eb,26.180960974050247,6.819039025949753
2023_02_SF_LA,2023,2,2023-09-17 20:05:00+00:00,00-0037834,Brock Purdy,SF,LA,25.0,ridge_eb,31.20595192260598,-6.20595192260598
2023_02_SF_LA,2023,2,2023-09-17 20:05:00+00:00,00-0026498,Matthew Stafford,LA,SF,55.0,ridge_eb,32.3215616129125,22.678438387087503
2023_02_NYG_ARI,2023,2,2023-09-17 20:05:00+00:00,00-0033949,Joshua Dobbs,ARI,NYG,31.0,ridge_eb,31.48733701748328,-0.4873370174832807
2023_02_NYG_ARI,2023,2,2023-09-17 20:05:00+00:00,00-0035710,Daniel Jones,NYG,ARI,37.0,ridge_eb,29.11546681045959,7.884533189540409
2023_02_WAS_DEN,2023,2,2023-09-17 20:25:00+00:00,00-0037077,Sam Howell,WAS,DEN,39.0,ridge_eb,27.413949242893075,11.586050757106923
2023_02_NYJ_DAL,2023,2,2023-09-17 20:25:00+00:00,00-0033077,Dak Prescott,DAL,NYJ,38.0,ridge_eb,31.928202932010848,6.071797067989152
2023_02_NYJ_DAL,2023,2,2023-09-17 20:25:00+00:00,00-0037013,Zach Wilson,NYJ,DAL,27.0,ridge_eb,24.223588124341205,2.7764118756587948
2023_02_WAS_DEN,2023,2,2023-09-17 20:25:00+00:00,00-0029263,Russell Wilson,DEN,WAS,32.0,ridge_eb,28.121478040029093,3.8785219599709073
2023_02_MIA_NE,2023,2,2023-09-18 00:20:00+00:00,00-0036972,Mac Jones,NE,MIA,42.0,ridge_eb,36.83926113301903,5.160738866980971
2023_02_MIA_NE,2023,2,2023-09-18 00:20:00+00:00,00-0036212,Tua Tagovailoa,MIA,NE,30.0,ridge_eb,33.55715007650069,-3.5571500765006903
2023_02_NO_CAR,2023,2,2023-09-18 23:15:00+00:00,00-0039150,Bryce Young,CAR,NO,33.0,ridge_eb,26.744079287158417,6.255920712841586
2023_02_NO_CAR,2023,2,2023-09-18 23:15:00+00:00,00-0031280,Derek Carr,NO,CAR,36.0,ridge_eb,30.47010509312512,5.52989490687488
2023_02_CLE_PIT,2023,2,2023-09-19 00:15:00+00:00,00-0033537,Deshaun Watson,CLE,PIT,40.0,ridge_eb,28.728932450268623,11.271067549731374
2023_02_CLE_PIT,2023,2,2023-09-19 00:15:00+00:00,00-0038102,Kenny Pickett,PIT,CLE,30.0,ridge_eb,28.849291785364706,1.1507082146352945
2023_03_NYG_SF,2023,3,2023-09-22 00:15:00+00:00,00-0035710,Daniel Jones,NYG,SF,32.0,ridge_eb,30.26836903661513,1.7316309633848697
2023_03_NYG_SF,2023,3,2023-09-22 00:15:00+00:00,00-0037834,Brock Purdy,SF,NYG,37.0,ridge_eb,29.140833335309388,7.859166664690612
2023_03_TEN_CLE,2023,3,2023-09-24 17:00:00+00:00,00-0033537,Deshaun Watson,CLE,TEN,33.0,ridge_eb,31.610476628074007,1.3895233719259927
2023_03_NO_GB,2023,3,2023-09-24 17:00:00+00:00,00-0031280,Derek Carr,NO,GB,18.0,ridge_eb,32.5718047951508,-14.571804795150795
2023_03_NO_GB,2023,3,2023-09-24 17:00:00+00:00,00-0036264,Jordan Love,GB,NO,44.0,ridge_eb,27.96554541008437,16.03445458991563
2023_03_TEN_CLE,2023,3,2023-09-24 17:00:00+00:00,00-0029701,Ryan Tannehill,TEN,CLE,25.0,ridge_eb,27.28085707205266,-2.2808570720526617
2023_03_NE_NYJ,2023,3,2023-09-24 17:00:00+00:00,00-0037013,Zach Wilson,NYJ,NE,36.0,ridge_eb,25.73130864083472,10.26869135916528
2023_03_NE_NYJ,2023,3,2023-09-24 17:00:00+00:00,00-0036972,Mac Jones,NE,NYJ,29.0,ridge_eb,34.74533231431795,-5.745332314317949
2023_03_LAC_MIN,2023,3,2023-09-24 17:00:00+00:00,00-0029604,Kirk Cousins,MIN,LAC,50.0,ridge_eb,38.163409274174114,11.836590725825886
2023_03_LAC_MIN,2023,3,2023-09-24 17:00:00+00:00,00-0036355,Justin Herbert,LAC,MIN,47.0,ridge_eb,39.77059360336905,7.229406396630949
2023_03_IND_BAL,2023,3,2023-09-24 17:00:00+00:00,00-0035289,Gardner Minshew,IND,BAL,44.0,ridge_eb,32.23379868809088,11.76620131190912
2023_03_BUF_WAS,2023,3,2023-09-24 17:00:00+00:00,00-0037077,Sam Howell,WAS,BUF,29.0,ridge_eb,30.168208490169988,-1.168208490169988
2023_03_HOU_JAX,2023,3,2023-09-24 17:00:00+00:00,00-0036971,Trevor Lawrence,JAX,HOU,40.0,ridge_eb,33.71711680844994,6.282883191550063
2023_03_HOU_JAX,2023,3,2023-09-24 17:00:00+00:00,00-0039163,C.J. Stroud,HOU,JAX,30.0,ridge_eb,34.94960960405429,-4.949609604054288
2023_03_DEN_MIA,2023,3,2023-09-24 17:00:00+00:00,00-0036212,Tua Tagovailoa,MIA,DEN,26.0,ridge_eb,33.29359003965271,-7.293590039652713
2023_03_DEN_MIA,2023,3,2023-09-24 17:00:00+00:00,00-0029263,Russell Wilson,DEN,MIA,38.0,ridge_eb,32.82575436390674,5.174245636093261
2023_03_BUF_WAS,2023,3,2023-09-24 17:00:00+00:00,00-0034857,Josh Allen,BUF,WAS,32.0,ridge_eb,33.48987359869963,-1.4898735986996314
2023_03_ATL_DET,2023,3,2023-09-24 17:00:00+00:00,00-0033106,Jared Goff,DET,ATL,33.0,ridge_eb,34.67290078318061,-1.6729007831806086
2023_03_ATL_DET,2023,3,2023-09-24 17:00:00+00:00,00-0038122,Desmond Ridder,ATL,DET,38.0,ridge_eb,29.895222435983076,8.104777564016924
2023_03_IND_BAL,2023,3,2023-09-24 17:00:00+00:00,00-0034796,Lamar Jackson,BAL,IND,31.0,ridge_eb,26.191960745033725,4.808039254966275
2023_03_CAR_SEA,2023,3,2023-09-24 20:05:00+00:00,00-0027973,Andy Dalton,CAR,SEA,58.0,ridge_eb,25.56744731552627,32.432552684473734
2023_03_CAR_SEA,2023,3,2023-09-24 20:05:00+00:00,00-0030565,Geno Smith,SEA,CAR,36.0,ridge_eb,33.309338211640515,2.6906617883594848
2023_03_DAL_ARI,2023,3,2023-09-24 20:25:00+00:00,00-0033077,Dak Prescott,DAL,ARI,40.0,ridge_eb,33.58651242686171,6.4134875731382905
2023_03_DAL_ARI,2023,3,2023-09-24 20:25:00+00:00,00-0033949,Joshua Dobbs,ARI,DAL,21.0,ridge_eb,30.010021510356417,-9.010021510356417
2023_03_CHI_KC,2023,3,2023-09-24 20:25:00+00:00,00-0036945,Justin Fields,CHI,KC,22.0,ridge_eb,24.325878014366097,-2.3258780143660935
2023_03_CHI_KC,2023,3,2023-09-24 20:25:00+00:00,00-0033873,Patrick Mahomes,KC,CHI,33.0,ridge_eb,37.47061678160109,-4.470616781601088
2023_03_PIT_LV,2023,3,2023-09-25 00:20:00+00:00,00-0031345,Jimmy Garoppolo,LV,PIT,44.0,ridge_eb,29.801071366062985,14.198928633937015
2023_03_PIT_LV,2023,3,2023-09-25 00:20:00+00:00,00-0038102,Kenny Pickett,PIT,LV,28.0,ridge_eb,33.42569640246549,-5.425696402465491
2023_03_PHI_TB,2023,3,2023-09-25 23:15:00+00:00,00-0036389,Jalen Hurts,PHI,TB,37.0,ridge_eb,31.045880318354584,5.954119681645416
2023_03_PHI_TB,2023,3,2023-09-25 23:15:00+00:00,00-0034855,Baker Mayfield,TB,PHI,25.0,ridge_eb,30.146712445954133,-5.146712445954133
2023_03_LA_CIN,2023,3,2023-09-26 00:15:00+00:00,00-0026498,Matthew Stafford,LA,CIN,33.0,ridge_eb,34.12638340901045,-1.126383409010451
2023_03_LA_CIN,2023,3,2023-09-26 00:15:00+00:00,00-0036442,Joe Burrow,CIN,LA,49.0,ridge_eb,37.81669016134945,11.183309838650551
2023_04_DET_GB,2023,4,2023-09-29 00:15:00+00:00,00-0036264,Jordan Love,GB,DET,36.0,ridge_eb,31.877828100108,4.122171899891999
2023_04_DET_GB,2023,4,2023-09-29 00:15:00+00:00,00-0033106,Jared Goff,DET,GB,28.0,ridge_eb,34.97325423151939,-6.973254231519391
2023_04_ATL_JAX,2023,4,2023-10-01 13:30:00+00:00,00-0038122,Desmond Ridder,ATL,JAX,31.0,ridge_eb,30.08886640983301,0.911133590166994
2023_04_ATL_JAX,2023,4,2023-10-01 13:30:00+00:00,00-0036971,Trevor Lawrence,JAX,ATL,30.0,ridge_eb,33.839090649094395,-3.839090649094395
2023_04_WAS_PHI,2023,4,2023-10-01 17:00:00+00:00,00-0037077,Sam Howell,WAS,PHI,41.0,ridge_eb,28.796760567803737,12.203239432196266
2023_04_WAS_PHI,2023,4,2023-10-01 17:00:00+00:00,00-0036389,Jalen Hurts,PHI,WAS,37.0,ridge_eb,31.15045704132554,5.8495429586744585
2023_04_TB_NO,2023,4,2023-10-01 17:00:00+00:00,00-0034855,Baker Mayfield,TB,NO,32.0,ridge_eb,29.41939347901729,2.580606520982709
2023_04_TB_NO,2023,4,2023-10-01 17:00:00+00:00,00-0031280,Derek Carr,NO,TB,37.0,ridge_eb,32.890725236884364,4.109274763115636
2023_04_PIT_HOU,2023,4,2023-10-01 17:00:00+00:00,00-0038102,Kenny Pickett,PIT,HOU,23.0,ridge_eb,31.096991624642655,-8.096991624642655
2023_04_PIT_HOU,2023,4,2023-10-01 17:00:00+00:00,00-0039163,C.J. Stroud,HOU,PIT,30.0,ridge_eb,33.25932406290025,-3.259324062900248
2023_04_MIN_CAR,2023,4,2023-10-01 17:00:00+00:00,00-0029604,Kirk Cousins,MIN,CAR,19.0,ridge_eb,38.19200384219837,-19.192003842198368
2023_04_MIN_CAR,2023,4,2023-10-01 17:00:00+00:00,00-0039150,Bryce Young,CAR,MIN,32.0,ridge_eb,31.7973386453978,0.2026613546021991
2023_04_MIA_BUF,2023,4,2023-10-01 17:00:00+00:00,00-0036212,Tua Tagovailoa,MIA,BUF,35.0,ridge_eb,33.90504557736612,1.094954422633883
2023_04_LA_IND,2023,4,2023-10-01 17:00:00+00:00,00-0026498,Matthew Stafford,LA,IND,40.0,ridge_eb,33.078819404545236,6.921180595454764
2023_04_LA_IND,2023,4,2023-10-01 17:00:00+00:00,00-0039164,Anthony Richardson,IND,LA,25.0,ridge_eb,30.278527665325875,-5.278527665325875
2023_04_DEN_CHI,2023,4,2023-10-01 17:00:00+00:00,00-0029263,Russell Wilson,DEN,CHI,28.0,ridge_eb,32.548195839287715,-4.548195839287715
2023_04_DEN_CHI,2023,4,2023-10-01 17:00:00+00:00,00-0036945,Justin Fields,CHI,DEN,35.0,ridge_eb,24.252635796031967,10.747364203968033
2023_04_CIN_TEN,2023,4,2023-10-01 17:00:00+00:00,00-0029701,Ryan Tannehill,TEN,CIN,25.0,ridge_eb,29.074664773969054,-4.0746647739690545
2023_04_CIN_TEN,2023,4,2023-10-01 17:00:00+00:00,00-0036442,Joe Burrow,CIN,TEN,30.0,ridge_eb,40.16250227482006,-10.162502274820064
2023_04_BAL_CLE,2023,4,2023-10-01 17:00:00+00:00,00-0038583,Dorian Thompson-Robinson,CLE,BAL,36.0,ridge_eb,31.27709509643196,4.72290490356804
2023_04_BAL_CLE,2023,4,2023-10-01 17:00:00+00:00,00-0034796,Lamar Jackson,BAL,CLE,19.0,ridge_eb,26.01518817829222,-7.01518817829222
2023_04_MIA_BUF,2023,4,2023-10-01 17:00:00+00:00,00-0034857,Josh Allen,BUF,MIA,25.0,ridge_eb,37.02541794651789,-12.02541794651789
2023_04_LV_LAC,2023,4,2023-10-01 20:05:00+00:00,00-0036355,Justin Herbert,LAC,LV,24.0,ridge_eb,39.93897806115736,-15.938978061157355
2023_04_LV_LAC,2023,4,2023-10-01 20:05:00+00:00,00-0038579,Aidan O'Connell,LV,LAC,39.0,ridge_eb,30.11567179350346,8.88432820649654
2023_04_NE_DAL,2023,4,2023-10-01 20:25:00+00:00,00-0036972,Mac Jones,NE,DAL,21.0,ridge_eb,33.17835976543947,-12.178359765439469
2023_04_NE_DAL,2023,4,2023-10-01 20:25:00+00:00,00-0033077,Dak Prescott,DAL,NE,34.0,ridge_eb,34.22291753635953,-0.2229175363595317
2023_04_ARI_SF,2023,4,2023-10-01 20:25:00+00:00,00-0037834,Brock Purdy,SF,ARI,21.0,ridge_eb,30.45256282521744,-9.45256282521744
2023_04_ARI_SF,2023,4,2023-10-01 20:25:00+00:00,00-0033949,Joshua Dobbs,ARI,SF,41.0,ridge_eb,30.859563956868087,10.140436043131912
2023_04_KC_NYJ,2023,4,2023-10-02 00:20:00+00:00,00-0033873,Patrick Mahomes,KC,NYJ,30.0,ridge_eb,35.12571944059972,-5.125719440599717
2023_04_KC_NYJ,2023,4,2023-10-02 00:20:00+00:00,00-0037013,Zach Wilson,NYJ,KC,39.0,ridge_eb,27.41564282279494,11.58435717720506
2023_04_SEA_NYG,2023,4,2023-10-03 00:15:00+00:00,00-0035710,Daniel Jones,NYG,SEA,34.0,ridge_eb,29.975831741124917,4.024168258875083
2023_04_SEA_NYG,2023,4,2023-10-03 00:15:00+00:00,00-0030565,Geno Smith,SEA,NYG,20.0,ridge_eb,35.576671821168524,-15.576671821168524
2023_05_CHI_WAS,2023,5,2023-10-06 00:15:00+00:00,00-0036945,Justin Fields,CHI,WAS,29.0,ridge_eb,25.4400858975442,3.559914102455799
2023_05_CHI_WAS,2023,5,2023-10-06 00:15:00+00:00,00-0037077,Sam Howell,WAS,CHI,51.0,ridge_eb,32.33313150560621,18.66686849439379
2023_05_JAX_BUF,2023,5,2023-10-08 13:30:00+00:00,00-0034857,Josh Allen,BUF,JAX,40.0,ridge_eb,35.25373766927982,4.746262330720178
2023_05_JAX_BUF,2023,5,2023-10-08 13:30:00+00:00,00-0036971,Trevor Lawrence,JAX,BUF,37.0,ridge_eb,36.20959581811286,0.7904041818871406
2023_05_TEN_IND,2023,5,2023-10-08 17:00:00+00:00,00-0029701,Ryan Tannehill,TEN,IND,34.0,ridge_eb,27.74774207962764,6.252257920372362
2023_05_TEN_IND,2023,5,2023-10-08 17:00:00+00:00,00-0039164,Anthony Richardson,IND,TEN,12.0,ridge_eb,29.14625951789679,-17.146259517896794
2023_05_NYG_MIA,2023,5,2023-10-08 17:00:00+00:00,00-0035710,Daniel Jones,NYG,MIA,20.0,ridge_eb,31.93183703325542,-11.93183703325542
2023_05_NYG_MIA,2023,5,2023-10-08 17:00:00+00:00,00-0036212,Tua Tagovailoa,MIA,NYG,30.0,ridge_eb,32.44059510519942,-2.440595105199421
2023_05_NO_NE,2023,5,2023-10-08 17:00:00+00:00,00-0031280,Derek Carr,NO,NE,26.0,ridge_eb,32.8316859329792,-6.831685932979198
2023_05_NO_NE,2023,5,2023-10-08 17:00:00+00:00,00-0036972,Mac Jones,NE,NO,22.0,ridge_eb,32.33440456680879,-10.334404566808791
2023_05_CAR_DET,2023,5,2023-10-08 17:00:00+00:00,00-0039150,Bryce Young,CAR,DET,41.0,ridge_eb,30.600525350586175,10.399474649413822
2023_05_HOU_ATL,2023,5,2023-10-08 17:00:00+00:00,00-0038122,Desmond Ridder,ATL,HOU,37.0,ridge_eb,28.53374038368554,8.46625961631446
2023_05_CAR_DET,2023,5,2023-10-08 17:00:00+00:00,00-0033106,Jared Goff,DET,CAR,28.0,ridge_eb,34.10576173328772,-6.105761733287721
2023_05_BAL_PIT,2023,5,2023-10-08 17:00:00+00:00,00-0038102,Kenny Pickett,PIT,BAL,32.0,ridge_eb,28.90326080200609,3.0967391979939087
2023_05_BAL_PIT,2023,5,2023-10-08 17:00:00+00:00,00-0034796,Lamar Jackson,BAL,PIT,38.0,ridge_eb,25.779125287370032,12.220874712629968
2023_05_HOU_ATL,2023,5,2023-10-08 17:00:00+00:00,00-0039163,C.J. Stroud,HOU,ATL,35.0,ridge_eb,32.6835167884065,2.3164832115935
2023_05_PHI_LA,2023,5,2023-10-08 20:05:00+00:00,00-0036389,Jalen Hurts,PHI,LA,38.0,ridge_eb,34.14844107405734,3.851558925942662
2023_05_PHI_LA,2023,5,2023-10-08 20:05:00+00:00,00-0026498,Matthew Stafford,LA,PHI,37.0,ridge_eb,36.04946022531225,0.9505397746877478
2023_05_CIN_ARI,2023,5,2023-10-08 20:05:00+00:00,00-0036442,Joe Burrow,CIN,ARI,46.0,ridge_eb,38.076648703875456,7.923351296124544
2023_05_CIN_ARI,2023,5,2023-10-08 20:05:00+00:00,00-0033949,Joshua Dobbs,ARI,CIN,32.0,ridge_eb,32.42162126252309,-0.4216212625230895
2023_05_KC_MIN,2023,5,2023-10-08 20:25:00+00:00,00-0033873,Patrick Mahomes,KC,MIN,41.0,ridge_eb,38.06860835044792,2.931391649552076
2023_05_KC_MIN,2023,5,2023-10-08 20:25:00+00:00,00-0029604,Kirk Cousins,MIN,KC,47.0,ridge_eb,38.09126540584008,8.908734594159924
2023_05_NYJ_DEN,2023,5,2023-10-08 20:25:00+00:00,00-0029263,Russell Wilson,DEN,NYJ,31.0,ridge_eb,30.380243381431583,0.6197566185684167
2023_05_NYJ_DEN,2023,5,2023-10-08 20:25:00+00:00,00-0037013,Zach Wilson,NYJ,DEN,26.0,ridge_eb,29.812452434727245,-3.812452434727245
2023_05_DAL_SF,2023,5,2023-10-09 00:20:00+00:00,00-0033077,Dak Prescott,DAL,SF,24.0,ridge_eb,35.25299352898826,-11.252993528988265
2023_05_DAL_SF,2023,5,2023-10-09 00:20:00+00:00,00-0037834,Brock Purdy,SF,DAL,24.0,ridge_eb,28.88226839246187,-4.882268392461871
2023_05_GB_LV,2023,5,2023-10-10 00:15:00+00:00,00-0036264,Jordan Love,GB,LV,30.0,ridge_eb,33.94289894153365,-3.942898941533649
2023_05_GB_LV,2023,5,2023-10-10 00:15:00+00:00,00-0031345,Jimmy Garoppolo,LV,GB,31.0,ridge_eb,33.16497381268175,-2.164973812681751
2023_06_DEN_KC,2023,6,2023-10-13 00:15:00+00:00,00-0033873,Patrick Mahomes,KC,DEN,40.0,ridge_eb,36.84266550308511,3.157334496914892
2023_06_DEN_KC,2023,6,2023-10-13 00:15:00+00:00,00-0029263,Russell Wilson,DEN,KC,22.0,ridge_eb,31.15764602852289,-9.15764602852289
2023_06_BAL_TEN,2023,6,2023-10-15 13:30:00+00:00,00-0034796,Lamar Jackson,BAL,TEN,30.0,ridge_eb,29.763429725089125,0.2365702749108749
2023_06_BAL_TEN,2023,6,2023-10-15 13:30:00+00:00,00-0029701,Ryan Tannehill,TEN,BAL,16.0,ridge_eb,28.112503731055902,-12.112503731055902
2023_06_WAS_ATL,2023,6,2023-10-15 17:00:00+00:00,00-0037077,Sam Howell,WAS,ATL,23.0,ridge_eb,33.201791832838296,-10.201791832838296
2023_06_WAS_ATL,2023,6,2023-10-15 17:00:00+00:00,00-0038122,Desmond Ridder,ATL,WAS,47.0,ridge_eb,30.583937564064033,16.416062435935967
2023_06_SF_CLE,2023,6,2023-10-15 17:00:00+00:00,00-0037834,Brock Purdy,SF,CLE,27.0,ridge_eb,27.223285823911095,-0.2232858239110982
2023_06_SF_CLE,2023,6,2023-10-15 17:00:00+00:00,00-0033275,Phillip Walker,CLE,SF,34.0,ridge_eb,29.59880901389197,4.401190986108034
2023_06_SEA_CIN,2023,6,2023-10-15 17:00:00+00:00,00-0036442,Joe Burrow,CIN,SEA,35.0,ridge_eb,38.716492870509235,-3.716492870509235
2023_06_NO_HOU,2023,6,2023-10-15 17:00:00+00:00,00-0031280,Derek Carr,NO,HOU,50.0,ridge_eb,32.48105010439461,17.518949895605388
2023_06_SEA_CIN,2023,6,2023-10-15 17:00:00+00:00,00-0030565,Geno Smith,SEA,CIN,41.0,ridge_eb,33.5914821976128,7.408517802387202
2023_06_MIN_CHI,2023,6,2023-10-15 17:00:00+00:00,00-0029604,Kirk Cousins,MIN,CHI,31.0,ridge_eb,36.78475880315832,-5.784758803158319
2023_06_MIN_CHI,2023,6,2023-10-15 17:00:00+00:00,00-0036945,Justin Fields,CHI,MIN,10.0,ridge_eb,26.56670633651792,-16.56670633651792
2023_06_IND_JAX,2023,6,2023-10-15 17:00:00+00:00,00-0036971,Trevor Lawrence,JAX,IND,30.0,ridge_eb,33.74597882037516,-3.745978820375157
2023_06_IND_JAX,2023,6,2023-10-15 17:00:00+00:00,00-0035289,Gardner Minshew,IND,JAX,55.0,ridge_eb,32.77666505994951,22.223334940050492
2023_06_CAR_MIA,2023,6,2023-10-15 17:00:00+00:00,00-0036212,Tua Tagovailoa,MIA,CAR,31.0,ridge_eb,32.1155448528524,-1.115544852852402
2023_06_CAR_MIA,2023,6,2023-10-15 17:00:00+00:00,00-0039150,Bryce Young,CAR,MIA,38.0,ridge_eb,33.161039961042064,4.838960038957936
2023_06_NO_HOU,2023,6,2023-10-15 17:00:00+00:00,00-0039163,C.J. Stroud,HOU,NO,27.0,ridge_eb,33.00606752616306,-6.006067526163058
2023_06_NE_LV,2023,6,2023-10-15 20:05:00+00:00,00-0031345,Jimmy Garoppolo,LV,NE,22.0,ridge_eb,33.218769173316595,-11.218769173316597
2023_06_NE_LV,2023,6,2023-10-15 20:05:00+00:00,00-0036972,Mac Jones,NE,LV,33.0,ridge_eb,32.79314094163248,0.2068590583675202
2023_06_PHI_NYJ,2023,6,2023-10-15 20:25:00+00:00,00-0036389,Jalen Hurts,PHI,NYJ,45.0,ridge_eb,33.012691447706665,11.987308552293335
2023_06_PHI_NYJ,2023,6,2023-10-15 20:25:00+00:00,00-0037013,Zach Wilson,NYJ,PHI,33.0,ridge_eb,28.332054209571854,4.667945790428146
2023_06_DET_TB,2023,6,2023-10-15 20:25:00+00:00,00-0034855,Baker Mayfield,TB,DET,37.0,ridge_eb,30.279479467374305,6.720520532625695
2023_06_ARI_LA,2023,6,2023-10-15 20:25:00+00:00,00-0026498,Matthew Stafford,LA,ARI,24.0,ridge_eb,35.856609884565565,-11.856609884565565
2023_06_ARI_LA,2023,6,2023-10-15 20:25:00+00:00,00-0033949,Joshua Dobbs,ARI,LA,41.0,ridge_eb,32.222213423114084,8.777786576885916
2023_06_DET_TB,2023,6,2023-10-15 20:25:00+00:00,00-0033106,Jared Goff,DET,TB,44.0,ridge_eb,34.827058858312924,9.172941141687076
2023_06_NYG_BUF,2023,6,2023-10-16 00:20:00+00:00,00-0034857,Josh Allen,BUF,NYG,30.0,ridge_eb,33.83210009429203,-3.8321000942920302
2023_06_NYG_BUF,2023,6,2023-10-16 00:20:00+00:00,00-0028118,Tyrod Taylor,NYG,BUF,36.0,ridge_eb,28.008431976584504,7.991568023415496
2023_06_DAL_LAC,2023,6,2023-10-17 00:15:00+00:00,00-0033077,Dak Prescott,DAL,LAC,30.0,ridge_eb,34.609482751654184,-4.609482751654184
2023_06_DAL_LAC,2023,6,2023-10-17 00:15:00+00:00,00-0036355,Justin Herbert,LAC,DAL,37.0,ridge_eb,35.79123010465143,1.208769895348567
2023_07_JAX_NO,2023,7,2023-10-20 00:15:00+00:00,00-0036971,Trevor Lawrence,JAX,NO,29.0,ridge_eb,34.375477551468826,-5.375477551468826
2023_07_JAX_NO,2023,7,2023-10-20 00:15:00+00:00,00-0031280,Derek Carr,NO,JAX,55.0,ridge_eb,34.306379241740736,20.693620758259264
2023_07_DET_BAL,2023,7,2023-10-22 17:00:00+00:00,00-0033106,Jared Goff,DET,BAL,53.0,ridge_eb,35.27436608553393,17.725633914466073
2023_07_WAS_NYG,2023,7,2023-10-22 17:00:00+00:00,00-0037077,Sam Howell,WAS,NYG,42.0,ridge_eb,31.419213265215653,10.580786734784349
2023_07_WAS_NYG,2023,7,2023-10-22 17:00:00+00:00,00-0028118,Tyrod Taylor,NYG,WAS,29.0,ridge_eb,27.043607813633688,1.956392186366312
2023_07_LV_CHI,2023,7,2023-10-22 17:00:00+00:00,00-0026625,Brian Hoyer,LV,CHI,32.0,ridge_eb,30.09903499084219,1.9009650091578116
2023_07_DET_BAL,2023,7,2023-10-22 17:00:00+00:00,00-0034796,Lamar Jackson,BAL,DET,27.0,ridge_eb,28.700188855310724,-1.7001888553107245
2023_07_LV_CHI,2023,7,2023-10-22 17:00:00+00:00,00-0038416,Tyson Bagent,CHI,LV,29.0,ridge_eb,29.89027638077041,-0.890276380770409
2023_07_CLE_IND,2023,7,2023-10-22 17:00:00+00:00,00-0033537,Deshaun Watson,CLE,IND,5.0,ridge_eb,30.7185758834156,-25.7185758834156
2023_07_ATL_TB,2023,7,2023-10-22 17:00:00+00:00,00-0038122,Desmond Ridder,ATL,TB,25.0,ridge_eb,32.193609249693964,-7.193609249693964
2023_07_ATL_TB,2023,7,2023-10-22 17:00:00+00:00,00-0034855,Baker Mayfield,TB,ATL,42.0,ridge_eb,29.658103554320444,12.341896445679556
2023_07_CLE_IND,2023,7,2023-10-22 17:00:00+00:00,00-0035289,Gardner Minshew,IND,CLE,23.0,ridge_eb,32.69765705936507,-9.69765705936507
2023_07_BUF_NE,2023,7,2023-10-22 17:00:00+00:00,00-0034857,Josh Allen,BUF,NE,41.0,ridge_eb,32.749121626624905,8.250878373375095
2023_07_BUF_NE,2023,7,2023-10-22 17:00:00+00:00,00-0036972,Mac Jones,NE,BUF,30.0,ridge_eb,32.10468226204085,-2.1046822620408534
2023_07_ARI_SEA,2023,7,2023-10-22 20:05:00+00:00,00-0033949,Joshua Dobbs,ARI,SEA,33.0,ridge_eb,31.9002103045978,1.0997896954021975
2023_07_ARI_SEA,2023,7,2023-10-22 20:05:00+00:00,00-0030565,Geno Smith,SEA,ARI,24.0,ridge_eb,33.70862497708428,-9.708624977084275
2023_07_PIT_LA,2023,7,2023-10-22 20:05:00+00:00,00-0026498,Matthew Stafford,LA,PIT,29.0,ridge_eb,33.67091389743526,-4.670913897435263
2023_07_PIT_LA,2023,7,2023-10-22 20:05:00+00:00,00-0038102,Kenny Pickett,PIT,LA,25.0,ridge_eb,30.713830606607893,-5.7138306066078925
2023_07_GB_DEN,2023,7,2023-10-22 20:25:00+00:00,00-0029263,Russell Wilson,DEN,GB,29.0,ridge_eb,28.96631542561436,0.0336845743856422
2023_07_GB_DEN,2023,7,2023-10-22 20:25:00+00:00,00-0036264,Jordan Love,GB,DEN,31.0,ridge_eb,33.15710566045758,-2.1571056604575816
2023_07_LAC_KC,2023,7,2023-10-22 20:25:00+00:00,00-0033873,Patrick Mahomes,KC,LAC,42.0,ridge_eb,36.52186217461063,5.478137825389368
2023_07_LAC_KC,2023,7,2023-10-22 20:25:00+00:00,00-0036355,Justin Herbert,LAC,KC,30.0,ridge_eb,37.215374694705815,-7.215374694705815
2023_07_MIA_PHI,2023,7,2023-10-23 00:20:00+00:00,00-0036212,Tua Tagovailoa,MIA,PHI,32.0,ridge_eb,34.23900111665756,-2.239001116657562
2023_07_MIA_PHI,2023,7,2023-10-23 00:20:00+00:00,00-0036389,Jalen Hurts,PHI,MIA,31.0,ridge_eb,36.280130690243375,-5.280130690243375
2023_07_SF_MIN,2023,7,2023-10-24 00:15:00+00:00,00-0037834,Brock Purdy,SF,MIN,30.0,ridge_eb,30.62114737965057,-0.6211473796505658
2023_07_SF_MIN,2023,7,2023-10-24 00:15:00+00:00,00-0029604,Kirk Cousins,MIN,SF,45.0,ridge_eb,35.848905926936524,9.151094073063476
2023_08_TB_BUF,2023,8,2023-10-27 00:15:00+00:00,00-0034857,Josh Allen,BUF,TB,40.0,ridge_eb,33.592047281152,6.407952718848001
2023_08_TB_BUF,2023,8,2023-10-27 00:15:00+00:00,00-0034855,Baker Mayfield,TB,BUF,42.0,ridge_eb,32.739040298111554,9.260959701888446
2023_08_PHI_WAS,2023,8,2023-10-29 17:00:00+00:00,00-0037077,Sam Howell,WAS,PHI,52.0,ridge_eb,34.016478179312585,17.983521820687415
2023_08_PHI_WAS,2023,8,2023-10-29 17:00:00+00:00,00-0036389,Jalen Hurts,PHI,WAS,38.0,ridge_eb,33.17503076363684,4.82496923636316
2023_08_NYJ_NYG,2023,8,2023-10-29 17:00:00+00:00,00-0037013,Zach Wilson,NYJ,NYG,36.0,ridge_eb,27.961484467236804,8.038515532763196
2023_08_NYJ_NYG,2023,8,2023-10-29 17:00:00+00:00,00-0028118,Tyrod Taylor,NYG,NYJ,7.0,ridge_eb,28.24206894302131,-21.24206894302131
2023_08_NO_IND,2023,8,2023-10-29 17:00:00+00:00,00-0031280,Derek Carr,NO,IND,27.0,ridge_eb,34.962057561197916,-7.962057561197916
2023_08_NO_IND,2023,8,2023-10-29 17:00:00+00:00,00-0035289,Gardner Minshew,IND,NO,41.0,ridge_eb,33.85892843659781,7.141071563402193
2023_08_NE_MIA,2023,8,2023-10-29 17:00:00+00:00,00-0036972,Mac Jones,NE,MIA,29.0,ridge_eb,33.163251436868556,-4.163251436868556
2023_08_NE_MIA,2023,8,2023-10-29 17:00:00+00:00,00-0036212,Tua Tagovailoa,MIA,NE,45.0,ridge_eb,32.79588535091533,12.204114649084673
2023_08_MIN_GB,2023,8,2023-10-29 17:00:00+00:00,00-0029604,Kirk Cousins,MIN,GB,31.0,ridge_eb,36.1847353048846,-5.184735304884597
2023_08_LA_DAL,2023,8,2023-10-29 17:00:00+00:00,00-0033077,Dak Prescott,DAL,LA,31.0,ridge_eb,32.57086391019612,-1.5708639101961168
2023_08_LA_DAL,2023,8,2023-10-29 17:00:00+00:00,00-0026498,Matthew Stafford,LA,DAL,22.0,ridge_eb,31.860427659480656,-9.860427659480656
2023_08_MIN_GB,2023,8,2023-10-29 17:00:00+00:00,00-0036264,Jordan Love,GB,MIN,41.0,ridge_eb,31.133152932986174,9.866847067013826
2023_08_JAX_PIT,2023,8,2023-10-29 17:00:00+00:00,00-0038102,Kenny Pickett,PIT,JAX,16.0,ridge_eb,29.757760982066156,-13.757760982066156
2023_08_JAX_PIT,2023,8,2023-10-29 17:00:00+00:00,00-0036971,Trevor Lawrence,JAX,PIT,32.0,ridge_eb,33.26951680340643,-1.2695168034064324
2023_08_HOU_CAR,2023,8,2023-10-29 17:00:00+00:00,00-0039163,C.J. Stroud,HOU,CAR,24.0,ridge_eb,32.41909844291236,-8.419098442912357
2023_08_HOU_CAR,2023,8,2023-10-29 17:00:00+00:00,00-0039150,Bryce Young,CAR,HOU,31.0,ridge_eb,31.60684567136178,-0.6068456713617785
2023_08_ATL_TEN,2023,8,2023-10-29 17:00:00+00:00,00-0039152,Will Levis,TEN,ATL,29.0,ridge_eb,27.129059190780183,1.8709408092198176
2023_08_ATL_TEN,2023,8,2023-10-29 17:00:00+00:00,00-0038122,Desmond Ridder,ATL,TEN,12.0,ridge_eb,31.119102397718308,-19.119102397718308
2023_08_CLE_SEA,2023,8,2023-10-29 20:05:00+00:00,00-0030565,Geno Smith,SEA,CLE,37.0,ridge_eb,29.60321430911714,7.396785690882861
2023_08_CLE_SEA,2023,8,2023-10-29 20:05:00+00:00,00-0033275,Phillip Walker,CLE,SEA,31.0,ridge_eb,32.04204143590597,-1.042041435905972
2023_08_BAL_ARI,2023,8,2023-10-29 20:25:00+00:00,00-0033949,Joshua Dobbs,ARI,BAL,37.0,ridge_eb,31.717001196755763,5.2829988032442365
2023_08_BAL_ARI,2023,8,2023-10-29 20:25:00+00:00,00-0034796,Lamar Jackson,BAL,ARI,27.0,ridge_eb,28.62165088266986,-1.6216508826698617
2023_08_CIN_SF,2023,8,2023-10-29 20:25:00+00:00,00-0036442,Joe Burrow,CIN,SF,32.0,ridge_eb,38.907784663471126,-6.907784663471126
2023_08_CIN_SF,2023,8,2023-10-29 20:25:00+00:00,00-0037834,Brock Purdy,SF,CIN,31.0,ridge_eb,29.567684786072032,1.4323152139279678
2023_08_KC_DEN,2023,8,2023-10-29 20:25:00+00:00,00-0029263,Russell Wilson,DEN,KC,19.0,ridge_eb,29.361755483875136,-10.361755483875136
2023_08_KC_DEN,2023,8,2023-10-29 20:25:00+00:00,00-0033873,Patrick Mahomes,KC,DEN,38.0,ridge_eb,38.32226049198578,-0.3222604919857801
2023_08_CHI_LAC,2023,8,2023-10-30 00:20:00+00:00,00-0038416,Tyson Bagent,CHI,LAC,37.0,ridge_eb,32.314505459870595,4.685494540129405
2023_08_CHI_LAC,2023,8,2023-10-30 00:20:00+00:00,00-0036355,Justin Herbert,LAC,CHI,40.0,ridge_eb,36.122874164684504,3.877125835315496
2023_08_LV_DET,2023,8,2023-10-31 00:15:00+00:00,00-0033106,Jared Goff,DET,LV,37.0,ridge_eb,37.75446102560253,-0.7544610256025237
2023_08_LV_DET,2023,8,2023-10-31 00:15:00+00:00,00-0031345,Jimmy Garoppolo,LV,DET,21.0,ridge_eb,32.338246889861935,-11.338246889861937
2023_09_TEN_PIT,2023,9,2023-11-03 00:15:00+00:00,00-0039152,Will Levis,TEN,PIT,39.0,ridge_eb,28.80205031114055,10.197949688859447
2023_09_TEN_PIT,2023,9,2023-11-03 00:15:00+00:00,00-0038102,Kenny Pickett,PIT,TEN,30.0,ridge_eb,30.200839034729647,-0.2008390347296469
2023_09_MIA_KC,2023,9,2023-11-05 14:30:00+00:00,00-0033873,Patrick Mahomes,KC,MIA,30.0,ridge_eb,39.229568710534586,-9.229568710534586
2023_09_MIA_KC,2023,9,2023-11-05 14:30:00+00:00,00-0036212,Tua Tagovailoa,MIA,KC,34.0,ridge_eb,36.209455158956914,-2.2094551589569136
2023_09_WAS_NE,2023,9,2023-11-05 18:00:00+00:00,00-0037077,Sam Howell,WAS,NE,45.0,ridge_eb,37.14697903343352,7.853020966566483
2023_09_WAS_NE,2023,9,2023-11-05 18:00:00+00:00,00-0036972,Mac Jones,NE,WAS,44.0,ridge_eb,31.38837434877028,12.61162565122972
2023_09_TB_HOU,2023,9,2023-11-05 18:00:00+00:00,00-0034855,Baker Mayfield,TB,HOU,30.0,ridge_eb,32.06042599736039,-2.0604259973603902
2023_09_TB_HOU,2023,9,2023-11-05 18:00:00+00:00,00-0039163,C.J. Stroud,HOU,TB,42.0,ridge_eb,32.06592227829887,9.93407772170113
2023_09_SEA_BAL,2023,9,2023-11-05 18:00:00+00:00,00-0030565,Geno Smith,SEA,BAL,28.0,ridge_eb,33.0894069881683,-5.0894069881682995
2023_09_MIN_ATL,2023,9,2023-11-05 18:00:00+00:00,00-0038598,Jaren Hall,MIN,ATL,6.0,ridge_eb,31.492470450777773,-25.492470450777773
2023_09_SEA_BAL,2023,9,2023-11-05 18:00:00+00:00,00-0034796,Lamar Jackson,BAL,SEA,26.0,ridge_eb,29.303182031976167,-3.303182031976167
2023_09_LA_GB,2023,9,2023-11-05 18:00:00+00:00,00-0034955,Brett Rypien,LA,GB,28.0,ridge_eb,30.136230506881684,-2.1362305068816845
2023_09_LA_GB,2023,9,2023-11-05 18:00:00+00:00,00-0036264,Jordan Love,GB,LA,26.0,ridge_eb,31.424316008118023,-5.424316008118023
2023_09_CHI_NO,2023,9,2023-11-05 18:00:00+00:00,00-0031280,Derek Carr,NO,CHI,34.0,ridge_eb,35.63180457408989,-1.631804574089891
2023_09_CHI_NO,2023,9,2023-11-05 18:00:00+00:00,00-0038416,Tyson Bagent,CHI,NO,30.0,ridge_eb,31.82835353046624,-1.828353530466238
2023_09_ARI_CLE,2023,9,2023-11-05 18:00:00+00:00,00-0033537,Deshaun Watson,CLE,ARI,30.0,ridge_eb,29.00904154549272,0.9909584545072824
2023_09_ARI_CLE,2023,9,2023-11-05 18:00:00+00:00,00-0038582,Clayton Tune,ARI,CLE,20.0,ridge_eb,25.39927273864697,-5.399272738646971
2023_09_MIN_ATL,2023,9,2023-11-05 18:00:00+00:00,00-0031800,Taylor Heinicke,ATL,MIN,38.0,ridge_eb,29.030016000984855,8.969983999015145
2023_09_IND_CAR,2023,9,2023-11-05 21:05:00+00:00,00-0039150,Bryce Young,CAR,IND,39.0,ridge_eb,32.23678325682313,6.763216743176869
2023_09_IND_CAR,2023,9,2023-11-05 21:05:00+00:00,00-0035289,Gardner Minshew,IND,CAR,26.0,ridge_eb,35.22119373283472,-9.22119373283472
2023_09_NYG_LV,2023,9,2023-11-05 21:25:00+00:00,00-0035710,Daniel Jones,NYG,LV,9.0,ridge_eb,30.12595340992361,-21.12595340992361
2023_09_DAL_PHI,2023,9,2023-11-05 21:25:00+00:00,00-0033077,Dak Prescott,DAL,PHI,44.0,ridge_eb,34.42634399403853,9.573656005961467
2023_09_DAL_PHI,2023,9,2023-11-05 21:25:00+00:00,00-0036389,Jalen Hurts,PHI,DAL,23.0,ridge_eb,33.4373290746542,-10.4373290746542
2023_09_NYG_LV,2023,9,2023-11-05 21:25:00+00:00,00-0038579,Aidan O'Connell,LV,NYG,25.0,ridge_eb,32.71754820434684,-7.717548204346841
2023_09_BUF_CIN,2023,9,2023-11-06 01:20:00+00:00,00-0036442,Joe Burrow,CIN,BUF,44.0,ridge_eb,40.2762419132833,3.7237580867167
2023_09_BUF_CIN,2023,9,2023-11-06 01:20:00+00:00,00-0034857,Josh Allen,BUF,CIN,38.0,ridge_eb,36.376220436216975,1.6237795637830246
2023_09_LAC_NYJ,2023,9,2023-11-07 01:15:00+00:00,00-0036355,Justin Herbert,LAC,NYJ,30.0,ridge_eb,34.39381402952053,-4.393814029520527
2023_09_LAC_NYJ,2023,9,2023-11-07 01:15:00+00:00,00-0037013,Zach Wilson,NYJ,LAC,49.0,ridge_eb,29.93624664561552,19.06375335438448
2023_10_CAR_CHI,2023,10,2023-11-10 01:15:00+00:00,00-0039150,Bryce Young,CAR,CHI,38.0,ridge_eb,33.106206697641504,4.893793302358496
2023_10_CAR_CHI,2023,10,2023-11-10 01:15:00+00:00,00-0038416,Tyson Bagent,CHI,CAR,33.0,ridge_eb,30.273272697016917,2.7267273029830825
2023_10_IND_NE,2023,10,2023-11-12 14:30:00+00:00,00-0035289,Gardner Minshew,IND,NE,28.0,ridge_eb,34.8411770470621,-6.8411770470620965
2023_10_IND_NE,2023,10,2023-11-12 14:30:00+00:00,00-0036972,Mac Jones,NE,IND,20.0,ridge_eb,32.09197131778423,-12.091971317784228
2023_10_TEN_TB,2023,10,2023-11-12 18:00:00+00:00,00-0039152,Will Levis,TEN,TB,39.0,ridge_eb,32.10394686866022,6.896053131339777
2023_10_TEN_TB,2023,10,2023-11-12 18:00:00+00:00,00-0034855,Baker Mayfield,TB,TEN,29.0,ridge_eb,32.07249533989724,-3.0724953398972374
2023_10_SF_JAX,2023,10,2023-11-12 18:00:00+00:00,00-0037834,Brock Purdy,SF,JAX,26.0,ridge_eb,29.44348030181799,-3.4434803018179885
2023_10_SF_JAX,2023,10,2023-11-12 18:00:00+00:00,00-0036971,Trevor Lawrence,JAX,SF,29.0,ridge_eb,35.127046546371425,-6.1270465463714245
2023_10_NO_MIN,2023,10,2023-11-12 18:00:00+00:00,00-0031280,Derek Carr,NO,MIN,18.0,ridge_eb,34.77522351789777,-16.77522351789777
2023_10_NO_MIN,2023,10,2023-11-12 18:00:00+00:00,00-0033949,Joshua Dobbs,MIN,NO,34.0,ridge_eb,32.78594415647491,1.214055843525088
2023_10_HOU_CIN,2023,10,2023-11-12 18:00:00+00:00,00-0036442,Joe Burrow,CIN,HOU,40.0,ridge_eb,38.11916501062149,1.8808349893785137
2023_10_GB_PIT,2023,10,2023-11-12 18:00:00+00:00,00-0038102,Kenny Pickett,PIT,GB,23.0,ridge_eb,29.694729225664982,-6.694729225664982
2023_10_GB_PIT,2023,10,2023-11-12 18:00:00+00:00,00-0036264,Jordan Love,GB,PIT,40.0,ridge_eb,30.92832678204264,9.071673217957358
2023_10_CLE_BAL,2023,10,2023-11-12 18:00:00+00:00,00-0033537,Deshaun Watson,CLE,BAL,34.0,ridge_eb,29.056690347650804,4.943309652349196
2023_10_CLE_BAL,2023,10,2023-11-12 18:00:00+00:00,00-0034796,Lamar Jackson,BAL,CLE,23.0,ridge_eb,25.400169434068147,-2.4001694340681468
2023_10_HOU_CIN,2023,10,2023-11-12 18:00:00+00:00,00-0039163,C.J. Stroud,HOU,CIN,39.0,ridge_eb,34.4513405170747,4.548659482925302
2023_10_DET_LAC,2023,10,2023-11-12 21:05:00+00:00,00-0033106,Jared Goff,DET,LAC,33.0,ridge_eb,38.43456207500026,-5.434562075000258
2023_10_ATL_ARI,2023,10,2023-11-12 21:05:00+00:00,00-0035228,Kyler Murray,ARI,ATL,32.0,ridge_eb,30.02169015917941,1.9783098408205897
2023_10_ATL_ARI,2023,10,2023-11-12 21:05:00+00:00,00-0031800,Taylor Heinicke,ATL,ARI,15.0,ridge_eb,31.494647840297347,-16.494647840297347
2023_10_DET_LAC,2023,10,2023-11-12 21:05:00+00:00,00-0036355,Justin Herbert,LAC,DET,40.0,ridge_eb,36.219573599034945,3.7804264009650552
2023_10_WAS_SEA,2023,10,2023-11-12 21:25:00+00:00,00-0030565,Geno Smith,SEA,WAS,47.0,ridge_eb,32.791402137509365,14.208597862490636
2023_10_WAS_SEA,2023,10,2023-11-12 21:25:00+00:00,00-0037077,Sam Howell,WAS,SEA,44.0,ridge_eb,38.223036763145885,5.776963236854115
2023_10_NYG_DAL,2023,10,2023-11-12 21:25:00+00:00,00-0038476,Tommy DeVito,NYG,DAL,27.0,ridge_eb,30.73574890702148,-3.735748907021481
2023_10_NYG_DAL,2023,10,2023-11-12 21:25:00+00:00,00-0033077,Dak Prescott,DAL,NYG,35.0,ridge_eb,31.99472221424961,3.0052777857503905
2023_10_NYJ_LV,2023,10,2023-11-13 01:20:00+00:00,00-0038579,Aidan O'Connell,LV,NYJ,27.0,ridge_eb,27.928171701413273,-0.9281717014132732
2023_10_NYJ_LV,2023,10,2023-11-13 01:20:00+00:00,00-0037013,Zach Wilson,NYJ,LV,39.0,ridge_eb,31.468013703859015,7.531986296140985
2023_10_DEN_BUF,2023,10,2023-11-14 01:15:00+00:00,00-0034857,Josh Allen,BUF,DEN,26.0,ridge_eb,35.88506249970555,-9.885062499705548
2023_10_DEN_BUF,2023,10,2023-11-14 01:15:00+00:00,00-0029263,Russell Wilson,DEN,BUF,29.0,ridge_eb,30.357622478037676,-1.3576224780376762
2023_11_CIN_BAL,2023,11,2023-11-17 01:15:00+00:00,00-0034796,Lamar Jackson,BAL,CIN,26.0,ridge_eb,29.62968253558233,-3.629682535582326
2023_11_CIN_BAL,2023,11,2023-11-17 01:15:00+00:00,00-0036442,Joe Burrow,CIN,BAL,17.0,ridge_eb,38.90949342279268,-21.90949342279268
2023_11_TEN_JAX,2023,11,2023-11-19 18:00:00+00:00,00-0039152,Will Levis,TEN,JAX,17.0,ridge_eb,32.28875246682525,-15.288752466825253
2023_11_TEN_JAX,2023,11,2023-11-19 18:00:00+00:00,00-0036971,Trevor Lawrence,JAX,TEN,32.0,ridge_eb,32.8087082106235,-0.8087082106235002
2023_11_PIT_CLE,2023,11,2023-11-19 18:00:00+00:00,00-0038583,Dorian Thompson-Robinson,CLE,PIT,43.0,ridge_eb,30.30823017144614,12.69176982855386
2023_11_NYG_WAS,2023,11,2023-11-19 18:00:00+00:00,00-0037077,Sam Howell,WAS,NYG,45.0,ridge_eb,37.319637942611834,7.680362057388166
2023_11_NYG_WAS,2023,11,2023-11-19 18:00:00+00:00,00-0038476,Tommy DeVito,NYG,WAS,26.0,ridge_eb,29.23337469303274,-3.23337469303274
2023_11_LV_MIA,2023,11,2023-11-19 18:00:00+00:00,00-0036212,Tua Tagovailoa,MIA,LV,39.0,ridge_eb,33.21635762058877,5.7836423794112335
2023_11_LV_MIA,2023,11,2023-11-19 18:00:00+00:00,00-0038579,Aidan O'Connell,LV,MIA,41.0,ridge_eb,29.604339391378108,11.395660608621892
2023_11_PIT_CLE,2023,11,2023-11-19 18:00:00+00:00,00-0038102,Kenny Pickett,PIT,CLE,28.0,ridge_eb,26.30357825791184,1.6964217420881589
2023_11_LAC_GB,2023,11,2023-11-19 18:00:00+00:00,00-0036264,Jordan Love,GB,LAC,40.0,ridge_eb,32.752809820201946,7.247190179798054
2023_11_DAL_CAR,2023,11,2023-11-19 18:00:00+00:00,00-0033077,Dak Prescott,DAL,CAR,38.0,ridge_eb,33.52800391271264,4.4719960872873585
2023_11_DAL_CAR,2023,11,2023-11-19 18:00:00+00:00,00-0039150,Bryce Young,CAR,DAL,29.0,ridge_eb,32.32352532443148,-3.323525324431479
2023_11_CHI_DET,2023,11,2023-11-19 18:00:00+00:00,00-0033106,Jared Goff,DET,CHI,35.0,ridge_eb,38.16171414948263,-3.161714149482627
2023_11_CHI_DET,2023,11,2023-11-19 18:00:00+00:00,00-0036945,Justin Fields,CHI,DET,23.0,ridge_eb,24.873722254258706,-1.8737222542587055
2023_11_LAC_GB,2023,11,2023-11-19 18:00:00+00:00,00-0036355,Justin Herbert,LAC,GB,36.0,ridge_eb,35.18382786174456,0.816172138255439
2023_11_ARI_HOU,2023,11,2023-11-19 18:00:00+00:00,00-0039163,C.J. Stroud,HOU,ARI,37.0,ridge_eb,34.64654778591601,2.353452214083987
2023_11_ARI_HOU,2023,11,2023-11-19 18:00:00+00:00,00-0035228,Kyler Murray,ARI,HOU,30.0,ridge_eb,31.21529150891573,-1.215291508915726
2023_11_TB_SF,2023,11,2023-11-19 21:05:00+00:00,00-0037834,Brock Purdy,SF,TB,25.0,ridge_eb,29.42865408908829,-4.42865408908829
2023_11_TB_SF,2023,11,2023-11-19 21:05:00+00:00,00-0034855,Baker Mayfield,TB,SF,45.0,ridge_eb,32.60983201402328,12.390167985976715
2023_11_SEA_LA,2023,11,2023-11-19 21:25:00+00:00,00-0026498,Matthew Stafford,LA,SEA,31.0,ridge_eb,31.656513454361335,-0.6565134543613347
2023_11_SEA_LA,2023,11,2023-11-19 21:25:00+00:00,00-0030565,Geno Smith,SEA,LA,34.0,ridge_eb,34.820319031494,-0.8203190314940016
2023_11_NYJ_BUF,2023,11,2023-11-19 21:25:00+00:00,00-0034857,Josh Allen,BUF,NYJ,32.0,ridge_eb,31.295473722391243,0.7045262776087569
2023_11_NYJ_BUF,2023,11,2023-11-19 21:25:00+00:00,00-0037013,Zach Wilson,NYJ,BUF,15.0,ridge_eb,32.2574072198265,-17.257407219826497
2023_11_MIN_DEN,2023,11,2023-11-20 01:20:00+00:00,00-0029263,Russell Wilson,DEN,MIN,35.0,ridge_eb,28.48968026858854,6.51031973141146
2023_11_MIN_DEN,2023,11,2023-11-20 01:20:00+00:00,00-0033949,Joshua Dobbs,MIN,DEN,32.0,ridge_eb,35.398513077566335,-3.398513077566335
2023_11_PHI_KC,2023,11,2023-11-21 01:15:00+00:00,00-0033873,Patrick Mahomes,KC,PHI,43.0,ridge_eb,37.48226784384778,5.517732156152221
2023_11_PHI_KC,2023,11,2023-11-21 01:15:00+00:00,00-0036389,Jalen Hurts,PHI,KC,22.0,ridge_eb,32.93620584556204,-10.936205845562045
2023_12_GB_DET,2023,12,2023-11-23 17:30:00+00:00,00-0033106,Jared Goff,DET,GB,44.0,ridge_eb,36.372436931347245,7.627563068652755
2023_12_GB_DET,2023,12,2023-11-23 17:30:00+00:00,00-0036264,Jordan Love,GB,DET,32.0,ridge_eb,34.36467985319789,-2.3646798531978916
2023_12_WAS_DAL,2023,12,2023-11-23 21:30:00+00:00,00-0033077,Dak Prescott,DAL,WAS,32.0,ridge_eb,35.27265513467899,-3.272655134678992
2023_12_WAS_DAL,2023,12,2023-11-23 21:30:00+00:00,00-0037077,Sam Howell,WAS,DAL,44.0,ridge_eb,39.028207186941216,4.971792813058784
2023_12_SF_SEA,2023,12,2023-11-24 01:20:00+00:00,00-0030565,Geno Smith,SEA,SF,27.0,ridge_eb,34.73217728264485,-7.732177282644848
2023_12_SF_SEA,2023,12,2023-11-24 01:20:00+00:00,00-0037834,Brock Purdy,SF,SEA,30.0,ridge_eb,29.774279740956487,0.2257202590435127
2023_12_MIA_NYJ,2023,12,2023-11-24 20:00:00+00:00,00-0034177,Tim Boyle,NYJ,MIA,38.0,ridge_eb,35.489122682337936,2.5108773176620645
2023_12_MIA_NYJ,2023,12,2023-11-24 20:00:00+00:00,00-0036212,Tua Tagovailoa,MIA,NYJ,30.0,ridge_eb,32.802731145772064,-2.8027311457720643
2023_12_PIT_CIN,2023,12,2023-11-26 18:00:00+00:00,00-0038102,Kenny Pickett,PIT,CIN,33.0,ridge_eb,29.543209694250628,3.4567903057493723
2023_12_PIT_CIN,2023,12,2023-11-26 18:00:00+00:00,00-0035100,Jake Browning,CIN,PIT,26.0,ridge_eb,32.3745024022865,-6.3745024022865024
2023_12_TB_IND,2023,12,2023-11-26 18:00:00+00:00,00-0034855,Baker Mayfield,TB,IND,30.0,ridge_eb,33.098304500232096,-3.0983045002320964
2023_12_TB_IND,2023,12,2023-11-26 18:00:00+00:00,00-0035289,Gardner Minshew,IND,TB,41.0,ridge_eb,34.2176055233402,6.782394476659803
2023_12_NO_ATL,2023,12,2023-11-26 18:00:00+00:00,00-0031280,Derek Carr,NO,ATL,38.0,ridge_eb,34.174486747681144,3.825513252318856
2023_12_NO_ATL,2023,12,2023-11-26 18:00:00+00:00,00-0038122,Desmond Ridder,ATL,NO,21.0,ridge_eb,30.18207903044212,-9.182079030442118
2023_12_NE_NYG,2023,12,2023-11-26 18:00:00+00:00,00-0036972,Mac Jones,NE,NYG,21.0,ridge_eb,30.87803726597391,-9.878037265973909
2023_12_JAX_HOU,2023,12,2023-11-26 18:00:00+00:00,00-0036971,Trevor Lawrence,JAX,HOU,38.0,ridge_eb,34.310113717402885,3.689886282597115
2023_12_JAX_HOU,2023,12,2023-11-26 18:00:00+00:00,00-0039163,C.J. Stroud,HOU,JAX,36.0,ridge_eb,36.36863667167423,-0.3686366716742313
2023_12_CAR_TEN,2023,12,2023-11-26 18:00:00+00:00,00-0039152,Will Levis,TEN,CAR,28.0,ridge_eb,28.628591727750564,-0.6285917277505639
2023_12_CAR_TEN,2023,12,2023-11-26 18:00:00+00:00,00-0039150,Bryce Young,CAR,TEN,31.0,ridge_eb,32.84599882501213,-1.8459988250121313
2023_12_NE_NYG,2023,12,2023-11-26 18:00:00+00:00,00-0038476,Tommy DeVito,NYG,NE,25.0,ridge_eb,29.288722985560955,-4.288722985560955
2023_12_CLE_DEN,2023,12,2023-11-26 21:05:00+00:00,00-0038583,Dorian Thompson-Robinson,CLE,DEN,29.0,ridge_eb,34.329441610984965,-5.329441610984965
2023_12_CLE_DEN,2023,12,2023-11-26 21:05:00+00:00,00-0029263,Russell Wilson,DEN,CLE,22.0,ridge_eb,26.281391159426104,-4.281391159426104
2023_12_LA_ARI,2023,12,2023-11-26 21:05:00+00:00,00-0035228,Kyler Murray,ARI,LA,45.0,ridge_eb,30.862745612818625,14.137254387181375
2023_12_LA_ARI,2023,12,2023-11-26 21:05:00+00:00,00-0026498,Matthew Stafford,LA,ARI,33.0,ridge_eb,31.02977830904971,1.970221690950286
2023_12_KC_LV,2023,12,2023-11-26 21:25:00+00:00,00-0038579,Aidan O'Connell,LV,KC,33.0,ridge_eb,30.757439378223605,2.242560621776395
2023_12_KC_LV,2023,12,2023-11-26 21:25:00+00:00,00-0033873,Patrick Mahomes,KC,LV,34.0,ridge_eb,36.65129878164482,-2.651298781644819
2023_12_BUF_PHI,2023,12,2023-11-26 21:25:00+00:00,00-0034857,Josh Allen,BUF,PHI,51.0,ridge_eb,35.864238561554096,15.135761438445904
2023_12_BUF_PHI,2023,12,2023-11-26 21:25:00+00:00,00-0036389,Jalen Hurts,PHI,BUF,31.0,ridge_eb,33.67353961577965,-2.673539615779653
2023_12_BAL_LAC,2023,12,2023-11-27 01:20:00+00:00,00-0034796,Lamar Jackson,BAL,LAC,32.0,ridge_eb,30.479368413516735,1.5206315864832618
2023_12_BAL_LAC,2023,12,2023-11-27 01:20:00+00:00,00-0036355,Justin Herbert,LAC,BAL,44.0,ridge_eb,35.91849283840731,8.08150716159269
2023_12_CHI_MIN,2023,12,2023-11-28 01:15:00+00:00,00-0036945,Justin Fields,CHI,MIN,37.0,ridge_eb,23.472472667578668,13.527527332421332
2023_12_CHI_MIN,2023,12,2023-11-28 01:15:00+00:00,00-0033949,Joshua Dobbs,MIN,CHI,32.0,ridge_eb,34.41215857058046,-2.412158570580459
2023_13_SEA_DAL,2023,13,2023-12-01 01:15:00+00:00,00-0033077,Dak Prescott,DAL,SEA,41.0,ridge_eb,34.94379115273919,6.056208847260812
2023_13_SEA_DAL,2023,13,2023-12-01 01:15:00+00:00,00-0030565,Geno Smith,SEA,DAL,41.0,ridge_eb,33.81876641969126,7.181233580308742
2023_13_LAC_NE,2023,13,2023-12-03 18:00:00+00:00,00-0036355,Justin Herbert,LAC,NE,37.0,ridge_eb,35.02174485480654,1.978255145193458
2023_13_LAC_NE,2023,13,2023-12-03 18:00:00+00:00,00-0038108,Bailey Zappe,NE,LAC,25.0,ridge_eb,29.433037893611992,-4.433037893611992
2023_13_ATL_NYJ,2023,13,2023-12-03 18:00:00+00:00,00-0034177,Tim Boyle,NYJ,ATL,25.0,ridge_eb,32.74741745337033,-7.747417453370332
2023_13_MIA_WAS,2023,13,2023-12-03 18:00:00+00:00,00-0037077,Sam Howell,WAS,MIA,23.0,ridge_eb,40.85570930186148,-17.85570930186148
2023_13_IND_TEN,2023,13,2023-12-03 18:00:00+00:00,00-0039152,Will Levis,TEN,IND,33.0,ridge_eb,29.012520981049544,3.987479018950456
2023_13_MIA_WAS,2023,13,2023-12-03 18:00:00+00:00,00-0036212,Tua Tagovailoa,MIA,WAS,24.0,ridge_eb,36.2530743154785,-12.2530743154785
2023_13_IND_TEN,2023,13,2023-12-03 18:00:00+00:00,00-0035289,Gardner Minshew,IND,TEN,42.0,ridge_eb,34.862177398407354,7.137822601592646
2023_13_ATL_NYJ,2023,13,2023-12-03 18:00:00+00:00,00-0038122,Desmond Ridder,ATL,NYJ,27.0,ridge_eb,26.98549860458756,0.0145013954124415
2023_13_DET_NO,2023,13,2023-12-03 18:00:00+00:00,00-0033106,Jared Goff,DET,NO,25.0,ridge_eb,35.989253203781864,-10.989253203781864
2023_13_DEN_HOU,2023,13,2023-12-03 18:00:00+00:00,00-0039163,C.J. Stroud,HOU,DEN,27.0,ridge_eb,36.077131469779296,-9.077131469779296
2023_13_DEN_HOU,2023,13,2023-12-03 18:00:00+00:00,00-0029263,Russell Wilson,DEN,HOU,26.0,ridge_eb,29.55137564380769,-3.551375643807692
2023_13_ARI_PIT,2023,13,2023-12-03 18:00:00+00:00,00-0038102,Kenny Pickett,PIT,ARI,10.0,ridge_eb,29.8353515609088,-19.8353515609088
2023_13_ARI_PIT,2023,13,2023-12-03 18:00:00+00:00,00-0035228,Kyler Murray,ARI,PIT,23.0,ridge_eb,30.80435369934255,-7.804353699342549
2023_13_DET_NO,2023,13,2023-12-03 18:00:00+00:00,00-0031280,Derek Carr,NO,DET,22.0,ridge_eb,35.014037370715485,-13.014037370715483
2023_13_CAR_TB,2023,13,2023-12-03 21:05:00+00:00,00-0039150,Bryce Young,CAR,TB,31.0,ridge_eb,35.159597437689584,-4.159597437689584
2023_13_CAR_TB,2023,13,2023-12-03 21:05:00+00:00,00-0034855,Baker Mayfield,TB,CAR,29.0,ridge_eb,31.246604767671776,-2.2466047676717764
2023_13_SF_PHI,2023,13,2023-12-03 21:25:00+00:00,00-0037834,Brock Purdy,SF,PHI,27.0,ridge_eb,30.887131022492294,-3.887131022492298
2023_13_SF_PHI,2023,13,2023-12-03 21:25:00+00:00,00-0036389,Jalen Hurts,PHI,SF,45.0,ridge_eb,32.955146893687456,12.044853106312544
2023_13_CLE_LA,2023,13,2023-12-03 21:25:00+00:00,00-0026158,Joe Flacco,CLE,LA,44.0,ridge_eb,36.427967051377394,7.572032948622606
2023_13_CLE_LA,2023,13,2023-12-03 21:25:00+00:00,00-0026498,Matthew Stafford,LA,CLE,37.0,ridge_eb,29.297334019871144,7.702665980128856
2023_13_KC_GB,2023,13,2023-12-04 01:20:00+00:00,00-0036264,Jordan Love,GB,KC,36.0,ridge_eb,33.55840105300989,2.441598946990112
2023_13_KC_GB,2023,13,2023-12-04 01:20:00+00:00,00-0033873,Patrick Mahomes,KC,GB,33.0,ridge_eb,35.3120963515965,-2.3120963515965016
2023_13_CIN_JAX,2023,13,2023-12-05 01:15:00+00:00,00-0035100,Jake Browning,CIN,JAX,37.0,ridge_eb,30.401805402372354,6.598194597627646
2023_13_CIN_JAX,2023,13,2023-12-05 01:15:00+00:00,00-0036971,Trevor Lawrence,JAX,CIN,29.0,ridge_eb,33.69443557798724,-4.694435577987242
2023_14_NE_PIT,2023,14,2023-12-08 01:15:00+00:00,00-0038108,Bailey Zappe,NE,PIT,28.0,ridge_eb,25.694887764534087,2.305112235465913
2023_14_NE_PIT,2023,14,2023-12-08 01:15:00+00:00,00-0033869,Mitchell Trubisky,PIT,NE,35.0,ridge_eb,27.29199385591474,7.70800614408526
2023_14_LA_BAL,2023,14,2023-12-10 18:00:00+00:00,00-0034796,Lamar Jackson,BAL,LA,43.0,ridge_eb,28.496755714639548,14.503244285360452
2023_14_LA_BAL,2023,14,2023-12-10 18:00:00+00:00,00-0026498,Matthew Stafford,LA,BAL,41.0,ridge_eb,31.688218479881407,9.311781520118592
2023_14_JAX_CLE,2023,14,2023-12-10 18:00:00+00:00,00-0026158,Joe Flacco,CLE,JAX,45.0,ridge_eb,36.54296655281364,8.457033447186362
2023_14_TB_ATL,2023,14,2023-12-10 18:00:00+00:00,00-0034855,Baker Mayfield,TB,ATL,29.0,ridge_eb,31.8702593271068,-2.8702593271067975
2023_14_TB_ATL,2023,14,2023-12-10 18:00:00+00:00,00-0038122,Desmond Ridder,ATL,TB,40.0,ridge_eb,30.020204776292328,9.979795223707672
2023_14_IND_CIN,2023,14,2023-12-10 18:00:00+00:00,00-0035289,Gardner Minshew,IND,CIN,39.0,ridge_eb,36.82715896757212,2.172841032427882
2023_14_JAX_CLE,2023,14,2023-12-10 18:00:00+00:00,00-0036971,Trevor Lawrence,JAX,CLE,50.0,ridge_eb,30.98272360394239,19.01727639605761
2023_14_HOU_NYJ,2023,14,2023-12-10 18:00:00+00:00,00-0037013,Zach Wilson,NYJ,HOU,36.0,ridge_eb,29.01514838741483,6.984851612585171
2023_14_HOU_NYJ,2023,14,2023-12-10 18:00:00+00:00,00-0039163,C.J. Stroud,HOU,NYJ,23.0,ridge_eb,30.74010076350389,-7.740100763503889
2023_14_IND_CIN,2023,14,2023-12-10 18:00:00+00:00,00-0035100,Jake Browning,CIN,IND,24.0,ridge_eb,31.904885704826818,-7.9048857048268175
2023_14_DET_CHI,2023,14,2023-12-10 18:00:00+00:00,00-0033106,Jared Goff,DET,CHI,35.0,ridge_eb,34.918119860487344,0.0818801395126556
2023_14_DET_CHI,2023,14,2023-12-10 18:00:00+00:00,00-0036945,Justin Fields,CHI,DET,33.0,ridge_eb,24.0419774587674,8.958022541232598
2023_14_CAR_NO,2023,14,2023-12-10 18:00:00+00:00,00-0031280,Derek Carr,NO,CAR,26.0,ridge_eb,31.758267698172983,-5.758267698172986
2023_14_CAR_NO,2023,14,2023-12-10 18:00:00+00:00,00-0039150,Bryce Young,CAR,NO,36.0,ridge_eb,30.33063926567975,5.66936073432025
2023_14_MIN_LV,2023,14,2023-12-10 21:05:00+00:00,00-0038579,Aidan O'Connell,LV,MIN,32.0,ridge_eb,30.727425217490484,1.2725747825095155
2023_14_MIN_LV,2023,14,2023-12-10 21:05:00+00:00,00-0033949,Joshua Dobbs,MIN,LV,23.0,ridge_eb,34.308134384972576,-11.308134384972576
2023_14_SEA_SF,2023,14,2023-12-10 21:05:00+00:00,00-0035704,Drew Lock,SEA,SF,31.0,ridge_eb,33.46368216739467,-2.4636821673946727
2023_14_SEA_SF,2023,14,2023-12-10 21:05:00+00:00,00-0037834,Brock Purdy,SF,SEA,27.0,ridge_eb,29.777053673823907,-2.7770536738239073
2023_14_DEN_LAC,2023,14,2023-12-10 21:25:00+00:00,00-0036355,Justin Herbert,LAC,DEN,17.0,ridge_eb,36.08145178427505,-19.081451784275053
2023_14_DEN_LAC,2023,14,2023-12-10 21:25:00+00:00,00-0029263,Russell Wilson,DEN,LAC,33.0,ridge_eb,28.60975499551093,4.390245004489074
2023_14_BUF_KC,2023,14,2023-12-10 21:25:00+00:00,00-0034857,Josh Allen,BUF,KC,42.0,ridge_eb,36.74694463275668,5.25305536724332
2023_14_BUF_KC,2023,14,2023-12-10 21:25:00+00:00,00-0033873,Patrick Mahomes,KC,BUF,43.0,ridge_eb,35.765132186284276,7.234867813715724
2023_14_PHI_DAL,2023,14,2023-12-11 01:20:00+00:00,00-0033077,Dak Prescott,DAL,PHI,39.0,ridge_eb,37.000711140137064,1.9992888598629364
2023_14_PHI_DAL,2023,14,2023-12-11 01:20:00+00:00,00-0036389,Jalen Hurts,PHI,DAL,27.0,ridge_eb,33.9544931710383,-6.954493171038301
2023_14_GB_NYG,2023,14,2023-12-12 01:15:00+00:00,00-0036264,Jordan Love,GB,NYG,39.0,ridge_eb,32.89668486448387,6.103315135516127
2023_14_GB_NYG,2023,14,2023-12-12 01:15:00+00:00,00-0038476,Tommy DeVito,NYG,GB,21.0,ridge_eb,27.181555997530943,-6.181555997530946
2023_14_TEN_MIA,2023,14,2023-12-12 01:15:00+00:00,00-0036212,Tua Tagovailoa,MIA,TEN,33.0,ridge_eb,33.67565363169817,-0.6756536316981681
2023_14_TEN_MIA,2023,14,2023-12-12 01:15:00+00:00,00-0039152,Will Levis,TEN,MIA,38.0,ridge_eb,31.10769453893819,6.8923054610618095
2023_15_LAC_LV,2023,15,2023-12-15 01:15:00+00:00,00-0035282,Easton Stick,LAC,LV,32.0,ridge_eb,33.20993625440426,-1.209936254404262
2023_15_LAC_LV,2023,15,2023-12-15 01:15:00+00:00,00-0038579,Aidan O'Connell,LV,LAC,34.0,ridge_eb,30.469288490202665,3.530711509797335
2023_15_MIN_CIN,2023,15,2023-12-16 18:00:00+00:00,00-0033319,Nick Mullens,MIN,CIN,33.0,ridge_eb,36.55526860280464,-3.555268602804638
2023_15_MIN_CIN,2023,15,2023-12-16 18:00:00+00:00,00-0035100,Jake Browning,CIN,MIN,42.0,ridge_eb,31.728914065975275,10.271085934024724
2023_15_PIT_IND,2023,15,2023-12-16 21:30:00+00:00,00-0035289,Gardner Minshew,IND,PIT,28.0,ridge_eb,36.111998842988505,-8.111998842988505
2023_15_PIT_IND,2023,15,2023-12-16 21:30:00+00:00,00-0033869,Mitchell Trubisky,PIT,IND,23.0,ridge_eb,28.852577186600072,-5.852577186600072
2023_15_DEN_DET,2023,15,2023-12-17 01:15:00+00:00,00-0029263,Russell Wilson,DEN,DET,32.0,ridge_eb,30.309606827575298,1.690393172424706
2023_15_DEN_DET,2023,15,2023-12-17 01:15:00+00:00,00-0033106,Jared Goff,DET,DEN,34.0,ridge_eb,36.019100179890216,-2.0191001798902164
2023_15_KC_NE,2023,15,2023-12-17 18:00:00+00:00,00-0038108,Bailey Zappe,NE,KC,31.0,ridge_eb,28.93508006680286,2.064919933197139
2023_15_TB_GB,2023,15,2023-12-17 18:00:00+00:00,00-0034855,Baker Mayfield,TB,GB,28.0,ridge_eb,31.648827589406864,-3.648827589406864
2023_15_TB_GB,2023,15,2023-12-17 18:00:00+00:00,00-0036264,Jordan Love,GB,TB,39.0,ridge_eb,34.433674722543785,4.566325277456215
2023_15_NYJ_MIA,2023,15,2023-12-17 18:00:00+00:00,00-0037013,Zach Wilson,NYJ,MIA,11.0,ridge_eb,31.079771880407513,-20.079771880407513
2023_15_NYJ_MIA,2023,15,2023-12-17 18:00:00+00:00,00-0036212,Tua Tagovailoa,MIA,NYJ,24.0,ridge_eb,29.89978545571832,-5.89978545571832
2023_15_NYG_NO,2023,15,2023-12-17 18:00:00+00:00,00-0038476,Tommy DeVito,NYG,NO,34.0,ridge_eb,26.2430027634379,7.7569972365621
2023_15_NYG_NO,2023,15,2023-12-17 18:00:00+00:00,00-0031280,Derek Carr,NO,NYG,28.0,ridge_eb,31.206347195869625,-3.206347195869622
2023_15_KC_NE,2023,15,2023-12-17 18:00:00+00:00,00-0033873,Patrick Mahomes,KC,NE,37.0,ridge_eb,35.01208178206993,1.9879182179300727
2023_15_HOU_TEN,2023,15,2023-12-17 18:00:00+00:00,00-0039152,Will Levis,TEN,HOU,26.0,ridge_eb,30.909599270346273,-4.909599270346273
2023_15_HOU_TEN,2023,15,2023-12-17 18:00:00+00:00,00-0028986,Case Keenum,HOU,TEN,36.0,ridge_eb,32.19710770834207,3.8028922916579337
2023_15_CHI_CLE,2023,15,2023-12-17 18:00:00+00:00,00-0026158,Joe Flacco,CLE,CHI,44.0,ridge_eb,37.45658091048508,6.54341908951492
2023_15_CHI_CLE,2023,15,2023-12-17 18:00:00+00:00,00-0036945,Justin Fields,CHI,CLE,40.0,ridge_eb,23.93926090749018,16.06073909250982
2023_15_ATL_CAR,2023,15,2023-12-17 18:00:00+00:00,00-0039150,Bryce Young,CAR,ATL,24.0,ridge_eb,28.248234061603892,-4.248234061603892
2023_15_ATL_CAR,2023,15,2023-12-17 18:00:00+00:00,00-0038122,Desmond Ridder,ATL,CAR,20.0,ridge_eb,27.951641593200527,-7.951641593200527
2023_15_SF_ARI,2023,15,2023-12-17 21:05:00+00:00,00-0035228,Kyler Murray,ARI,SF,39.0,ridge_eb,31.922959878805003,7.077040121194997
2023_15_SF_ARI,2023,15,2023-12-17 21:05:00+00:00,00-0037834,Brock Purdy,SF,ARI,25.0,ridge_eb,29.80061469256352,-4.800614692563521
2023_15_WAS_LA,2023,15,2023-12-17 21:05:00+00:00,00-0026498,Matthew Stafford,LA,WAS,33.0,ridge_eb,35.01541920326537,-2.015419203265367
2023_15_WAS_LA,2023,15,2023-12-17 21:05:00+00:00,00-0037077,Sam Howell,WAS,LA,26.0,ridge_eb,38.24090188357782,-12.24090188357782
2023_15_DAL_BUF,2023,15,2023-12-17 21:25:00+00:00,00-0033077,Dak Prescott,DAL,BUF,34.0,ridge_eb,36.4245449628747,-2.4245449628746982
2023_15_DAL_BUF,2023,15,2023-12-17 21:25:00+00:00,00-0034857,Josh Allen,BUF,DAL,15.0,ridge_eb,36.22461142332167,-21.22461142332167
2023_15_BAL_JAX,2023,15,2023-12-18 01:20:00+00:00,00-0036971,Trevor Lawrence,JAX,BAL,43.0,ridge_eb,34.984911608722214,8.015088391277786
2023_15_BAL_JAX,2023,15,2023-12-18 01:20:00+00:00,00-0034796,Lamar Jackson,BAL,JAX,24.0,ridge_eb,30.17610300697404,-6.176103006974042
2023_15_PHI_SEA,2023,15,2023-12-19 01:15:00+00:00,00-0036389,Jalen Hurts,PHI,SEA,31.0,ridge_eb,32.05410305385905,-1.054103053859052
2023_15_PHI_SEA,2023,15,2023-12-19 01:15:00+00:00,00-0035704,Drew Lock,SEA,PHI,33.0,ridge_eb,34.25169732716009,-1.2516973271600875
2023_16_NO_LA,2023,16,2023-12-22 01:15:00+00:00,00-0026498,Matthew Stafford,LA,NO,34.0,ridge_eb,33.8380615538408,0.1619384461591977
2023_16_NO_LA,2023,16,2023-12-22 01:15:00+00:00,00-0031280,Derek Carr,NO,LA,40.0,ridge_eb,32.51130517885429,7.488694821145707
2023_16_CIN_PIT,2023,16,2023-12-23 21:30:00+00:00,00-0035100,Jake Browning,CIN,PIT,42.0,ridge_eb,33.09424560504123,8.90575439495877
2023_16_CIN_PIT,2023,16,2023-12-23 21:30:00+00:00,00-0034771,Mason Rudolph,PIT,CIN,27.0,ridge_eb,31.27281589810922,-4.272815898109219
2023_16_BUF_LAC,2023,16,2023-12-24 01:00:00+00:00,00-0034857,Josh Allen,BUF,LAC,21.0,ridge_eb,33.92347045013773,-12.923470450137728
2023_16_BUF_LAC,2023,16,2023-12-24 01:00:00+00:00,00-0035282,Easton Stick,LAC,BUF,33.0,ridge_eb,34.138200414287304,-1.1382004142873043
2023_16_WAS_NYJ,2023,16,2023-12-24 18:00:00+00:00,00-0037077,Sam Howell,WAS,NYJ,22.0,ridge_eb,32.908803679809154,-10.908803679809154
2023_16_WAS_NYJ,2023,16,2023-12-24 18:00:00+00:00,00-0032156,Trevor Siemian,NYJ,WAS,49.0,ridge_eb,33.46788405034868,15.53211594965132
2023_16_SEA_TEN,2023,16,2023-12-24 18:00:00+00:00,00-0029701,Ryan Tannehill,TEN,SEA,26.0,ridge_eb,28.872184005076257,-2.8721840050762566
2023_16_SEA_TEN,2023,16,2023-12-24 18:00:00+00:00,00-0030565,Geno Smith,SEA,TEN,36.0,ridge_eb,32.63692785068817,3.363072149311833
2023_16_IND_ATL,2023,16,2023-12-24 18:00:00+00:00,00-0035289,Gardner Minshew,IND,ATL,37.0,ridge_eb,34.39524930273949,2.6047506972605134
2023_16_IND_ATL,2023,16,2023-12-24 18:00:00+00:00,00-0031800,Taylor Heinicke,ATL,IND,33.0,ridge_eb,26.65368900381009,6.34631099618991
2023_16_DET_MIN,2023,16,2023-12-24 18:00:00+00:00,00-0033319,Nick Mullens,MIN,DET,36.0,ridge_eb,36.41521113497459,-0.4152111349745908
2023_16_GB_CAR,2023,16,2023-12-24 18:00:00+00:00,00-0039150,Bryce Young,CAR,GB,36.0,ridge_eb,30.693961324337735,5.306038675662265
2023_16_DET_MIN,2023,16,2023-12-24 18:00:00+00:00,00-0033106,Jared Goff,DET,MIN,40.0,ridge_eb,36.42351077446955,3.5764892255304517
2023_16_CLE_HOU,2023,16,2023-12-24 18:00:00+00:00,00-0028986,Case Keenum,HOU,CLE,17.0,ridge_eb,32.48504699689806,-15.485046996898063
2023_16_CLE_HOU,2023,16,2023-12-24 18:00:00+00:00,00-0026158,Joe Flacco,CLE,HOU,42.0,ridge_eb,39.05779111614289,2.9422088838571128
2023_16_GB_CAR,2023,16,2023-12-24 18:00:00+00:00,00-0036264,Jordan Love,GB,CAR,28.0,ridge_eb,33.49095790133053,-5.490957901330532
2023_16_JAX_TB,2023,16,2023-12-24 21:05:00+00:00,00-0036971,Trevor Lawrence,JAX,TB,29.0,ridge_eb,35.93126949838275,-6.931269498382747
2023_16_JAX_TB,2023,16,2023-12-24 21:05:00+00:00,00-0034855,Baker Mayfield,TB,JAX,35.0,ridge_eb,31.912929707637034,3.0870702923629665
2023_16_DAL_MIA,2023,16,2023-12-24 21:25:00+00:00,00-0036212,Tua Tagovailoa,MIA,DAL,37.0,ridge_eb,32.656284866430944,4.343715133569056
2023_16_DAL_MIA,2023,16,2023-12-24 21:25:00+00:00,00-0033077,Dak Prescott,DAL,MIA,32.0,ridge_eb,35.919756811714706,-3.9197568117147057
2023_16_ARI_CHI,2023,16,2023-12-24 21:25:00+00:00,00-0036945,Justin Fields,CHI,ARI,27.0,ridge_eb,27.204745531776776,-0.2047455317767763
2023_16_ARI_CHI,2023,16,2023-12-24 21:25:00+00:00,00-0035228,Kyler Murray,ARI,CHI,38.0,ridge_eb,30.299183245940547,7.700816754059453
2023_16_NE_DEN,2023,16,2023-12-25 01:15:00+00:00,00-0029263,Russell Wilson,DEN,NE,37.0,ridge_eb,28.983154861203953,8.016845138796047
2023_16_NE_DEN,2023,16,2023-12-25 01:15:00+00:00,00-0038108,Bailey Zappe,NE,DEN,33.0,ridge_eb,28.91403384328107,4.0859661567189285
2023_16_LV_KC,2023,16,2023-12-25 18:00:00+00:00,00-0033873,Patrick Mahomes,KC,LV,44.0,ridge_eb,34.56040427327231,9.439595726727688
2023_16_LV_KC,2023,16,2023-12-25 18:00:00+00:00,00-0038579,Aidan O'Connell,LV,KC,21.0,ridge_eb,31.915306604556257,-10.915306604556257
2023_16_NYG_PHI,2023,16,2023-12-25 21:30:00+00:00,00-0038476,Tommy DeVito,NYG,PHI,16.0,ridge_eb,26.822755320524927,-10.822755320524928
2023_16_NYG_PHI,2023,16,2023-12-25 21:30:00+00:00,00-0036389,Jalen Hurts,PHI,NYG,38.0,ridge_eb,29.29445547557563,8.705544524424369
2023_16_BAL_SF,2023,16,2023-12-26 01:15:00+00:00,00-0034796,Lamar Jackson,BAL,SF,35.0,ridge_eb,31.477569316012037,3.522430683987963
2023_16_BAL_SF,2023,16,2023-12-26 01:15:00+00:00,00-0037834,Brock Purdy,SF,BAL,32.0,ridge_eb,29.906049082742076,2.0939509172579243
2023_17_NYJ_CLE,2023,17,2023-12-29 01:15:00+00:00,00-0026158,Joe Flacco,CLE,NYJ,29.0,ridge_eb,36.520459245367576,-7.520459245367576
2023_17_NYJ_CLE,2023,17,2023-12-29 01:15:00+00:00,00-0032156,Trevor Siemian,NYJ,CLE,45.0,ridge_eb,33.47907526127861,11.52092473872139
2023_17_DET_DAL,2023,17,2023-12-31 01:15:00+00:00,00-0033106,Jared Goff,DET,DAL,34.0,ridge_eb,37.13069535979702,-3.1306953597970235
2023_17_DET_DAL,2023,17,2023-12-31 01:15:00+00:00,00-0033077,Dak Prescott,DAL,DET,38.0,ridge_eb,35.7361605677871,2.2638394322128974
2023_17_TEN_HOU,2023,17,2023-12-31 18:00:00+00:00,00-0039152,Will Levis,TEN,HOU,6.0,ridge_eb,31.586595908515164,-25.586595908515164
2023_17_TEN_HOU,2023,17,2023-12-31 18:00:00+00:00,00-0039163,C.J. Stroud,HOU,TEN,32.0,ridge_eb,33.30786649365893,-1.3078664936589277
2023_17_SF_WAS,2023,17,2023-12-31 18:00:00+00:00,00-0037077,Sam Howell,WAS,SF,28.0,ridge_eb,35.46324623416203,-7.463246234162028
2023_17_SF_WAS,2023,17,2023-12-31 18:00:00+00:00,00-0037834,Brock Purdy,SF,WAS,28.0,ridge_eb,31.50382404704694,-3.5038240470469404
2023_17_NO_TB,2023,17,2023-12-31 18:00:00+00:00,00-0034855,Baker Mayfield,TB,NO,33.0,ridge_eb,32.1344838450818,0.8655161549181969
2023_17_NO_TB,2023,17,2023-12-31 18:00:00+00:00,00-0031280,Derek Carr,NO,TB,32.0,ridge_eb,32.07283425722868,-0.0728342572286777
2023_17_NE_BUF,2023,17,2023-12-31 18:00:00+00:00,00-0038108,Bailey Zappe,NE,BUF,26.0,ridge_eb,29.266294245152203,-3.266294245152203
2023_17_NE_BUF,2023,17,2023-12-31 18:00:00+00:00,00-0034857,Josh Allen,BUF,NE,30.0,ridge_eb,31.045202724482305,-1.045202724482305
2023_17_MIA_BAL,2023,17,2023-12-31 18:00:00+00:00,00-0036212,Tua Tagovailoa,MIA,BAL,38.0,ridge_eb,33.521250250506135,4.478749749493865
2023_17_MIA_BAL,2023,17,2023-12-31 18:00:00+00:00,00-0034796,Lamar Jackson,BAL,MIA,21.0,ridge_eb,32.02893825059459,-11.028938250594592
2023_17_LA_NYG,2023,17,2023-12-31 18:00:00+00:00,00-0026498,Matthew Stafford,LA,NYG,34.0,ridge_eb,33.82183964505405,0.1781603549459518
2023_17_LV_IND,2023,17,2023-12-31 18:00:00+00:00,00-0035289,Gardner Minshew,IND,LV,23.0,ridge_eb,35.97894090165021,-12.978940901650212
2023_17_LA_NYG,2023,17,2023-12-31 18:00:00+00:00,00-0028118,Tyrod Taylor,NYG,LA,41.0,ridge_eb,27.702895102382545,13.297104897617457
2023_17_LV_IND,2023,17,2023-12-31 18:00:00+00:00,00-0038579,Aidan O'Connell,LV,IND,47.0,ridge_eb,30.855045420952138,16.144954579047866
2023_17_CAR_JAX,2023,17,2023-12-31 18:00:00+00:00,00-0033936,C.J. Beathard,JAX,CAR,24.0,ridge_eb,29.679472332035044,-5.6794723320350435
2023_17_CAR_JAX,2023,17,2023-12-31 18:00:00+00:00,00-0039150,Bryce Young,CAR,JAX,32.0,ridge_eb,30.782163733585715,1.2178362664142846
2023_17_ATL_CHI,2023,17,2023-12-31 18:00:00+00:00,00-0036945,Justin Fields,CHI,ATL,32.0,ridge_eb,26.378481723993907,5.621518276006093
2023_17_ATL_CHI,2023,17,2023-12-31 18:00:00+00:00,00-0031800,Taylor Heinicke,ATL,CHI,29.0,ridge_eb,26.682678708917223,2.317321291082777
2023_17_ARI_PHI,2023,17,2023-12-31 18:00:00+00:00,00-0036389,Jalen Hurts,PHI,ARI,23.0,ridge_eb,31.37709204144266,-8.377092041442658
2023_17_ARI_PHI,2023,17,2023-12-31 18:00:00+00:00,00-0035228,Kyler Murray,ARI,PHI,31.0,ridge_eb,31.995176452718415,-0.995176452718418
2023_17_PIT_SEA,2023,17,2023-12-31 21:05:00+00:00,00-0030565,Geno Smith,SEA,PIT,33.0,ridge_eb,32.70552415102569,0.294475848974308
2023_17_PIT_SEA,2023,17,2023-12-31 21:05:00+00:00,00-0034771,Mason Rudolph,PIT,SEA,24.0,ridge_eb,30.954722532819652,-6.954722532819652
2023_17_CIN_KC,2023,17,2023-12-31 21:25:00+00:00,00-0035100,Jake Browning,CIN,KC,33.0,ridge_eb,35.74326811160724,-2.743268111607243
2023_17_CIN_KC,2023,17,2023-12-31 21:25:00+00:00,00-0033873,Patrick Mahomes,KC,CIN,29.0,ridge_eb,37.36478670854939,-8.364786708549396
2023_17_LAC_DEN,2023,17,2023-12-31 21:25:00+00:00,00-0035264,Jarrett Stidham,DEN,LAC,32.0,ridge_eb,28.666545837586348,3.333454162413652
2023_17_LAC_DEN,2023,17,2023-12-31 21:25:00+00:00,00-0035282,Easton Stick,LAC,DEN,38.0,ridge_eb,30.00516570295822,7.9948342970417805
2023_17_GB_MIN,2023,17,2024-01-01 01:20:00+00:00,00-0036264,Jordan Love,GB,MIN,33.0,ridge_eb,34.747093600356614,-1.7470936003566138
2023_17_GB_MIN,2023,17,2024-01-01 01:20:00+00:00,00-0038598,Jaren Hall,MIN,GB,10.0,ridge_eb,29.854065233220226,-19.854065233220226
2023_18_PIT_BAL,2023,18,2024-01-06 21:30:00+00:00,00-0035993,Tyler Huntley,BAL,PIT,28.0,ridge_eb,26.42632983219795,1.5736701678020495
2023_18_PIT_BAL,2023,18,2024-01-06 21:30:00+00:00,00-0034771,Mason Rudolph,PIT,BAL,20.0,ridge_eb,28.30786712101757,-8.30786712101757
2023_18_HOU_IND,2023,18,2024-01-07 01:15:00+00:00,00-0035289,Gardner Minshew,IND,HOU,24.0,ridge_eb,35.46143720060336,-11.461437200603363
2023_18_HOU_IND,2023,18,2024-01-07 01:15:00+00:00,00-0039163,C.J. Stroud,HOU,IND,26.0,ridge_eb,34.14563454626063,-8.14563454626063
2023_18_ATL_NO,2023,18,2024-01-07 18:00:00+00:00,00-0038122,Desmond Ridder,ATL,NO,30.0,ridge_eb,28.6749142101623,1.3250857898377006
2023_18_TB_CAR,2023,18,2024-01-07 18:00:00+00:00,00-0034855,Baker Mayfield,TB,CAR,32.0,ridge_eb,30.425790604043826,1.5742093959561745
2023_18_TB_CAR,2023,18,2024-01-07 18:00:00+00:00,00-0039150,Bryce Young,CAR,TB,18.0,ridge_eb,29.99476193860419,-11.994761938604189
2023_18_NYJ_NE,2023,18,2024-01-07 18:00:00+00:00,00-0032156,Trevor Siemian,NYJ,NE,20.0,ridge_eb,34.51624878499425,-14.516248784994248
2023_18_MIN_DET,2023,18,2024-01-07 18:00:00+00:00,00-0033319,Nick Mullens,MIN,DET,44.0,ridge_eb,36.16520954283707,7.834790457162924
2023_18_MIN_DET,2023,18,2024-01-07 18:00:00+00:00,00-0033106,Jared Goff,DET,MIN,32.0,ridge_eb,36.00761804154009,-4.007618041540091
2023_18_NYJ_NE,2023,18,2024-01-07 18:00:00+00:00,00-0038108,Bailey Zappe,NE,NYJ,30.0,ridge_eb,26.096729818937828,3.903270181062173
2023_18_JAX_TEN,2023,18,2024-01-07 18:00:00+00:00,00-0036971,Trevor Lawrence,JAX,TEN,43.0,ridge_eb,34.556908520811575,8.443091479188425
2023_18_CLE_CIN,2023,18,2024-01-07 18:00:00+00:00,00-0032436,Jeff Driskel,CLE,CIN,26.0,ridge_eb,28.329450016402873,-2.3294500164028733
2023_18_CLE_CIN,2023,18,2024-01-07 18:00:00+00:00,00-0035100,Jake Browning,CIN,CLE,24.0,ridge_eb,30.95657905622852,-6.95657905622852
2023_18_ATL_NO,2023,18,2024-01-07 18:00:00+00:00,00-0031280,Derek Carr,NO,ATL,28.0,ridge_eb,30.546038494612187,-2.546038494612187
2023_18_JAX_TEN,2023,18,2024-01-07 18:00:00+00:00,00-0029701,Ryan Tannehill,TEN,JAX,26.0,ridge_eb,27.9552618254866,-1.955261825486602
2023_18_LA_SF,2023,18,2024-01-07 21:25:00+00:00,00-0032950,Carson Wentz,LA,SF,24.0,ridge_eb,29.941243290326575,-5.941243290326575
2023_18_SEA_ARI,2023,18,2024-01-07 21:25:00+00:00,00-0030565,Geno Smith,SEA,ARI,28.0,ridge_eb,33.16464294758864,-5.164642947588639
2023_18_PHI_NYG,2023,18,2024-01-07 21:25:00+00:00,00-0036389,Jalen Hurts,PHI,NYG,16.0,ridge_eb,29.33783654160333,-13.33783654160333
2023_18_PHI_NYG,2023,18,2024-01-07 21:25:00+00:00,00-0028118,Tyrod Taylor,NYG,PHI,32.0,ridge_eb,28.59871281045756,3.4012871895424404
2023_18_LA_SF,2023,18,2024-01-07 21:25:00+00:00,00-0034869,Sam Darnold,SF,LA,26.0,ridge_eb,27.213691177411253,-1.2136911774112529
2023_18_KC_LAC,2023,18,2024-01-07 21:25:00+00:00,00-0035282,Easton Stick,LAC,KC,47.0,ridge_eb,30.95107011913476,16.048929880865238
2023_18_SEA_ARI,2023,18,2024-01-07 21:25:00+00:00,00-0035228,Kyler Murray,ARI,SEA,30.0,ridge_eb,32.433537987361746,-2.4335379873617455
2023_18_DEN_LV,2023,18,2024-01-07 21:25:00+00:00,00-0038579,Aidan O'Connell,LV,DEN,31.0,ridge_eb,31.611714762237472,-0.6117147622374723
2023_18_DEN_LV,2023,18,2024-01-07 21:25:00+00:00,00-0035264,Jarrett Stidham,DEN,LV,34.0,ridge_eb,30.125939457520023,3.8740605424799774
2023_18_DAL_WAS,2023,18,2024-01-07 21:25:00+00:00,00-0037077,Sam Howell,WAS,DAL,27.0,ridge_eb,31.67532258678384,-4.675322586783842
2023_18_DAL_WAS,2023,18,2024-01-07 21:25:00+00:00,00-0033077,Dak Prescott,DAL,WAS,36.0,ridge_eb,35.420833897460724,0.5791661025392756
2023_18_CHI_GB,2023,18,2024-01-07 21:25:00+00:00,00-0036264,Jordan Love,GB,CHI,32.0,ridge_eb,33.73594669880269,-1.7359466988026924
2023_18_CHI_GB,2023,18,2024-01-07 21:25:00+00:00,00-0036945,Justin Fields,CHI,GB,16.0,ridge_eb,29.706340207648477,-13.706340207648475
2023_18_KC_LAC,2023,18,2024-01-07 21:25:00+00:00,00-0027948,Blaine Gabbert,KC,LAC,30.0,ridge_eb,27.079561131355792,2.920438868644208
2023_18_BUF_MIA,2023,18,2024-01-08 01:20:00+00:00,00-0034857,Josh Allen,BUF,MIA,38.0,ridge_eb,32.72103431208573,5.278965687914273
2023_18_BUF_MIA,2023,18,2024-01-08 01:20:00+00:00,00-0036212,Tua Tagovailoa,MIA,BUF,27.0,ridge_eb,33.40258569509514,-6.402585695095141
2024_01_BAL_KC,2024,1,2024-09-06 00:20:00+00:00,00-0033873,Patrick Mahomes,KC,BAL,28.0,ridge_eb,35.076906601957624,-7.076906601957624
2024_01_BAL_KC,2024,1,2024-09-06 00:20:00+00:00,00-0034796,Lamar Jackson,BAL,KC,41.0,ridge_eb,31.54190716896405,9.458092831035952
2024_01_GB_PHI,2024,1,2024-09-07 00:15:00+00:00,00-0036264,Jordan Love,GB,PHI,34.0,ridge_eb,36.34375695029701,-2.3437569502970135
2024_01_GB_PHI,2024,1,2024-09-07 00:15:00+00:00,00-0036389,Jalen Hurts,PHI,GB,34.0,ridge_eb,32.275311642590445,1.7246883574095548
2024_01_TEN_CHI,2024,1,2024-09-08 17:00:00+00:00,00-0039918,Caleb Williams,CHI,TEN,29.0,ridge_eb,31.706553822933092,-2.706553822933092
2024_01_PIT_ATL,2024,1,2024-09-08 17:00:00+00:00,00-0036945,Justin Fields,PIT,ATL,23.0,ridge_eb,24.413834605175744,-1.4138346051757438
2024_01_TEN_CHI,2024,1,2024-09-08 17:00:00+00:00,00-0039152,Will Levis,TEN,CHI,32.0,ridge_eb,32.48570493707848,-0.4857049370784807
2024_01_NE_CIN,2024,1,2024-09-08 17:00:00+00:00,00-0033119,Jacoby Brissett,NE,CIN,24.0,ridge_eb,35.66757091818692,-11.667570918186918
2024_01_NE_CIN,2024,1,2024-09-08 17:00:00+00:00,00-0036442,Joe Burrow,CIN,NE,29.0,ridge_eb,34.6069779213137,-5.6069779213137
2024_01_MIN_NYG,2024,1,2024-09-08 17:00:00+00:00,00-0035710,Daniel Jones,NYG,MIN,42.0,ridge_eb,31.641550480075495,10.358449519924504
2024_01_MIN_NYG,2024,1,2024-09-08 17:00:00+00:00,00-0034869,Sam Darnold,MIN,NYG,24.0,ridge_eb,31.590750180220287,-7.590750180220287
2024_01_PIT_ATL,2024,1,2024-09-08 17:00:00+00:00,00-0029604,Kirk Cousins,ATL,PIT,26.0,ridge_eb,36.0980902962178,-10.098090296217798
2024_01_JAX_MIA,2024,1,2024-09-08 17:00:00+00:00,00-0036971,Trevor Lawrence,JAX,MIA,21.0,ridge_eb,37.26024592621682,-16.260245926216818
2024_01_HOU_IND,2024,1,2024-09-08 17:00:00+00:00,00-0039164,Anthony Richardson,IND,HOU,19.0,ridge_eb,26.02268851279971,-7.022688512799714
2024_01_HOU_IND,2024,1,2024-09-08 17:00:00+00:00,00-0039163,C.J. Stroud,HOU,IND,32.0,ridge_eb,34.362312530302866,-2.362312530302866
2024_01_CAR_NO,2024,1,2024-09-08 17:00:00+00:00,00-0031280,Derek Carr,NO,CAR,23.0,ridge_eb,31.33210223427671,-8.33210223427671
2024_01_CAR_NO,2024,1,2024-09-08 17:00:00+00:00,00-0039150,Bryce Young,CAR,NO,30.0,ridge_eb,33.0209567668262,-3.0209567668262025
2024_01_ARI_BUF,2024,1,2024-09-08 17:00:00+00:00,00-0034857,Josh Allen,BUF,ARI,23.0,ridge_eb,31.642467718142104,-8.642467718142104
2024_01_ARI_BUF,2024,1,2024-09-08 17:00:00+00:00,00-0035228,Kyler Murray,ARI,BUF,31.0,ridge_eb,32.48531218320077,-1.4853121832007687
2024_01_JAX_MIA,2024,1,2024-09-08 17:00:00+00:00,00-0036212,Tua Tagovailoa,MIA,JAX,37.0,ridge_eb,34.706882113072076,2.2931178869279236
2024_01_DEN_SEA,2024,1,2024-09-08 20:05:00+00:00,00-0039732,Bo Nix,DEN,SEA,42.0,ridge_eb,30.73457232397495,11.265427676025048
2024_01_DEN_SEA,2024,1,2024-09-08 20:05:00+00:00,00-0030565,Geno Smith,SEA,DEN,25.0,ridge_eb,34.36732204824464,-9.367322048244638
2024_01_LV_LAC,2024,1,2024-09-08 20:05:00+00:00,00-0036355,Justin Herbert,LAC,LV,26.0,ridge_eb,37.282303637734934,-11.282303637734934
2024_01_LV_LAC,2024,1,2024-09-08 20:05:00+00:00,00-0035289,Gardner Minshew,LV,LAC,33.0,ridge_eb,32.33430256285571,0.6656974371442885
2024_01_WAS_TB,2024,1,2024-09-08 20:25:00+00:00,00-0034855,Baker Mayfield,TB,WAS,30.0,ridge_eb,33.81321208208097,-3.813212082080973
2024_01_WAS_TB,2024,1,2024-09-08 20:25:00+00:00,00-0039910,Jayden Daniels,WAS,TB,24.0,ridge_eb,34.73611733005144,-10.736117330051442
2024_01_DAL_CLE,2024,1,2024-09-08 20:25:00+00:00,00-0033537,Deshaun Watson,CLE,DAL,45.0,ridge_eb,31.544593738180655,13.455406261819345
2024_01_DAL_CLE,2024,1,2024-09-08 20:25:00+00:00,00-0033077,Dak Prescott,DAL,CLE,32.0,ridge_eb,33.47630880548447,-1.4763088054844715
2024_01_LA_DET,2024,1,2024-09-09 00:20:00+00:00,00-0033106,Jared Goff,DET,LA,28.0,ridge_eb,38.16060416842162,-10.16060416842162
2024_01_LA_DET,2024,1,2024-09-09 00:20:00+00:00,00-0026498,Matthew Stafford,LA,DET,49.0,ridge_eb,36.76222120287344,12.23777879712656
2024_01_NYJ_SF,2024,1,2024-09-10 00:15:00+00:00,00-0023459,Aaron Rodgers,NYJ,SF,21.0,ridge_eb,33.83478221343129,-12.83478221343129
2024_01_NYJ_SF,2024,1,2024-09-10 00:15:00+00:00,00-0037834,Brock Purdy,SF,NYJ,29.0,ridge_eb,29.13265413417077,-0.132654134170771
2024_02_BUF_MIA,2024,2,2024-09-13 00:15:00+00:00,00-0034857,Josh Allen,BUF,MIA,19.0,ridge_eb,33.36262647988536,-14.362626479885355
2024_02_BUF_MIA,2024,2,2024-09-13 00:15:00+00:00,00-0036212,Tua Tagovailoa,MIA,BUF,25.0,ridge_eb,34.665702503255964,-9.665702503255964
2024_02_NYJ_TEN,2024,2,2024-09-15 17:00:00+00:00,00-0023459,Aaron Rodgers,NYJ,TEN,30.0,ridge_eb,31.43824279228878,-1.4382427922887793
2024_02_NYJ_TEN,2024,2,2024-09-15 17:00:00+00:00,00-0039152,Will Levis,TEN,NYJ,28.0,ridge_eb,28.491900974837005,-0.4919009748370051
2024_02_SEA_NE,2024,2,2024-09-15 17:00:00+00:00,00-0033119,Jacoby Brissett,NE,SEA,27.0,ridge_eb,30.624773571918823,-3.6247735719188263
2024_02_TB_DET,2024,2,2024-09-15 17:00:00+00:00,00-0033106,Jared Goff,DET,TB,55.0,ridge_eb,36.453426084928665,18.546573915071335
2024_02_SF_MIN,2024,2,2024-09-15 17:00:00+00:00,00-0034869,Sam Darnold,MIN,SF,26.0,ridge_eb,33.3604010043728,-7.360401004372797
2024_02_TB_DET,2024,2,2024-09-15 17:00:00+00:00,00-0034855,Baker Mayfield,TB,DET,19.0,ridge_eb,35.454601170632735,-16.454601170632735
2024_02_NYG_WAS,2024,2,2024-09-15 17:00:00+00:00,00-0039910,Jayden Daniels,WAS,NYG,29.0,ridge_eb,25.63151897910814,3.36848102089186
2024_02_SEA_NE,2024,2,2024-09-15 17:00:00+00:00,00-0030565,Geno Smith,SEA,NE,44.0,ridge_eb,31.20368014433942,12.79631985566058
2024_02_NYG_WAS,2024,2,2024-09-15 17:00:00+00:00,00-0035710,Daniel Jones,NYG,WAS,28.0,ridge_eb,31.115890878073444,-3.1158908780734436
2024_02_SF_MIN,2024,2,2024-09-15 17:00:00+00:00,00-0037834,Brock Purdy,SF,MIN,36.0,ridge_eb,32.515259815501125,3.4847401844988752
2024_02_NO_DAL,2024,2,2024-09-15 17:00:00+00:00,00-0033077,Dak Prescott,DAL,NO,39.0,ridge_eb,35.02877963675342,3.97122036324658
2024_02_LV_BAL,2024,2,2024-09-15 17:00:00+00:00,00-0035289,Gardner Minshew,LV,BAL,38.0,ridge_eb,32.61219493094884,5.387805069051161
2024_02_LV_BAL,2024,2,2024-09-15 17:00:00+00:00,00-0034796,Lamar Jackson,BAL,LV,34.0,ridge_eb,29.292334194915732,4.707665805084268
2024_02_LAC_CAR,2024,2,2024-09-15 17:00:00+00:00,00-0036355,Justin Herbert,LAC,CAR,20.0,ridge_eb,32.30164956439905,-12.30164956439905
2024_02_LAC_CAR,2024,2,2024-09-15 17:00:00+00:00,00-0039150,Bryce Young,CAR,LAC,26.0,ridge_eb,29.740757209152463,-3.7407572091524663
2024_02_IND_GB,2024,2,2024-09-15 17:00:00+00:00,00-0039164,Anthony Richardson,IND,GB,34.0,ridge_eb,24.369400324562065,9.630599675437937
2024_02_IND_GB,2024,2,2024-09-15 17:00:00+00:00,00-0038128,Malik Willis,GB,IND,14.0,ridge_eb,22.425294385608833,-8.425294385608833
2024_02_CLE_JAX,2024,2,2024-09-15 17:00:00+00:00,00-0036971,Trevor Lawrence,JAX,CLE,30.0,ridge_eb,32.89236753792363,-2.892367537923633
2024_02_CLE_JAX,2024,2,2024-09-15 17:00:00+00:00,00-0033537,Deshaun Watson,CLE,JAX,34.0,ridge_eb,32.95002761526888,1.0499723847311202
2024_02_NO_DAL,2024,2,2024-09-15 17:00:00+00:00,00-0031280,Derek Carr,NO,DAL,16.0,ridge_eb,32.10824433690748,-16.108244336907482
2024_02_LA_ARI,2024,2,2024-09-15 20:05:00+00:00,00-0035228,Kyler Murray,ARI,LA,21.0,ridge_eb,33.048714956067656,-12.048714956067656
2024_02_LA_ARI,2024,2,2024-09-15 20:05:00+00:00,00-0026498,Matthew Stafford,LA,ARI,27.0,ridge_eb,35.25285646470805,-8.252856464708053
2024_02_PIT_DEN,2024,2,2024-09-15 20:25:00+00:00,00-0036945,Justin Fields,PIT,DEN,20.0,ridge_eb,24.687269132933583,-4.687269132933583
2024_02_PIT_DEN,2024,2,2024-09-15 20:25:00+00:00,00-0039732,Bo Nix,DEN,PIT,35.0,ridge_eb,33.970809038982,1.0291909610180028
2024_02_CIN_KC,2024,2,2024-09-15 20:25:00+00:00,00-0036442,Joe Burrow,CIN,KC,36.0,ridge_eb,36.19473121975581,-0.1947312197558091
2024_02_CIN_KC,2024,2,2024-09-15 20:25:00+00:00,00-0033873,Patrick Mahomes,KC,CIN,25.0,ridge_eb,35.49460999280158,-10.494609992801578
2024_02_CHI_HOU,2024,2,2024-09-16 00:20:00+00:00,00-0039918,Caleb Williams,CHI,HOU,37.0,ridge_eb,31.65483234152928,5.345167658470718
2024_02_CHI_HOU,2024,2,2024-09-16 00:20:00+00:00,00-0039163,C.J. Stroud,HOU,CHI,36.0,ridge_eb,34.24267558680588,1.7573244131941197
2024_02_ATL_PHI,2024,2,2024-09-17 00:15:00+00:00,00-0029604,Kirk Cousins,ATL,PHI,29.0,ridge_eb,32.388437534763476,-3.388437534763476
2024_02_ATL_PHI,2024,2,2024-09-17 00:15:00+00:00,00-0036389,Jalen Hurts,PHI,ATL,30.0,ridge_eb,29.351179128586978,0.6488208714130224
2024_03_NE_NYJ,2024,3,2024-09-20 00:15:00+00:00,00-0033119,Jacoby Brissett,NE,NYJ,18.0,ridge_eb,30.21628478265575,-12.216284782655752
2024_03_NE_NYJ,2024,3,2024-09-20 00:15:00+00:00,00-0023459,Aaron Rodgers,NYJ,NE,35.0,ridge_eb,31.56590717295968,3.4340928270403204
2024_03_LAC_PIT,2024,3,2024-09-22 17:00:00+00:00,00-0036355,Justin Herbert,LAC,PIT,18.0,ridge_eb,30.760293719923737,-12.760293719923736
2024_03_PHI_NO,2024,3,2024-09-22 17:00:00+00:00,00-0036389,Jalen Hurts,PHI,NO,38.0,ridge_eb,30.59114851011028,7.40885148988972
2024_03_PHI_NO,2024,3,2024-09-22 17:00:00+00:00,00-0031280,Derek Carr,NO,PHI,25.0,ridge_eb,31.06865398420543,-6.0686539842054295
2024_03_NYG_CLE,2024,3,2024-09-22 17:00:00+00:00,00-0035710,Daniel Jones,NYG,CLE,34.0,ridge_eb,28.80482640674638,5.195173593253621
2024_03_NYG_CLE,2024,3,2024-09-22 17:00:00+00:00,00-0033537,Deshaun Watson,CLE,NYG,37.0,ridge_eb,32.102697601950375,4.897302398049625
2024_03_LAC_PIT,2024,3,2024-09-22 17:00:00+00:00,00-0036945,Justin Fields,PIT,LAC,32.0,ridge_eb,24.30869103809165,7.691308961908352
2024_03_HOU_MIN,2024,3,2024-09-22 17:00:00+00:00,00-0034869,Sam Darnold,MIN,HOU,28.0,ridge_eb,32.1849495888928,-4.184949588892799
2024_03_DEN_TB,2024,3,2024-09-22 17:00:00+00:00,00-0034855,Baker Mayfield,TB,DEN,33.0,ridge_eb,31.719013370907145,1.2809866290928582
2024_03_GB_TEN,2024,3,2024-09-22 17:00:00+00:00,00-0039152,Will Levis,TEN,GB,34.0,ridge_eb,28.320329350744945,5.679670649255055
2024_03_GB_TEN,2024,3,2024-09-22 17:00:00+00:00,00-0038128,Malik Willis,GB,TEN,19.0,ridge_eb,22.279249686572705,-3.2792496865727045
2024_03_DEN_TB,2024,3,2024-09-22 17:00:00+00:00,00-0039732,Bo Nix,DEN,TB,36.0,ridge_eb,33.90088461831743,2.099115381682573
2024_03_CHI_IND,2024,3,2024-09-22 17:00:00+00:00,00-0039164,Anthony Richardson,IND,CHI,20.0,ridge_eb,26.18864811317423,-6.1886481131742315
2024_03_CHI_IND,2024,3,2024-09-22 17:00:00+00:00,00-0039918,Caleb Williams,CHI,IND,52.0,ridge_eb,31.600447564155097,20.399552435844903
2024_03_HOU_MIN,2024,3,2024-09-22 17:00:00+00:00,00-0039163,C.J. Stroud,HOU,MIN,31.0,ridge_eb,35.94183210274825,-4.941832102748251
2024_03_CAR_LV,2024,3,2024-09-22 20:05:00+00:00,00-0027973,Andy Dalton,CAR,LV,37.0,ridge_eb,31.23346828884519,5.766531711154808
2024_03_CAR_LV,2024,3,2024-09-22 20:05:00+00:00,00-0035289,Gardner Minshew,LV,CAR,28.0,ridge_eb,33.546483588193006,-5.546483588193006
2024_03_MIA_SEA,2024,3,2024-09-22 20:05:00+00:00,00-0037327,Skylar Thompson,MIA,SEA,19.0,ridge_eb,28.89080672420565,-9.89080672420565
2024_03_MIA_SEA,2024,3,2024-09-22 20:05:00+00:00,00-0030565,Geno Smith,SEA,MIA,34.0,ridge_eb,33.52451967172036,0.4754803282796374
2024_03_SF_LA,2024,3,2024-09-22 20:25:00+00:00,00-0037834,Brock Purdy,SF,LA,30.0,ridge_eb,31.103541182990607,-1.1035411829906074
2024_03_SF_LA,2024,3,2024-09-22 20:25:00+00:00,00-0026498,Matthew Stafford,LA,SF,25.0,ridge_eb,35.19896562422154,-10.198965624221543
2024_03_DET_ARI,2024,3,2024-09-22 20:25:00+00:00,00-0033106,Jared Goff,DET,ARI,23.0,ridge_eb,36.297520757203245,-13.297520757203245
2024_03_BAL_DAL,2024,3,2024-09-22 20:25:00+00:00,00-0034796,Lamar Jackson,BAL,DAL,15.0,ridge_eb,31.05711676992349,-16.05711676992349
2024_03_BAL_DAL,2024,3,2024-09-22 20:25:00+00:00,00-0033077,Dak Prescott,DAL,BAL,51.0,ridge_eb,35.82204586568527,15.177954134314732
2024_03_DET_ARI,2024,3,2024-09-22 20:25:00+00:00,00-0035228,Kyler Murray,ARI,DET,34.0,ridge_eb,33.68138874622049,0.3186112537795083
2024_03_KC_ATL,2024,3,2024-09-23 00:20:00+00:00,00-0029604,Kirk Cousins,ATL,KC,29.0,ridge_eb,33.49992643026071,-4.499926430260707
2024_03_KC_ATL,2024,3,2024-09-23 00:20:00+00:00,00-0033873,Patrick Mahomes,KC,ATL,39.0,ridge_eb,32.950102559824124,6.049897440175876
2024_03_JAX_BUF,2024,3,2024-09-23 23:30:00+00:00,00-0036971,Trevor Lawrence,JAX,BUF,38.0,ridge_eb,33.106733862644866,4.893266137355134
2024_03_JAX_BUF,2024,3,2024-09-23 23:30:00+00:00,00-0034857,Josh Allen,BUF,JAX,30.0,ridge_eb,32.073522341389136,-2.073522341389136
2024_03_WAS_CIN,2024,3,2024-09-24 00:15:00+00:00,00-0039910,Jayden Daniels,WAS,CIN,23.0,ridge_eb,27.278640256059305,-4.278640256059305
2024_03_WAS_CIN,2024,3,2024-09-24 00:15:00+00:00,00-0036442,Joe Burrow,CIN,WAS,38.0,ridge_eb,35.640195621745065,2.3598043782549354
2024_04_DAL_NYG,2024,4,2024-09-27 00:15:00+00:00,00-0033077,Dak Prescott,DAL,NYG,27.0,ridge_eb,36.26834843467162,-9.268348434671625
2024_04_DAL_NYG,2024,4,2024-09-27 00:15:00+00:00,00-0035710,Daniel Jones,NYG,DAL,40.0,ridge_eb,30.013262913497947,9.986737086502051
2024_04_PIT_IND,2024,4,2024-09-29 17:00:00+00:00,00-0036945,Justin Fields,PIT,IND,34.0,ridge_eb,25.529007986481332,8.470992013518668
2024_04_PIT_IND,2024,4,2024-09-29 17:00:00+00:00,00-0039164,Anthony Richardson,IND,PIT,4.0,ridge_eb,24.57600151511986,-20.57600151511986
2024_04_PHI_TB,2024,4,2024-09-29 17:00:00+00:00,00-0034855,Baker Mayfield,TB,PHI,47.0,ridge_eb,31.92899184204153,15.071008157958474
2024_04_PHI_TB,2024,4,2024-09-29 17:00:00+00:00,00-0036389,Jalen Hurts,PHI,TB,30.0,ridge_eb,30.961434661944676,-0.9614346619446756
2024_04_NO_ATL,2024,4,2024-09-29 17:00:00+00:00,00-0031280,Derek Carr,NO,ATL,36.0,ridge_eb,27.912821351009647,8.087178648990353
2024_04_NO_ATL,2024,4,2024-09-29 17:00:00+00:00,00-0029604,Kirk Cousins,ATL,NO,35.0,ridge_eb,30.192337437453176,4.807662562546824
2024_04_MIN_GB,2024,4,2024-09-29 17:00:00+00:00,00-0036264,Jordan Love,GB,MIN,54.0,ridge_eb,34.168180781223725,19.831819218776275
2024_04_MIN_GB,2024,4,2024-09-29 17:00:00+00:00,00-0034869,Sam Darnold,MIN,GB,28.0,ridge_eb,32.03171457075003,-4.031714570750033
2024_04_LA_CHI,2024,4,2024-09-29 17:00:00+00:00,00-0039918,Caleb Williams,CHI,LA,23.0,ridge_eb,35.42926618551891,-12.429266185518912
2024_04_JAX_HOU,2024,4,2024-09-29 17:00:00+00:00,00-0036971,Trevor Lawrence,JAX,HOU,33.0,ridge_eb,33.916885337535845,-0.9168853375358452
2024_04_JAX_HOU,2024,4,2024-09-29 17:00:00+00:00,00-0039163,C.J. Stroud,HOU,JAX,40.0,ridge_eb,35.20810830705675,4.791891692943253
2024_04_DEN_NYJ,2024,4,2024-09-29 17:00:00+00:00,00-0023459,Aaron Rodgers,NYJ,DEN,42.0,ridge_eb,30.537875617791208,11.462124382208792
2024_04_DEN_NYJ,2024,4,2024-09-29 17:00:00+00:00,00-0039732,Bo Nix,DEN,NYJ,25.0,ridge_eb,33.44809922115526,-8.44809922115526
2024_04_CIN_CAR,2024,4,2024-09-29 17:00:00+00:00,00-0036442,Joe Burrow,CIN,CAR,31.0,ridge_eb,34.48257564529699,-3.48257564529699
2024_04_CIN_CAR,2024,4,2024-09-29 17:00:00+00:00,00-0027973,Andy Dalton,CAR,CIN,40.0,ridge_eb,34.305099386730454,5.694900613269546
2024_04_LA_CHI,2024,4,2024-09-29 17:00:00+00:00,00-0026498,Matthew Stafford,LA,CHI,29.0,ridge_eb,31.421632638323544,-2.421632638323544
2024_04_WAS_ARI,2024,4,2024-09-29 20:05:00+00:00,00-0039910,Jayden Daniels,WAS,ARI,30.0,ridge_eb,26.929323294056047,3.070676705943953
2024_04_NE_SF,2024,4,2024-09-29 20:05:00+00:00,00-0033119,Jacoby Brissett,NE,SF,32.0,ridge_eb,31.144866651029915,0.8551333489700852
2024_04_NE_SF,2024,4,2024-09-29 20:05:00+00:00,00-0037834,Brock Purdy,SF,NE,27.0,ridge_eb,30.62099079759731,-3.620990797597312
2024_04_WAS_ARI,2024,4,2024-09-29 20:05:00+00:00,00-0035228,Kyler Murray,ARI,WAS,22.0,ridge_eb,33.37995436830095,-11.37995436830095
2024_04_KC_LAC,2024,4,2024-09-29 20:25:00+00:00,00-0036355,Justin Herbert,LAC,KC,27.0,ridge_eb,31.053347291777808,-4.053347291777808
2024_04_KC_LAC,2024,4,2024-09-29 20:25:00+00:00,00-0033873,Patrick Mahomes,KC,LAC,29.0,ridge_eb,33.318831867297966,-4.318831867297966
2024_04_CLE_LV,2024,4,2024-09-29 20:25:00+00:00,00-0033537,Deshaun Watson,CLE,LV,32.0,ridge_eb,32.868887507974364,-0.8688875079743639
2024_04_CLE_LV,2024,4,2024-09-29 20:25:00+00:00,00-0035289,Gardner Minshew,LV,CLE,24.0,ridge_eb,32.62328080977025,-8.62328080977025
2024_04_BUF_BAL,2024,4,2024-09-30 00:20:00+00:00,00-0034796,Lamar Jackson,BAL,BUF,18.0,ridge_eb,28.765098677552807,-10.765098677552809
2024_04_BUF_BAL,2024,4,2024-09-30 00:20:00+00:00,00-0034857,Josh Allen,BUF,BAL,29.0,ridge_eb,31.532560815163297,-2.532560815163297
2024_04_TEN_MIA,2024,4,2024-09-30 23:30:00+00:00,00-0035993,Tyler Huntley,MIA,TEN,22.0,ridge_eb,26.396352526102593,-4.396352526102593
2024_04_TEN_MIA,2024,4,2024-09-30 23:30:00+00:00,00-0039152,Will Levis,TEN,MIA,4.0,ridge_eb,30.000963791047337,-26.000963791047337
2024_04_SEA_DET,2024,4,2024-10-01 00:15:00+00:00,00-0033106,Jared Goff,DET,SEA,18.0,ridge_eb,34.19311081456234,-16.19311081456234
2024_04_SEA_DET,2024,4,2024-10-01 00:15:00+00:00,00-0030565,Geno Smith,SEA,DET,56.0,ridge_eb,34.97058341617209,21.02941658382791
2024_05_TB_ATL,2024,5,2024-10-04 00:15:00+00:00,00-0029604,Kirk Cousins,ATL,TB,58.0,ridge_eb,32.870139637013786,25.129860362986214
2024_05_TB_ATL,2024,5,2024-10-04 00:15:00+00:00,00-0034855,Baker Mayfield,TB,ATL,24.0,ridge_eb,34.03866850641141,-10.038668506411412
2024_05_NYJ_MIN,2024,5,2024-10-06 13:30:00+00:00,00-0034869,Sam Darnold,MIN,NYJ,31.0,ridge_eb,30.797329110932097,0.2026708890679032
2024_05_NYJ_MIN,2024,5,2024-10-06 13:30:00+00:00,00-0023459,Aaron Rodgers,NYJ,MIN,54.0,ridge_eb,32.61932469034825,21.38067530965175
2024_05_IND_JAX,2024,5,2024-10-06 17:00:00+00:00,00-0026158,Joe Flacco,IND,JAX,44.0,ridge_eb,34.59710794495323,9.40289205504677
2024_05_IND_JAX,2024,5,2024-10-06 17:00:00+00:00,00-0036971,Trevor Lawrence,JAX,IND,34.0,ridge_eb,31.908938120696064,2.091061879303936
2024_05_MIA_NE,2024,5,2024-10-06 17:00:00+00:00,00-0033119,Jacoby Brissett,NE,MIA,34.0,ridge_eb,30.116846888541403,3.883153111458597
2024_05_CLE_WAS,2024,5,2024-10-06 17:00:00+00:00,00-0039910,Jayden Daniels,WAS,CLE,25.0,ridge_eb,28.35028491170742,-3.350284911707419
2024_05_MIA_NE,2024,5,2024-10-06 17:00:00+00:00,00-0035993,Tyler Huntley,MIA,NE,31.0,ridge_eb,26.28525390442061,4.71474609557939
2024_05_CLE_WAS,2024,5,2024-10-06 17:00:00+00:00,00-0033537,Deshaun Watson,CLE,WAS,28.0,ridge_eb,33.04897544086549,-5.04897544086549
2024_05_BAL_CIN,2024,5,2024-10-06 17:00:00+00:00,00-0034796,Lamar Jackson,BAL,CIN,42.0,ridge_eb,28.560685137641407,13.439314862358591
2024_05_CAR_CHI,2024,5,2024-10-06 17:00:00+00:00,00-0027973,Andy Dalton,CAR,CHI,28.0,ridge_eb,32.16667311864672,-4.16667311864672
2024_05_BUF_HOU,2024,5,2024-10-06 17:00:00+00:00,00-0039163,C.J. Stroud,HOU,BUF,38.0,ridge_eb,34.99462416016101,3.0053758398389903
2024_05_BUF_HOU,2024,5,2024-10-06 17:00:00+00:00,00-0034857,Josh Allen,BUF,HOU,30.0,ridge_eb,31.937147456706096,-1.9371474567060964
2024_05_BAL_CIN,2024,5,2024-10-06 17:00:00+00:00,00-0036442,Joe Burrow,CIN,BAL,39.0,ridge_eb,34.87868277210369,4.121317227896313
2024_05_CAR_CHI,2024,5,2024-10-06 17:00:00+00:00,00-0039918,Caleb Williams,CHI,CAR,29.0,ridge_eb,32.154854581636094,-3.1548545816360942
2024_05_LV_DEN,2024,5,2024-10-06 20:05:00+00:00,00-0039732,Bo Nix,DEN,LV,27.0,ridge_eb,32.69331729759095,-5.693317297590951
2024_05_LV_DEN,2024,5,2024-10-06 20:05:00+00:00,00-0035289,Gardner Minshew,LV,DEN,17.0,ridge_eb,31.563603910078903,-14.563603910078903
2024_05_ARI_SF,2024,5,2024-10-06 20:05:00+00:00,00-0035228,Kyler Murray,ARI,SF,30.0,ridge_eb,30.725507670454707,-0.7255076704547072
2024_05_ARI_SF,2024,5,2024-10-06 20:05:00+00:00,00-0037834,Brock Purdy,SF,ARI,35.0,ridge_eb,30.082893157340504,4.917106842659496
2024_05_GB_LA,2024,5,2024-10-06 20:25:00+00:00,00-0036264,Jordan Love,GB,LA,26.0,ridge_eb,37.1417961333887,-11.141796133388702
2024_05_GB_LA,2024,5,2024-10-06 20:25:00+00:00,00-0026498,Matthew Stafford,LA,GB,45.0,ridge_eb,34.94479085233592,10.05520914766408
2024_05_NYG_SEA,2024,5,2024-10-06 20:25:00+00:00,00-0035710,Daniel Jones,NYG,SEA,34.0,ridge_eb,29.938372857072725,4.061627142927275
2024_05_NYG_SEA,2024,5,2024-10-06 20:25:00+00:00,00-0030565,Geno Smith,SEA,NYG,40.0,ridge_eb,35.89125244509481,4.108747554905193
2024_05_DAL_PIT,2024,5,2024-10-07 00:20:00+00:00,00-0033077,Dak Prescott,DAL,PIT,42.0,ridge_eb,33.743411744888256,8.256588255111744
2024_05_DAL_PIT,2024,5,2024-10-07 00:20:00+00:00,00-0036945,Justin Fields,PIT,DAL,27.0,ridge_eb,26.95277566239811,0.0472243376018894
2024_05_NO_KC,2024,5,2024-10-08 00:15:00+00:00,00-0031280,Derek Carr,NO,KC,28.0,ridge_eb,29.907395090752026,-1.907395090752022
2024_05_NO_KC,2024,5,2024-10-08 00:15:00+00:00,00-0033873,Patrick Mahomes,KC,NO,39.0,ridge_eb,33.283129815878176,5.716870184121824
2024_06_SF_SEA,2024,6,2024-10-11 00:15:00+00:00,00-0030565,Geno Smith,SEA,SF,52.0,ridge_eb,36.78499387494542,15.21500612505458
2024_06_SF_SEA,2024,6,2024-10-11 00:15:00+00:00,00-0037834,Brock Purdy,SF,SEA,28.0,ridge_eb,31.990791170752612,-3.990791170752612
2024_06_JAX_CHI,2024,6,2024-10-13 13:30:00+00:00,00-0039918,Caleb Williams,CHI,JAX,29.0,ridge_eb,34.620610053596,-5.620610053596003
2024_06_JAX_CHI,2024,6,2024-10-13 13:30:00+00:00,00-0036971,Trevor Lawrence,JAX,CHI,35.0,ridge_eb,33.04266500214095,1.95733499785905
2024_06_IND_TEN,2024,6,2024-10-13 17:00:00+00:00,00-0039152,Will Levis,TEN,IND,27.0,ridge_eb,25.59812096660289,1.4018790333971085
2024_06_WAS_BAL,2024,6,2024-10-13 17:00:00+00:00,00-0039910,Jayden Daniels,WAS,BAL,35.0,ridge_eb,29.33754275494422,5.66245724505578
2024_06_WAS_BAL,2024,6,2024-10-13 17:00:00+00:00,00-0034796,Lamar Jackson,BAL,WAS,26.0,ridge_eb,30.277023110912364,-4.2770231109123635
2024_06_TB_NO,2024,6,2024-10-13 17:00:00+00:00,00-0039376,Spencer Rattler,NO,TB,40.0,ridge_eb,28.092515056833623,11.907484943166374
2024_06_IND_TEN,2024,6,2024-10-13 17:00:00+00:00,00-0026158,Joe Flacco,IND,TEN,38.0,ridge_eb,35.091542759599925,2.9084572404000752
2024_06_TB_NO,2024,6,2024-10-13 17:00:00+00:00,00-0034855,Baker Mayfield,TB,NO,36.0,ridge_eb,33.301154981342044,2.6988450186579556
2024_06_HOU_NE,2024,6,2024-10-13 17:00:00+00:00,00-0039163,C.J. Stroud,HOU,NE,31.0,ridge_eb,33.14237432910239,-2.142374329102388
2024_06_CLE_PHI,2024,6,2024-10-13 17:00:00+00:00,00-0036389,Jalen Hurts,PHI,CLE,25.0,ridge_eb,29.529487770035352,-4.529487770035352
2024_06_CLE_PHI,2024,6,2024-10-13 17:00:00+00:00,00-0033537,Deshaun Watson,CLE,PHI,23.0,ridge_eb,31.67972185444345,-8.67972185444345
2024_06_HOU_NE,2024,6,2024-10-13 17:00:00+00:00,00-0039851,Drake Maye,NE,HOU,33.0,ridge_eb,29.335053739010263,3.664946260989737
2024_06_ARI_GB,2024,6,2024-10-13 17:00:00+00:00,00-0036264,Jordan Love,GB,ARI,32.0,ridge_eb,34.72878034782029,-2.7287803478202903
2024_06_ARI_GB,2024,6,2024-10-13 17:00:00+00:00,00-0035228,Kyler Murray,ARI,GB,32.0,ridge_eb,30.264493361712915,1.7355066382870843
2024_06_LAC_DEN,2024,6,2024-10-13 20:05:00+00:00,00-0039732,Bo Nix,DEN,LAC,33.0,ridge_eb,31.076598272813303,1.9234017271866968
2024_06_LAC_DEN,2024,6,2024-10-13 20:05:00+00:00,00-0036355,Justin Herbert,LAC,DEN,34.0,ridge_eb,28.88182538787615,5.118174612123848
2024_06_PIT_LV,2024,6,2024-10-13 20:05:00+00:00,00-0038579,Aidan O'Connell,LV,PIT,40.0,ridge_eb,33.013798054345266,6.986201945654734
2024_06_PIT_LV,2024,6,2024-10-13 20:05:00+00:00,00-0036945,Justin Fields,PIT,LV,24.0,ridge_eb,27.680660177827683,-3.680660177827683
2024_06_DET_DAL,2024,6,2024-10-13 20:25:00+00:00,00-0033077,Dak Prescott,DAL,DET,33.0,ridge_eb,37.25978818499176,-4.259788184991756
2024_06_DET_DAL,2024,6,2024-10-13 20:25:00+00:00,00-0033106,Jared Goff,DET,DAL,25.0,ridge_eb,33.723298145636114,-8.723298145636114
2024_06_ATL_CAR,2024,6,2024-10-13 20:25:00+00:00,00-0029604,Kirk Cousins,ATL,CAR,30.0,ridge_eb,33.13791297270272,-3.137912972702722
2024_06_ATL_CAR,2024,6,2024-10-13 20:25:00+00:00,00-0027973,Andy Dalton,CAR,ATL,38.0,ridge_eb,32.21657429975628,5.783425700243718
2024_06_CIN_NYG,2024,6,2024-10-14 00:20:00+00:00,00-0036442,Joe Burrow,CIN,NYG,28.0,ridge_eb,36.586270934107795,-8.586270934107795
2024_06_CIN_NYG,2024,6,2024-10-14 00:20:00+00:00,00-0035710,Daniel Jones,NYG,CIN,41.0,ridge_eb,31.527681747161797,9.472318252838203
2024_06_BUF_NYJ,2024,6,2024-10-15 00:15:00+00:00,00-0034857,Josh Allen,BUF,NYJ,25.0,ridge_eb,29.032649188460905,-4.032649188460905
2024_06_BUF_NYJ,2024,6,2024-10-15 00:15:00+00:00,00-0023459,Aaron Rodgers,NYJ,BUF,35.0,ridge_eb,32.933836940265635,2.0661630597343645
2024_07_DEN_NO,2024,7,2024-10-18 00:15:00+00:00,00-0039732,Bo Nix,DEN,NO,26.0,ridge_eb,31.886962121654467,-5.8869621216544665
2024_07_DEN_NO,2024,7,2024-10-18 00:15:00+00:00,00-0039376,Spencer Rattler,NO,DEN,35.0,ridge_eb,31.106382680224737,3.893617319775263
2024_07_NE_JAX,2024,7,2024-10-20 13:30:00+00:00,00-0036971,Trevor Lawrence,JAX,NE,20.0,ridge_eb,32.92502898464518,-12.92502898464518
2024_07_NE_JAX,2024,7,2024-10-20 13:30:00+00:00,00-0039851,Drake Maye,NE,JAX,37.0,ridge_eb,31.406073052137128,5.593926947862872
2024_07_PHI_NYG,2024,7,2024-10-20 17:00:00+00:00,00-0035710,Daniel Jones,NYG,PHI,21.0,ridge_eb,31.48175870956324,-10.48175870956324
2024_07_TEN_BUF,2024,7,2024-10-20 17:00:00+00:00,00-0034857,Josh Allen,BUF,TEN,33.0,ridge_eb,28.64609909448547,4.353900905514529
2024_07_SEA_ATL,2024,7,2024-10-20 17:00:00+00:00,00-0030565,Geno Smith,SEA,ATL,28.0,ridge_eb,36.79727602662244,-8.797276026622441
2024_07_TEN_BUF,2024,7,2024-10-20 17:00:00+00:00,00-0034771,Mason Rudolph,TEN,BUF,40.0,ridge_eb,29.805747674826904,10.194252325173096
2024_07_PHI_NYG,2024,7,2024-10-20 17:00:00+00:00,00-0036389,Jalen Hurts,PHI,NYG,14.0,ridge_eb,31.072791800180575,-17.072791800180575
2024_07_MIA_IND,2024,7,2024-10-20 17:00:00+00:00,00-0034177,Tim Boyle,MIA,IND,13.0,ridge_eb,29.329970561466425,-16.329970561466425
2024_07_SEA_ATL,2024,7,2024-10-20 17:00:00+00:00,00-0029604,Kirk Cousins,ATL,SEA,35.0,ridge_eb,35.73016463255325,-0.7301646325532474
2024_07_HOU_GB,2024,7,2024-10-20 17:00:00+00:00,00-0039163,C.J. Stroud,HOU,GB,21.0,ridge_eb,35.03205485264038,-14.032054852640378
2024_07_CIN_CLE,2024,7,2024-10-20 17:00:00+00:00,00-0036442,Joe Burrow,CIN,CLE,25.0,ridge_eb,33.493527425023395,-8.493527425023395
2024_07_CIN_CLE,2024,7,2024-10-20 17:00:00+00:00,00-0033537,Deshaun Watson,CLE,CIN,17.0,ridge_eb,30.243432523937773,-13.243432523937772
2024_07_MIA_IND,2024,7,2024-10-20 17:00:00+00:00,00-0039164,Anthony Richardson,IND,MIA,24.0,ridge_eb,25.40717397013737,-1.4071739701373716
2024_07_DET_MIN,2024,7,2024-10-20 17:00:00+00:00,00-0034869,Sam Darnold,MIN,DET,27.0,ridge_eb,33.22452117599852,-6.224521175998518
2024_07_HOU_GB,2024,7,2024-10-20 17:00:00+00:00,00-0036264,Jordan Love,GB,HOU,33.0,ridge_eb,34.96762953123983,-1.9676295312398295
2024_07_DET_MIN,2024,7,2024-10-20 17:00:00+00:00,00-0033106,Jared Goff,DET,MIN,25.0,ridge_eb,34.24441309291619,-9.24441309291619
2024_07_CAR_WAS,2024,7,2024-10-20 20:05:00+00:00,00-0027973,Andy Dalton,CAR,WAS,16.0,ridge_eb,33.5976368421757,-17.597636842175703
2024_07_CAR_WAS,2024,7,2024-10-20 20:05:00+00:00,00-0039910,Jayden Daniels,WAS,CAR,2.0,ridge_eb,29.401468032090133,-27.401468032090133
2024_07_LV_LA,2024,7,2024-10-20 20:05:00+00:00,00-0026498,Matthew Stafford,LA,LV,23.0,ridge_eb,33.9186449705494,-10.9186449705494
2024_07_LV_LA,2024,7,2024-10-20 20:05:00+00:00,00-0038579,Aidan O'Connell,LV,LA,10.0,ridge_eb,34.768283202897926,-24.768283202897926
2024_07_KC_SF,2024,7,2024-10-20 20:25:00+00:00,00-0033873,Patrick Mahomes,KC,SF,27.0,ridge_eb,33.80073783752265,-6.800737837522647
2024_07_KC_SF,2024,7,2024-10-20 20:25:00+00:00,00-0037834,Brock Purdy,SF,KC,31.0,ridge_eb,32.15934628084026,-1.1593462808402606
2024_07_NYJ_PIT,2024,7,2024-10-21 00:20:00+00:00,00-0029263,Russell Wilson,PIT,NYJ,29.0,ridge_eb,27.354643700733178,1.6453562992668225
2024_07_NYJ_PIT,2024,7,2024-10-21 00:20:00+00:00,00-0023459,Aaron Rodgers,NYJ,PIT,39.0,ridge_eb,32.79606961273267,6.203930387267327
2024_07_BAL_TB,2024,7,2024-10-22 00:15:00+00:00,00-0034855,Baker Mayfield,TB,BAL,45.0,ridge_eb,36.08429898259406,8.915701017405937
2024_07_BAL_TB,2024,7,2024-10-22 00:15:00+00:00,00-0034796,Lamar Jackson,BAL,TB,22.0,ridge_eb,30.21948613151393,-8.219486131513928
2024_07_LAC_ARI,2024,7,2024-10-22 01:00:00+00:00,00-0035228,Kyler Murray,ARI,LAC,26.0,ridge_eb,29.388781059667124,-3.3887810596671244
2024_07_LAC_ARI,2024,7,2024-10-22 01:00:00+00:00,00-0036355,Justin Herbert,LAC,ARI,39.0,ridge_eb,31.245590163481975,7.754409836518025
2024_08_MIN_LA,2024,8,2024-10-25 00:15:00+00:00,00-0026498,Matthew Stafford,LA,MIN,34.0,ridge_eb,34.96079728040975,-0.96079728040975
2024_08_MIN_LA,2024,8,2024-10-25 00:15:00+00:00,00-0034869,Sam Darnold,MIN,LA,25.0,ridge_eb,32.01134045056305,-7.011340450563047
2024_08_TEN_DET,2024,8,2024-10-27 17:00:00+00:00,00-0034771,Mason Rudolph,TEN,DET,38.0,ridge_eb,33.27865636042727,4.72134363957273
2024_08_TEN_DET,2024,8,2024-10-27 17:00:00+00:00,00-0033106,Jared Goff,DET,TEN,15.0,ridge_eb,32.403730670202016,-17.403730670202016
2024_08_PHI_CIN,2024,8,2024-10-27 17:00:00+00:00,00-0036389,Jalen Hurts,PHI,CIN,20.0,ridge_eb,29.76150001414629,-9.761500014146286
2024_08_PHI_CIN,2024,8,2024-10-27 17:00:00+00:00,00-0036442,Joe Burrow,CIN,PHI,37.0,ridge_eb,35.38155503365041,1.6184449663495926
2024_08_NYJ_NE,2024,8,2024-10-27 17:00:00+00:00,00-0023459,Aaron Rodgers,NYJ,NE,28.0,ridge_eb,33.299033625944496,-5.299033625944496
2024_08_NYJ_NE,2024,8,2024-10-27 17:00:00+00:00,00-0039851,Drake Maye,NE,NYJ,6.0,ridge_eb,30.685015246596723,-24.685015246596723
2024_08_IND_HOU,2024,8,2024-10-27 17:00:00+00:00,00-0039163,C.J. Stroud,HOU,IND,37.0,ridge_eb,30.836791430589187,6.163208569410813
2024_08_GB_JAX,2024,8,2024-10-27 17:00:00+00:00,00-0036264,Jordan Love,GB,JAX,22.0,ridge_eb,36.99777584096652,-14.99777584096652
2024_08_BAL_CLE,2024,8,2024-10-27 17:00:00+00:00,00-0031503,Jameis Winston,CLE,BAL,41.0,ridge_eb,33.9994440129088,7.000555987091197
2024_08_BAL_CLE,2024,8,2024-10-27 17:00:00+00:00,00-0034796,Lamar Jackson,BAL,CLE,38.0,ridge_eb,27.18760912374779,10.812390876252206
2024_08_ATL_TB,2024,8,2024-10-27 17:00:00+00:00,00-0034855,Baker Mayfield,TB,ATL,50.0,ridge_eb,34.289944054930004,15.710055945069996
2024_08_ATL_TB,2024,8,2024-10-27 17:00:00+00:00,00-0029604,Kirk Cousins,ATL,TB,29.0,ridge_eb,34.53081847943584,-5.530818479435837
2024_08_ARI_MIA,2024,8,2024-10-27 17:00:00+00:00,00-0035228,Kyler Murray,ARI,MIA,36.0,ridge_eb,28.110936810011378,7.889063189988626
2024_08_GB_JAX,2024,8,2024-10-27 17:00:00+00:00,00-0036971,Trevor Lawrence,JAX,GB,32.0,ridge_eb,32.6466299941437,-0.6466299941437015
2024_08_BUF_SEA,2024,8,2024-10-27 20:05:00+00:00,00-0034857,Josh Allen,BUF,SEA,34.0,ridge_eb,30.24983426694709,3.75016573305291
2024_08_BUF_SEA,2024,8,2024-10-27 20:05:00+00:00,00-0030565,Geno Smith,SEA,BUF,29.0,ridge_eb,35.141348764520224,-6.141348764520224
2024_08_NO_LAC,2024,8,2024-10-27 20:05:00+00:00,00-0036355,Justin Herbert,LAC,NO,32.0,ridge_eb,31.366021881042403,0.6339781189575966
2024_08_NO_LAC,2024,8,2024-10-27 20:05:00+00:00,00-0039376,Spencer Rattler,NO,LAC,24.0,ridge_eb,29.848513590930708,-5.8485135909307076
2024_08_KC_LV,2024,8,2024-10-27 20:25:00+00:00,00-0033873,Patrick Mahomes,KC,LV,38.0,ridge_eb,33.44854387932313,4.551456120676868
2024_08_CHI_WAS,2024,8,2024-10-27 20:25:00+00:00,00-0039918,Caleb Williams,CHI,WAS,24.0,ridge_eb,33.139248192011664,-9.139248192011664
2024_08_CHI_WAS,2024,8,2024-10-27 20:25:00+00:00,00-0039910,Jayden Daniels,WAS,CHI,38.0,ridge_eb,26.836229202946132,11.163770797053868
2024_08_CAR_DEN,2024,8,2024-10-27 20:25:00+00:00,00-0039150,Bryce Young,CAR,DEN,37.0,ridge_eb,28.176918430576904,8.823081569423096
2024_08_CAR_DEN,2024,8,2024-10-27 20:25:00+00:00,00-0039732,Bo Nix,DEN,CAR,37.0,ridge_eb,29.761291716353824,7.238708283646176
2024_08_DAL_SF,2024,8,2024-10-28 00:20:00+00:00,00-0033077,Dak Prescott,DAL,SF,38.0,ridge_eb,34.36055058217954,3.639449417820458
2024_08_DAL_SF,2024,8,2024-10-28 00:20:00+00:00,00-0037834,Brock Purdy,SF,DAL,26.0,ridge_eb,30.882739356430207,-4.882739356430207
2024_08_NYG_PIT,2024,8,2024-10-29 00:15:00+00:00,00-0035710,Daniel Jones,NYG,PIT,38.0,ridge_eb,30.008391469891592,7.991608530108408
2024_08_NYG_PIT,2024,8,2024-10-29 00:15:00+00:00,00-0029263,Russell Wilson,PIT,NYG,28.0,ridge_eb,29.385519669963244,-1.3855196699632444
2024_09_HOU_NYJ,2024,9,2024-11-01 00:15:00+00:00,00-0039163,C.J. Stroud,HOU,NYJ,30.0,ridge_eb,32.63794266297705,-2.6379426629770535
2024_09_HOU_NYJ,2024,9,2024-11-01 00:15:00+00:00,00-0023459,Aaron Rodgers,NYJ,HOU,32.0,ridge_eb,33.30236842333639,-1.3023684233363897
2024_09_MIA_BUF,2024,9,2024-11-03 18:00:00+00:00,00-0036212,Tua Tagovailoa,MIA,BUF,28.0,ridge_eb,31.810121668606406,-3.8101216686064063
2024_09_WAS_NYG,2024,9,2024-11-03 18:00:00+00:00,00-0035710,Daniel Jones,NYG,WAS,26.0,ridge_eb,31.581558161408942,-5.5815581614089425
2024_09_NO_CAR,2024,9,2024-11-03 18:00:00+00:00,00-0031280,Derek Carr,NO,CAR,31.0,ridge_eb,32.25555356712041,-1.2555535671204083
2024_09_NO_CAR,2024,9,2024-11-03 18:00:00+00:00,00-0039150,Bryce Young,CAR,NO,26.0,ridge_eb,29.028236451917508,-3.0282364519175076
2024_09_NE_TEN,2024,9,2024-11-03 18:00:00+00:00,00-0034771,Mason Rudolph,TEN,NE,33.0,ridge_eb,31.526916162386744,1.473083837613256
2024_09_NE_TEN,2024,9,2024-11-03 18:00:00+00:00,00-0039851,Drake Maye,NE,TEN,41.0,ridge_eb,28.82383661614531,12.17616338385469
2024_09_MIA_BUF,2024,9,2024-11-03 18:00:00+00:00,00-0034857,Josh Allen,BUF,MIA,39.0,ridge_eb,30.32679872741151,8.673201272588486
2024_09_LV_CIN,2024,9,2024-11-03 18:00:00+00:00,00-0036442,Joe Burrow,CIN,LV,39.0,ridge_eb,34.64000190201563,4.3599980979843735
2024_09_LV_CIN,2024,9,2024-11-03 18:00:00+00:00,00-0035289,Gardner Minshew,LV,CIN,17.0,ridge_eb,31.109040043535273,-14.109040043535272
2024_09_LAC_CLE,2024,9,2024-11-03 18:00:00+00:00,00-0036355,Justin Herbert,LAC,CLE,27.0,ridge_eb,32.222112013544645,-5.2221120135446455
2024_09_LAC_CLE,2024,9,2024-11-03 18:00:00+00:00,00-0031503,Jameis Winston,CLE,LAC,46.0,ridge_eb,34.81705951478666,11.182940485213337
2024_09_DEN_BAL,2024,9,2024-11-03 18:00:00+00:00,00-0039732,Bo Nix,DEN,BAL,33.0,ridge_eb,33.111176919512864,-0.1111769195128644
2024_09_DEN_BAL,2024,9,2024-11-03 18:00:00+00:00,00-0034796,Lamar Jackson,BAL,DEN,19.0,ridge_eb,29.373574632747,-10.373574632746998
2024_09_DAL_ATL,2024,9,2024-11-03 18:00:00+00:00,00-0033077,Dak Prescott,DAL,ATL,24.0,ridge_eb,36.12326196757705,-12.12326196757705
2024_09_DAL_ATL,2024,9,2024-11-03 18:00:00+00:00,00-0029604,Kirk Cousins,ATL,DAL,24.0,ridge_eb,34.74565638152523,-10.74565638152523
2024_09_CHI_ARI,2024,9,2024-11-03 21:05:00+00:00,00-0035228,Kyler Murray,ARI,CHI,20.0,ridge_eb,29.438103754210267,-9.438103754210267
2024_09_CHI_ARI,2024,9,2024-11-03 21:05:00+00:00,00-0039918,Caleb Williams,CHI,ARI,41.0,ridge_eb,32.29028997713649,8.709710022863511
2024_09_JAX_PHI,2024,9,2024-11-03 21:05:00+00:00,00-0036971,Trevor Lawrence,JAX,PHI,31.0,ridge_eb,31.836176246095665,-0.8361762460956648
2024_09_JAX_PHI,2024,9,2024-11-03 21:05:00+00:00,00-0036389,Jalen Hurts,PHI,JAX,24.0,ridge_eb,28.475580956610887,-4.475580956610887
2024_09_LA_SEA,2024,9,2024-11-03 21:25:00+00:00,00-0030565,Geno Smith,SEA,LA,34.0,ridge_eb,34.199888511747936,-0.1998885117479361
2024_09_LA_SEA,2024,9,2024-11-03 21:25:00+00:00,00-0026498,Matthew Stafford,LA,SEA,44.0,ridge_eb,33.09087807479757,10.909121925202427
2024_09_DET_GB,2024,9,2024-11-03 21:25:00+00:00,00-0033106,Jared Goff,DET,GB,22.0,ridge_eb,31.410777144241212,-9.410777144241212
2024_09_DET_GB,2024,9,2024-11-03 21:25:00+00:00,00-0036264,Jordan Love,GB,DET,39.0,ridge_eb,34.053604059283366,4.946395940716634
2024_09_IND_MIN,2024,9,2024-11-04 01:20:00+00:00,00-0026158,Joe Flacco,IND,MIN,27.0,ridge_eb,36.562179962922585,-9.562179962922585
2024_09_IND_MIN,2024,9,2024-11-04 01:20:00+00:00,00-0034869,Sam Darnold,MIN,IND,34.0,ridge_eb,29.259213129304584,4.740786870695416
2024_09_TB_KC,2024,9,2024-11-05 01:15:00+00:00,00-0033873,Patrick Mahomes,KC,TB,44.0,ridge_eb,34.14842718371285,9.851572816287153
2024_09_TB_KC,2024,9,2024-11-05 01:15:00+00:00,00-0034855,Baker Mayfield,TB,KC,31.0,ridge_eb,35.33076100205398,-4.330761002053983
2024_10_CIN_BAL,2024,10,2024-11-08 01:15:00+00:00,00-0034796,Lamar Jackson,BAL,CIN,33.0,ridge_eb,29.57165918062608,3.428340819373922
2024_10_CIN_BAL,2024,10,2024-11-08 01:15:00+00:00,00-0036442,Joe Burrow,CIN,BAL,56.0,ridge_eb,36.850576120581515,19.149423879418485
2024_10_NYG_CAR,2024,10,2024-11-10 14:30:00+00:00,00-0035710,Daniel Jones,NYG,CAR,37.0,ridge_eb,28.987291153974656,8.012708846025344
2024_10_NE_CHI,2024,10,2024-11-10 18:00:00+00:00,00-0039918,Caleb Williams,CHI,NE,30.0,ridge_eb,30.355414863965652,-0.3554148639656524
2024_10_SF_TB,2024,10,2024-11-10 18:00:00+00:00,00-0034855,Baker Mayfield,TB,SF,29.0,ridge_eb,35.06174519544206,-6.061745195442057
2024_10_SF_TB,2024,10,2024-11-10 18:00:00+00:00,00-0037834,Brock Purdy,SF,TB,36.0,ridge_eb,31.2227532778936,4.777246722106398
2024_10_PIT_WAS,2024,10,2024-11-10 18:00:00+00:00,00-0029263,Russell Wilson,PIT,WAS,28.0,ridge_eb,29.261081742304963,-1.2610817423049632
2024_10_NE_CHI,2024,10,2024-11-10 18:00:00+00:00,00-0039851,Drake Maye,NE,CHI,25.0,ridge_eb,28.611951217669585,-3.611951217669585
2024_10_MIN_JAX,2024,10,2024-11-10 18:00:00+00:00,00-0034869,Sam Darnold,MIN,JAX,38.0,ridge_eb,30.01650372138107,7.983496278618926
2024_10_BUF_IND,2024,10,2024-11-10 18:00:00+00:00,00-0026158,Joe Flacco,IND,BUF,35.0,ridge_eb,35.67725802802487,-0.6772580280248732
2024_10_DEN_KC,2024,10,2024-11-10 18:00:00+00:00,00-0033873,Patrick Mahomes,KC,DEN,42.0,ridge_eb,34.136141932136255,7.863858067863745
2024_10_DEN_KC,2024,10,2024-11-10 18:00:00+00:00,00-0039732,Bo Nix,DEN,KC,30.0,ridge_eb,31.815327775563183,-1.8153277755631831
2024_10_BUF_IND,2024,10,2024-11-10 18:00:00+00:00,00-0034857,Josh Allen,BUF,IND,37.0,ridge_eb,30.95410131635108,6.045898683648918
2024_10_ATL_NO,2024,10,2024-11-10 18:00:00+00:00,00-0031280,Derek Carr,NO,ATL,25.0,ridge_eb,32.34806155741261,-7.348061557412613
2024_10_ATL_NO,2024,10,2024-11-10 18:00:00+00:00,00-0029604,Kirk Cousins,ATL,NO,38.0,ridge_eb,33.35630133926079,4.6436986607392114
2024_10_MIN_JAX,2024,10,2024-11-10 18:00:00+00:00,00-0036972,Mac Jones,JAX,MIN,22.0,ridge_eb,29.31555739052588,-7.315557390525878
2024_10_TEN_LAC,2024,10,2024-11-10 21:05:00+00:00,00-0036355,Justin Herbert,LAC,TEN,18.0,ridge_eb,32.61231220236292,-14.612312202362922
2024_10_NYJ_ARI,2024,10,2024-11-10 21:25:00+00:00,00-0035228,Kyler Murray,ARI,NYJ,24.0,ridge_eb,28.90725860907358,-4.90725860907358
2024_10_NYJ_ARI,2024,10,2024-11-10 21:25:00+00:00,00-0023459,Aaron Rodgers,NYJ,ARI,35.0,ridge_eb,33.808980899528066,1.1910191004719335
2024_10_PHI_DAL,2024,10,2024-11-10 21:25:00+00:00,00-0033662,Cooper Rush,DAL,PHI,23.0,ridge_eb,34.188594007562344,-11.188594007562344
2024_10_PHI_DAL,2024,10,2024-11-10 21:25:00+00:00,00-0036389,Jalen Hurts,PHI,DAL,20.0,ridge_eb,27.18979421501424,-7.189794215014242
2024_10_DET_HOU,2024,10,2024-11-11 01:20:00+00:00,00-0039163,C.J. Stroud,HOU,DET,33.0,ridge_eb,33.05502892499792,-0.0550289249979201
2024_10_DET_HOU,2024,10,2024-11-11 01:20:00+00:00,00-0033106,Jared Goff,DET,HOU,30.0,ridge_eb,31.970788572858037,-1.9707885728580372
2024_10_MIA_LA,2024,10,2024-11-12 01:15:00+00:00,00-0026498,Matthew Stafford,LA,MIA,46.0,ridge_eb,35.18287622363797,10.817123776362031
2024_10_MIA_LA,2024,10,2024-11-12 01:15:00+00:00,00-0036212,Tua Tagovailoa,MIA,LA,28.0,ridge_eb,31.496668952823228,-3.496668952823228
2024_11_WAS_PHI,2024,11,2024-11-15 01:15:00+00:00,00-0036389,Jalen Hurts,PHI,WAS,28.0,ridge_eb,27.734192398801763,0.2658076011982366
2024_11_MIN_TEN,2024,11,2024-11-17 18:00:00+00:00,00-0034869,Sam Darnold,MIN,TEN,32.0,ridge_eb,30.18031281473616,1.8196871852638417
2024_11_LV_MIA,2024,11,2024-11-17 18:00:00+00:00,00-0036212,Tua Tagovailoa,MIA,LV,36.0,ridge_eb,31.43756084294493,4.562439157055074
2024_11_LV_MIA,2024,11,2024-11-17 18:00:00+00:00,00-0035289,Gardner Minshew,LV,MIA,43.0,ridge_eb,29.422599781962667,13.577400218037331
2024_11_LA_NE,2024,11,2024-11-17 18:00:00+00:00,00-0039851,Drake Maye,NE,LA,39.0,ridge_eb,29.592417255677613,9.407582744322388
2024_11_LA_NE,2024,11,2024-11-17 18:00:00+00:00,00-0026498,Matthew Stafford,LA,NE,27.0,ridge_eb,34.20448799741822,-7.204487997418219
2024_11_JAX_DET,2024,11,2024-11-17 18:00:00+00:00,00-0036972,Mac Jones,JAX,DET,29.0,ridge_eb,29.39296552715068,-0.3929655271506789
2024_11_JAX_DET,2024,11,2024-11-17 18:00:00+00:00,00-0033106,Jared Goff,DET,JAX,29.0,ridge_eb,30.93442422433591,-1.9344242243359095
2024_11_IND_NYJ,2024,11,2024-11-17 18:00:00+00:00,00-0023459,Aaron Rodgers,NYJ,IND,29.0,ridge_eb,31.4354413348704,-2.4354413348704007
2024_11_GB_CHI,2024,11,2024-11-17 18:00:00+00:00,00-0036264,Jordan Love,GB,CHI,17.0,ridge_eb,31.406449620345107,-14.406449620345107
2024_11_GB_CHI,2024,11,2024-11-17 18:00:00+00:00,00-0039918,Caleb Williams,CHI,GB,31.0,ridge_eb,30.69101206450777,0.3089879354922296
2024_11_CLE_NO,2024,11,2024-11-17 18:00:00+00:00,00-0031280,Derek Carr,NO,CLE,27.0,ridge_eb,32.29119599489086,-5.291195994890863
2024_11_CLE_NO,2024,11,2024-11-17 18:00:00+00:00,00-0031503,Jameis Winston,CLE,NO,46.0,ridge_eb,34.70532648923299,11.294673510767012
2024_11_BAL_PIT,2024,11,2024-11-17 18:00:00+00:00,00-0029263,Russell Wilson,PIT,BAL,36.0,ridge_eb,31.8295074932465,4.170492506753501
2024_11_BAL_PIT,2024,11,2024-11-17 18:00:00+00:00,00-0034796,Lamar Jackson,BAL,PIT,33.0,ridge_eb,27.83258762327107,5.167412376728926
2024_11_ATL_DEN,2024,11,2024-11-17 21:05:00+00:00,00-0029604,Kirk Cousins,ATL,DEN,27.0,ridge_eb,33.616530531806234,-6.616530531806234
2024_11_ATL_DEN,2024,11,2024-11-17 21:05:00+00:00,00-0039732,Bo Nix,DEN,ATL,33.0,ridge_eb,31.78224477688156,1.217755223118438
2024_11_SEA_SF,2024,11,2024-11-17 21:05:00+00:00,00-0030565,Geno Smith,SEA,SF,32.0,ridge_eb,33.7432510802168,-1.743251080216801
2024_11_SEA_SF,2024,11,2024-11-17 21:05:00+00:00,00-0037834,Brock Purdy,SF,SEA,28.0,ridge_eb,30.89421332009354,-2.8942133200935416
2024_11_KC_BUF,2024,11,2024-11-17 21:25:00+00:00,00-0033873,Patrick Mahomes,KC,BUF,33.0,ridge_eb,35.76715561201705,-2.7671556120170493
2024_11_KC_BUF,2024,11,2024-11-17 21:25:00+00:00,00-0034857,Josh Allen,BUF,KC,40.0,ridge_eb,32.92454461581812,7.075455384181879
2024_11_CIN_LAC,2024,11,2024-11-18 01:20:00+00:00,00-0036442,Joe Burrow,CIN,LAC,50.0,ridge_eb,37.48441363011482,12.515586369885176
2024_11_CIN_LAC,2024,11,2024-11-18 01:20:00+00:00,00-0036355,Justin Herbert,LAC,CIN,36.0,ridge_eb,31.584617451996404,4.4153825480035955
2024_11_HOU_DAL,2024,11,2024-11-19 01:15:00+00:00,00-0033662,Cooper Rush,DAL,HOU,55.0,ridge_eb,30.569078996697108,24.430921003302892
2024_11_HOU_DAL,2024,11,2024-11-19 01:15:00+00:00,00-0039163,C.J. Stroud,HOU,DAL,34.0,ridge_eb,31.38949115356573,2.6105088464342714
2024_12_PIT_CLE,2024,12,2024-11-22 01:15:00+00:00,00-0031503,Jameis Winston,CLE,PIT,27.0,ridge_eb,32.73576174005075,-5.735761740050748
2024_12_PIT_CLE,2024,12,2024-11-22 01:15:00+00:00,00-0029263,Russell Wilson,PIT,CLE,28.0,ridge_eb,30.356067036955732,-2.356067036955732
2024_12_TEN_HOU,2024,12,2024-11-24 18:00:00+00:00,00-0039163,C.J. Stroud,HOU,TEN,33.0,ridge_eb,32.40110382887161,0.5988961711283878
2024_12_TB_NYG,2024,12,2024-11-24 18:00:00+00:00,00-0034855,Baker Mayfield,TB,NYG,30.0,ridge_eb,32.711230810090626,-2.711230810090626
2024_12_TB_NYG,2024,12,2024-11-24 18:00:00+00:00,00-0038476,Tommy DeVito,NYG,TB,31.0,ridge_eb,22.9519011338745,8.0480988661255
2024_12_NE_MIA,2024,12,2024-11-24 18:00:00+00:00,00-0036212,Tua Tagovailoa,MIA,NE,40.0,ridge_eb,31.04693612997225,8.953063870027751
2024_12_NE_MIA,2024,12,2024-11-24 18:00:00+00:00,00-0039851,Drake Maye,NE,MIA,37.0,ridge_eb,31.289404317939827,5.710595682060173
2024_12_MIN_CHI,2024,12,2024-11-24 18:00:00+00:00,00-0039918,Caleb Williams,CHI,MIN,47.0,ridge_eb,30.40874014329361,16.59125985670639
2024_12_KC_CAR,2024,12,2024-11-24 18:00:00+00:00,00-0033873,Patrick Mahomes,KC,CAR,37.0,ridge_eb,33.14003503910947,3.8599649608905295
2024_12_DET_IND,2024,12,2024-11-24 18:00:00+00:00,00-0033106,Jared Goff,DET,IND,36.0,ridge_eb,30.83582268785804,5.164177312141959
2024_12_DAL_WAS,2024,12,2024-11-24 18:00:00+00:00,00-0033662,Cooper Rush,DAL,WAS,32.0,ridge_eb,32.0220318804488,-0.0220318804488002
2024_12_MIN_CHI,2024,12,2024-11-24 18:00:00+00:00,00-0034869,Sam Darnold,MIN,CHI,34.0,ridge_eb,29.87581848636631,4.12418151363369
2024_12_DEN_LV,2024,12,2024-11-24 21:05:00+00:00,00-0039732,Bo Nix,DEN,LV,42.0,ridge_eb,32.96197338377371,9.03802661622629
2024_12_DEN_LV,2024,12,2024-11-24 21:05:00+00:00,00-0035289,Gardner Minshew,LV,DEN,42.0,ridge_eb,31.246732752686547,10.753267247313453
2024_12_ARI_SEA,2024,12,2024-11-24 21:25:00+00:00,00-0035228,Kyler Murray,ARI,SEA,37.0,ridge_eb,27.508903114964976,9.491096885035024
2024_12_ARI_SEA,2024,12,2024-11-24 21:25:00+00:00,00-0030565,Geno Smith,SEA,ARI,31.0,ridge_eb,34.71717487755954,-3.7171748775595432
2024_12_SF_GB,2024,12,2024-11-24 21:25:00+00:00,00-0036264,Jordan Love,GB,SF,23.0,ridge_eb,31.56706992800356,-8.567069928003562
2024_12_SF_GB,2024,12,2024-11-24 21:25:00+00:00,00-0032434,Brandon Allen,SF,GB,29.0,ridge_eb,29.69701922578092,-0.6970192257809202
2024_12_PHI_LA,2024,12,2024-11-25 01:20:00+00:00,00-0026498,Matthew Stafford,LA,PHI,36.0,ridge_eb,35.07488324987088,0.9251167501291206
2024_12_PHI_LA,2024,12,2024-11-25 01:20:00+00:00,00-0036389,Jalen Hurts,PHI,LA,22.0,ridge_eb,28.484679344779067,-6.484679344779067
2024_12_BAL_LAC,2024,12,2024-11-26 01:15:00+00:00,00-0036355,Justin Herbert,LAC,BAL,36.0,ridge_eb,33.242163234260765,2.757836765739235
2024_12_BAL_LAC,2024,12,2024-11-26 01:15:00+00:00,00-0034796,Lamar Jackson,BAL,LAC,22.0,ridge_eb,30.951413293717504,-8.951413293717504
2024_13_CHI_DET,2024,13,2024-11-28 17:30:00+00:00,00-0039918,Caleb Williams,CHI,DET,39.0,ridge_eb,33.423021699813624,5.576978300186376
2024_13_CHI_DET,2024,13,2024-11-28 17:30:00+00:00,00-0033106,Jared Goff,DET,CHI,34.0,ridge_eb,31.484318506370222,2.5156814936297778
2024_13_NYG_DAL,2024,13,2024-11-28 21:30:00+00:00,00-0033662,Cooper Rush,DAL,NYG,36.0,ridge_eb,34.34432772629516,1.6556722737048375
2024_13_NYG_DAL,2024,13,2024-11-28 21:30:00+00:00,00-0035704,Drew Lock,NYG,DAL,32.0,ridge_eb,31.23077824947176,0.7692217505282386
2024_13_MIA_GB,2024,13,2024-11-29 01:20:00+00:00,00-0036264,Jordan Love,GB,MIA,28.0,ridge_eb,32.27524012447681,-4.2752401244768095
2024_13_MIA_GB,2024,13,2024-11-29 01:20:00+00:00,00-0036212,Tua Tagovailoa,MIA,GB,46.0,ridge_eb,33.541591947614094,12.458408052385906
2024_13_LV_KC,2024,13,2024-11-29 20:00:00+00:00,00-0033873,Patrick Mahomes,KC,LV,46.0,ridge_eb,35.317075760476484,10.682924239523516
2024_13_SEA_NYJ,2024,13,2024-12-01 18:00:00+00:00,00-0030565,Geno Smith,SEA,NYJ,31.0,ridge_eb,33.723658208835886,-2.723658208835886
2024_13_SEA_NYJ,2024,13,2024-12-01 18:00:00+00:00,00-0023459,Aaron Rodgers,NYJ,SEA,39.0,ridge_eb,31.169224908118643,7.830775091881357
2024_13_PIT_CIN,2024,13,2024-12-01 18:00:00+00:00,00-0029263,Russell Wilson,PIT,CIN,38.0,ridge_eb,30.346429796015325,7.653570203984675
2024_13_PIT_CIN,2024,13,2024-12-01 18:00:00+00:00,00-0036442,Joe Burrow,CIN,PIT,38.0,ridge_eb,35.51213274193367,2.4878672580663306
2024_13_LAC_ATL,2024,13,2024-12-01 18:00:00+00:00,00-0036355,Justin Herbert,LAC,ATL,23.0,ridge_eb,31.747824345347283,-8.747824345347283
2024_13_ARI_MIN,2024,13,2024-12-01 18:00:00+00:00,00-0035228,Kyler Murray,ARI,MIN,45.0,ridge_eb,30.101333962338536,14.898666037661464
2024_13_IND_NE,2024,13,2024-12-01 18:00:00+00:00,00-0039851,Drake Maye,NE,IND,30.0,ridge_eb,30.656670373722953,-0.6566703737229531
2024_13_ARI_MIN,2024,13,2024-12-01 18:00:00+00:00,00-0034869,Sam Darnold,MIN,ARI,31.0,ridge_eb,33.866388233402,-2.8663882334019988
2024_13_LAC_ATL,2024,13,2024-12-01 18:00:00+00:00,00-0029604,Kirk Cousins,ATL,LAC,39.0,ridge_eb,32.015340868249424,6.9846591317505755
2024_13_HOU_JAX,2024,13,2024-12-01 18:00:00+00:00,00-0036971,Trevor Lawrence,JAX,HOU,10.0,ridge_eb,28.460083592078583,-18.460083592078583
2024_13_HOU_JAX,2024,13,2024-12-01 18:00:00+00:00,00-0039163,C.J. Stroud,HOU,JAX,34.0,ridge_eb,32.50807538898301,1.4919246110169908
2024_13_LA_NO,2024,13,2024-12-01 21:05:00+00:00,00-0026498,Matthew Stafford,LA,NO,24.0,ridge_eb,34.58375577720133,-10.583755777201333
2024_13_LA_NO,2024,13,2024-12-01 21:05:00+00:00,00-0031280,Derek Carr,NO,LA,37.0,ridge_eb,31.03720397067966,5.962796029320341
2024_13_TB_CAR,2024,13,2024-12-01 21:05:00+00:00,00-0034855,Baker Mayfield,TB,CAR,33.0,ridge_eb,32.61841460529937,0.3815853947006289
2024_13_PHI_BAL,2024,13,2024-12-01 21:25:00+00:00,00-0036389,Jalen Hurts,PHI,BAL,19.0,ridge_eb,28.975709142968935,-9.975709142968936
2024_13_PHI_BAL,2024,13,2024-12-01 21:25:00+00:00,00-0034796,Lamar Jackson,BAL,PHI,36.0,ridge_eb,29.7306363647818,6.269363635218202
2024_13_SF_BUF,2024,13,2024-12-02 01:20:00+00:00,00-0034857,Josh Allen,BUF,SF,17.0,ridge_eb,31.02271578459274,-14.02271578459274
2024_13_SF_BUF,2024,13,2024-12-02 01:20:00+00:00,00-0037834,Brock Purdy,SF,BUF,18.0,ridge_eb,30.129595550026565,-12.129595550026565
2024_13_CLE_DEN,2024,13,2024-12-03 01:15:00+00:00,00-0031503,Jameis Winston,CLE,DEN,58.0,ridge_eb,34.28809946968325,23.711900530316747
2024_13_CLE_DEN,2024,13,2024-12-03 01:15:00+00:00,00-0039732,Bo Nix,DEN,CLE,35.0,ridge_eb,32.82626906800472,2.17373093199528
2024_14_GB_DET,2024,14,2024-12-06 01:15:00+00:00,00-0033106,Jared Goff,DET,GB,41.0,ridge_eb,33.33542421148627,7.66457578851373
2024_14_GB_DET,2024,14,2024-12-06 01:15:00+00:00,00-0036264,Jordan Love,GB,DET,20.0,ridge_eb,33.18372343488923,-13.183723434889233
2024_14_LV_TB,2024,14,2024-12-08 18:00:00+00:00,00-0034855,Baker Mayfield,TB,LV,29.0,ridge_eb,35.08510043093798,-6.0851004309379775
2024_14_NYJ_MIA,2024,14,2024-12-08 18:00:00+00:00,00-0023459,Aaron Rodgers,NYJ,MIA,39.0,ridge_eb,32.23042860742027,6.769571392579728
2024_14_NYJ_MIA,2024,14,2024-12-08 18:00:00+00:00,00-0036212,Tua Tagovailoa,MIA,NYJ,47.0,ridge_eb,33.81756381185292,13.18243618814708
2024_14_NO_NYG,2024,14,2024-12-08 18:00:00+00:00,00-0031280,Derek Carr,NO,NYG,31.0,ridge_eb,31.163237504986856,-0.1632375049868564
2024_14_JAX_TEN,2024,14,2024-12-08 18:00:00+00:00,00-0036972,Mac Jones,JAX,TEN,31.0,ridge_eb,28.093457403991938,2.9065425960080624
2024_14_CLE_PIT,2024,14,2024-12-08 18:00:00+00:00,00-0031503,Jameis Winston,CLE,PIT,41.0,ridge_eb,35.5195990559841,5.480400944015898
2024_14_CAR_PHI,2024,14,2024-12-08 18:00:00+00:00,00-0036389,Jalen Hurts,PHI,CAR,21.0,ridge_eb,25.330221373636476,-4.330221373636476
2024_14_ATL_MIN,2024,14,2024-12-08 18:00:00+00:00,00-0034869,Sam Darnold,MIN,ATL,28.0,ridge_eb,33.23975649908596,-5.2397564990859635
2024_14_ATL_MIN,2024,14,2024-12-08 18:00:00+00:00,00-0029604,Kirk Cousins,ATL,MIN,37.0,ridge_eb,33.49799561703304,3.502004382966959
2024_14_CLE_PIT,2024,14,2024-12-08 18:00:00+00:00,00-0029263,Russell Wilson,PIT,CLE,26.0,ridge_eb,31.232196283722907,-5.232196283722907
2024_14_SEA_ARI,2024,14,2024-12-08 21:05:00+00:00,00-0035228,Kyler Murray,ARI,SEA,38.0,ridge_eb,32.154644691367764,5.845355308632236
2024_14_SEA_ARI,2024,14,2024-12-08 21:05:00+00:00,00-0030565,Geno Smith,SEA,ARI,30.0,ridge_eb,35.838382906388716,-5.838382906388716
2024_14_BUF_LA,2024,14,2024-12-08 21:25:00+00:00,00-0034857,Josh Allen,BUF,LA,37.0,ridge_eb,30.898908752623225,6.101091247376775
2024_14_BUF_LA,2024,14,2024-12-08 21:25:00+00:00,00-0026498,Matthew Stafford,LA,BUF,30.0,ridge_eb,33.83755674457085,-3.837556744570847
2024_14_CHI_SF,2024,14,2024-12-08 21:25:00+00:00,00-0039918,Caleb Williams,CHI,SF,23.0,ridge_eb,32.3224533260864,-9.322453326086404
2024_14_CHI_SF,2024,14,2024-12-08 21:25:00+00:00,00-0037834,Brock Purdy,SF,CHI,25.0,ridge_eb,27.927836069262963,-2.9278360692629626
2024_14_LAC_KC,2024,14,2024-12-09 01:20:00+00:00,00-0036355,Justin Herbert,LAC,KC,30.0,ridge_eb,29.999161547845254,0.0008384521547455
2024_14_LAC_KC,2024,14,2024-12-09 01:20:00+00:00,00-0033873,Patrick Mahomes,KC,LAC,37.0,ridge_eb,35.10339655047893,1.8966034495210735
2024_14_CIN_DAL,2024,14,2024-12-10 01:15:00+00:00,00-0036442,Joe Burrow,CIN,DAL,44.0,ridge_eb,38.63817993868439,5.361820061315612
2024_14_CIN_DAL,2024,14,2024-12-10 01:15:00+00:00,00-0033662,Cooper Rush,DAL,CIN,31.0,ridge_eb,35.544435478774716,-4.544435478774716
2024_15_LA_SF,2024,15,2024-12-13 01:15:00+00:00,00-0026498,Matthew Stafford,LA,SF,27.0,ridge_eb,32.691495193319966,-5.691495193319966
2024_15_LA_SF,2024,15,2024-12-13 01:15:00+00:00,00-0037834,Brock Purdy,SF,LA,31.0,ridge_eb,28.140023640776988,2.859976359223012
2024_15_WAS_NO,2024,15,2024-12-15 18:00:00+00:00,00-0038998,Jake Haener,NO,WAS,10.0,ridge_eb,27.88262620344571,-17.88262620344571
2024_15_NYJ_JAX,2024,15,2024-12-15 18:00:00+00:00,00-0023459,Aaron Rodgers,NYJ,JAX,30.0,ridge_eb,32.75674834973532,-2.756748349735318
2024_15_NYJ_JAX,2024,15,2024-12-15 18:00:00+00:00,00-0036972,Mac Jones,JAX,NYJ,46.0,ridge_eb,28.934796334041856,17.065203665958144
2024_15_MIA_HOU,2024,15,2024-12-15 18:00:00+00:00,00-0036212,Tua Tagovailoa,MIA,HOU,40.0,ridge_eb,34.80301995121983,5.196980048780169
2024_15_WAS_NO,2024,15,2024-12-15 18:00:00+00:00,00-0039910,Jayden Daniels,WAS,NO,31.0,ridge_eb,26.96286163975107,4.037138360248932
2024_15_KC_CLE,2024,15,2024-12-15 18:00:00+00:00,00-0033873,Patrick Mahomes,KC,CLE,38.0,ridge_eb,35.03713568800715,2.9628643119928526
2024_15_MIA_HOU,2024,15,2024-12-15 18:00:00+00:00,00-0039163,C.J. Stroud,HOU,MIA,26.0,ridge_eb,34.05176327109104,-8.05176327109104
2024_15_DAL_CAR,2024,15,2024-12-15 18:00:00+00:00,00-0033662,Cooper Rush,DAL,CAR,29.0,ridge_eb,32.38652919284138,-3.3865291928413797
2024_15_DAL_CAR,2024,15,2024-12-15 18:00:00+00:00,00-0039150,Bryce Young,CAR,DAL,28.0,ridge_eb,29.196295585481273,-1.1962955854812731
2024_15_CIN_TEN,2024,15,2024-12-15 18:00:00+00:00,00-0039152,Will Levis,TEN,CIN,12.0,ridge_eb,27.898482453961517,-15.898482453961517
2024_15_CIN_TEN,2024,15,2024-12-15 18:00:00+00:00,00-0036442,Joe Burrow,CIN,TEN,37.0,ridge_eb,38.40653049943374,-1.4065304994337424
2024_15_BAL_NYG,2024,15,2024-12-15 18:00:00+00:00,00-0038476,Tommy DeVito,NYG,BAL,13.0,ridge_eb,24.386089869940708,-11.386089869940708
2024_15_BAL_NYG,2024,15,2024-12-15 18:00:00+00:00,00-0034796,Lamar Jackson,BAL,NYG,25.0,ridge_eb,28.04821853340798,-3.048218533407979
2024_15_KC_CLE,2024,15,2024-12-15 18:00:00+00:00,00-0031503,Jameis Winston,CLE,KC,25.0,ridge_eb,35.81761235747142,-10.817612357471418
2024_15_TB_LAC,2024,15,2024-12-15 21:25:00+00:00,00-0034855,Baker Mayfield,TB,LAC,27.0,ridge_eb,33.25507896497366,-6.255078964973663
2024_15_TB_LAC,2024,15,2024-12-15 21:25:00+00:00,00-0036355,Justin Herbert,LAC,TB,33.0,ridge_eb,30.996741802463905,2.003258197536095
2024_15_PIT_PHI,2024,15,2024-12-15 21:25:00+00:00,00-0029263,Russell Wilson,PIT,PHI,22.0,ridge_eb,31.770125335572796,-9.770125335572796
2024_15_PIT_PHI,2024,15,2024-12-15 21:25:00+00:00,00-0036389,Jalen Hurts,PHI,PIT,32.0,ridge_eb,25.36914431853588,6.630855681464119
2024_15_NE_ARI,2024,15,2024-12-15 21:25:00+00:00,00-0039851,Drake Maye,NE,ARI,23.0,ridge_eb,32.56877829524942,-9.568778295249423
2024_15_IND_DEN,2024,15,2024-12-15 21:25:00+00:00,00-0039164,Anthony Richardson,IND,DEN,38.0,ridge_eb,23.76515790050269,14.234842099497314
2024_15_IND_DEN,2024,15,2024-12-15 21:25:00+00:00,00-0039732,Bo Nix,DEN,IND,33.0,ridge_eb,33.38974200315565,-0.3897420031556535
2024_15_BUF_DET,2024,15,2024-12-15 21:25:00+00:00,00-0033106,Jared Goff,DET,BUF,59.0,ridge_eb,33.52244751552643,25.47755248447357
2024_15_BUF_DET,2024,15,2024-12-15 21:25:00+00:00,00-0034857,Josh Allen,BUF,DET,34.0,ridge_eb,33.596166938940094,0.4038330610599061
2024_15_NE_ARI,2024,15,2024-12-15 21:25:00+00:00,00-0035228,Kyler Murray,ARI,NE,30.0,ridge_eb,32.39754772451193,-2.3975477245119308
2024_15_GB_SEA,2024,15,2024-12-16 01:20:00+00:00,00-0036264,Jordan Love,GB,SEA,27.0,ridge_eb,30.920887747852504,-3.920887747852504
2024_15_GB_SEA,2024,15,2024-12-16 01:20:00+00:00,00-0030565,Geno Smith,SEA,GB,19.0,ridge_eb,34.878958609157074,-15.878958609157074
2024_15_CHI_MIN,2024,15,2024-12-17 01:00:00+00:00,00-0034869,Sam Darnold,MIN,CHI,40.0,ridge_eb,31.48011769215437,8.51988230784563
2024_15_CHI_MIN,2024,15,2024-12-17 01:00:00+00:00,00-0039918,Caleb Williams,CHI,MIN,31.0,ridge_eb,31.54283306151492,-0.5428330615149193
2024_15_ATL_LV,2024,15,2024-12-17 01:30:00+00:00,00-0029604,Kirk Cousins,ATL,LV,17.0,ridge_eb,34.75929668413701,-17.759296684137013
2024_16_DEN_LAC,2024,16,2024-12-20 01:15:00+00:00,00-0036355,Justin Herbert,LAC,DEN,31.0,ridge_eb,29.966484033218578,1.033515966781426
2024_16_DEN_LAC,2024,16,2024-12-20 01:15:00+00:00,00-0039732,Bo Nix,DEN,LAC,40.0,ridge_eb,34.24196585131748,5.758034148682519
2024_16_HOU_KC,2024,16,2024-12-21 18:00:00+00:00,00-0039163,C.J. Stroud,HOU,KC,39.0,ridge_eb,32.84605207693362,6.153947923066383
2024_16_HOU_KC,2024,16,2024-12-21 18:00:00+00:00,00-0033873,Patrick Mahomes,KC,HOU,41.0,ridge_eb,36.49251754465612,4.507482455343883
2024_16_PIT_BAL,2024,16,2024-12-21 21:30:00+00:00,00-0034796,Lamar Jackson,BAL,PIT,23.0,ridge_eb,28.701122631663097,-5.701122631663097
2024_16_PIT_BAL,2024,16,2024-12-21 21:30:00+00:00,00-0029263,Russell Wilson,PIT,BAL,33.0,ridge_eb,31.22726297594877,1.7727370240512317
2024_16_NYG_ATL,2024,16,2024-12-22 18:00:00+00:00,00-0039917,Michael Penix Jr.,ATL,NYG,27.0,ridge_eb,28.25133128311676,-1.251331283116759
2024_16_TEN_IND,2024,16,2024-12-22 18:00:00+00:00,00-0034771,Mason Rudolph,TEN,IND,34.0,ridge_eb,31.484843085131793,2.515156914868207
2024_16_PHI_WAS,2024,16,2024-12-22 18:00:00+00:00,00-0039910,Jayden Daniels,WAS,PHI,39.0,ridge_eb,28.51453144827486,10.48546855172514
2024_16_PHI_WAS,2024,16,2024-12-22 18:00:00+00:00,00-0036389,Jalen Hurts,PHI,WAS,4.0,ridge_eb,26.078005801052612,-22.078005801052612
2024_16_LA_NYJ,2024,16,2024-12-22 18:00:00+00:00,00-0023459,Aaron Rodgers,NYJ,LA,42.0,ridge_eb,32.44577406787957,9.554225932120431
2024_16_DET_CHI,2024,16,2024-12-22 18:00:00+00:00,00-0033106,Jared Goff,DET,CHI,32.0,ridge_eb,33.21174436974539,-1.2117443697453891
2024_16_DET_CHI,2024,16,2024-12-22 18:00:00+00:00,00-0039918,Caleb Williams,CHI,DET,40.0,ridge_eb,32.01122588675753,7.988774113242471
2024_16_CLE_CIN,2024,16,2024-12-22 18:00:00+00:00,00-0036442,Joe Burrow,CIN,CLE,30.0,ridge_eb,35.90325269094272,-5.903252690942722
2024_16_ARI_CAR,2024,16,2024-12-22 18:00:00+00:00,00-0039150,Bryce Young,CAR,ARI,26.0,ridge_eb,30.961093751829896,-4.961093751829896
2024_16_ARI_CAR,2024,16,2024-12-22 18:00:00+00:00,00-0035228,Kyler Murray,ARI,CAR,32.0,ridge_eb,31.326986595657974,0.6730134043420257
2024_16_LA_NYJ,2024,16,2024-12-22 18:00:00+00:00,00-0026498,Matthew Stafford,LA,NYJ,19.0,ridge_eb,33.19378170162472,-14.193781701624722
2024_16_MIN_SEA,2024,16,2024-12-22 21:05:00+00:00,00-0034869,Sam Darnold,MIN,SEA,35.0,ridge_eb,33.03928130088408,1.9607186991159224
2024_16_MIN_SEA,2024,16,2024-12-22 21:05:00+00:00,00-0030565,Geno Smith,SEA,MIN,43.0,ridge_eb,32.42649443440261,10.573505565597388
2024_16_NE_BUF,2024,16,2024-12-22 21:25:00+00:00,00-0039851,Drake Maye,NE,BUF,36.0,ridge_eb,29.321699074761923,6.6783009252380765
2024_16_NE_BUF,2024,16,2024-12-22 21:25:00+00:00,00-0034857,Josh Allen,BUF,NE,29.0,ridge_eb,31.615650020352255,-2.6156500203522555
2024_16_SF_MIA,2024,16,2024-12-22 21:25:00+00:00,00-0037834,Brock Purdy,SF,MIA,40.0,ridge_eb,29.65232473016149,10.347675269838511
2024_16_JAX_LV,2024,16,2024-12-22 21:25:00+00:00,00-0036972,Mac Jones,JAX,LV,39.0,ridge_eb,31.10458209942178,7.89541790057822
2024_16_JAX_LV,2024,16,2024-12-22 21:25:00+00:00,00-0038579,Aidan O'Connell,LV,JAX,38.0,ridge_eb,34.28068919698625,3.719310803013748
2024_16_SF_MIA,2024,16,2024-12-22 21:25:00+00:00,00-0036212,Tua Tagovailoa,MIA,SF,34.0,ridge_eb,34.099557325732036,-0.0995573257320359
2024_16_TB_DAL,2024,16,2024-12-23 01:20:00+00:00,00-0034855,Baker Mayfield,TB,DAL,43.0,ridge_eb,34.02960561492718,8.970394385072822
2024_16_TB_DAL,2024,16,2024-12-23 01:20:00+00:00,00-0033662,Cooper Rush,DAL,TB,35.0,ridge_eb,34.678160849399355,0.3218391506006455
2024_16_NO_GB,2024,16,2024-12-24 01:15:00+00:00,00-0036264,Jordan Love,GB,NO,28.0,ridge_eb,30.509204223629105,-2.509204223629105
2024_17_KC_PIT,2024,17,2024-12-25 18:00:00+00:00,00-0033873,Patrick Mahomes,KC,PIT,38.0,ridge_eb,36.815377111910514,1.1846228880894856
2024_17_KC_PIT,2024,17,2024-12-25 18:00:00+00:00,00-0029263,Russell Wilson,PIT,KC,37.0,ridge_eb,31.776315949756608,5.223684050243392
2024_17_BAL_HOU,2024,17,2024-12-25 21:30:00+00:00,00-0034796,Lamar Jackson,BAL,HOU,15.0,ridge_eb,30.36632117308404,-15.36632117308404
2024_17_BAL_HOU,2024,17,2024-12-25 21:30:00+00:00,00-0039163,C.J. Stroud,HOU,BAL,31.0,ridge_eb,33.89076604489211,-2.89076604489211
2024_17_SEA_CHI,2024,17,2024-12-27 01:15:00+00:00,00-0039918,Caleb Williams,CHI,SEA,28.0,ridge_eb,32.72088906681881,-4.720889066818813
2024_17_SEA_CHI,2024,17,2024-12-27 01:15:00+00:00,00-0030565,Geno Smith,SEA,CHI,23.0,ridge_eb,34.50703426394478,-11.507034263944782
2024_17_LAC_NE,2024,17,2024-12-28 18:00:00+00:00,00-0036355,Justin Herbert,LAC,NE,38.0,ridge_eb,29.70245946595381,8.297540534046188
2024_17_LAC_NE,2024,17,2024-12-28 18:00:00+00:00,00-0039851,Drake Maye,NE,LAC,22.0,ridge_eb,30.019775615365283,-8.019775615365283
2024_17_DEN_CIN,2024,17,2024-12-28 21:30:00+00:00,00-0036442,Joe Burrow,CIN,DEN,49.0,ridge_eb,38.03601573316181,10.963984266838196
2024_17_DEN_CIN,2024,17,2024-12-28 21:30:00+00:00,00-0039732,Bo Nix,DEN,CIN,31.0,ridge_eb,35.902959294540786,-4.902959294540786
2024_17_ARI_LA,2024,17,2024-12-29 01:15:00+00:00,00-0026498,Matthew Stafford,LA,ARI,32.0,ridge_eb,32.65808030536225,-0.6580803053622475
2024_17_ARI_LA,2024,17,2024-12-29 01:15:00+00:00,00-0035228,Kyler Murray,ARI,LA,48.0,ridge_eb,31.012554570402074,16.987445429597926
2024_17_CAR_TB,2024,17,2024-12-29 18:00:00+00:00,00-0039150,Bryce Young,CAR,TB,28.0,ridge_eb,30.010897886184964,-2.0108978861849636
2024_17_CAR_TB,2024,17,2024-12-29 18:00:00+00:00,00-0034855,Baker Mayfield,TB,CAR,32.0,ridge_eb,32.08455728557492,-0.0845572855749168
2024_17_DAL_PHI,2024,17,2024-12-29 18:00:00+00:00,00-0033662,Cooper Rush,DAL,PHI,28.0,ridge_eb,30.90593134869049,-2.9059313486904905
2024_17_IND_NYG,2024,17,2024-12-29 18:00:00+00:00,00-0026158,Joe Flacco,IND,NYG,38.0,ridge_eb,34.276800867889065,3.723199132110935
2024_17_LV_NO,2024,17,2024-12-29 18:00:00+00:00,00-0038579,Aidan O'Connell,LV,NO,35.0,ridge_eb,33.83056780148834,1.1694321985116574
2024_17_NYJ_BUF,2024,17,2024-12-29 18:00:00+00:00,00-0034857,Josh Allen,BUF,NYJ,27.0,ridge_eb,30.86096144585943,-3.8609614458594343
2024_17_NYJ_BUF,2024,17,2024-12-29 18:00:00+00:00,00-0023459,Aaron Rodgers,NYJ,BUF,18.0,ridge_eb,31.670425425886464,-13.670425425886464
2024_17_TEN_JAX,2024,17,2024-12-29 18:00:00+00:00,00-0036972,Mac Jones,JAX,TEN,22.0,ridge_eb,29.95327738913287,-7.953277389132872
2024_17_TEN_JAX,2024,17,2024-12-29 18:00:00+00:00,00-0034771,Mason Rudolph,TEN,JAX,31.0,ridge_eb,31.062085492416493,-0.062085492416493
2024_17_MIA_CLE,2024,17,2024-12-29 21:05:00+00:00,00-0035993,Tyler Huntley,MIA,CLE,26.0,ridge_eb,26.12402179845169,-0.124021798451686
2024_17_GB_MIN,2024,17,2024-12-29 21:25:00+00:00,00-0036264,Jordan Love,GB,MIN,30.0,ridge_eb,31.250556002323684,-1.250556002323684
2024_17_GB_MIN,2024,17,2024-12-29 21:25:00+00:00,00-0034869,Sam Darnold,MIN,GB,43.0,ridge_eb,34.95758923798667,8.042410762013333
2024_17_ATL_WAS,2024,17,2024-12-30 01:20:00+00:00,00-0039910,Jayden Daniels,WAS,ATL,36.0,ridge_eb,30.503056388731704,5.496943611268296
2024_17_ATL_WAS,2024,17,2024-12-30 01:20:00+00:00,00-0039917,Michael Penix Jr.,ATL,WAS,35.0,ridge_eb,26.847626603338664,8.152373396661336
2024_17_DET_SF,2024,17,2024-12-31 01:15:00+00:00,00-0033106,Jared Goff,DET,SF,34.0,ridge_eb,33.320624011479154,0.6793759885208459
2024_17_DET_SF,2024,17,2024-12-31 01:15:00+00:00,00-0037834,Brock Purdy,SF,DET,35.0,ridge_eb,30.576880718928987,4.423119281071013
2024_18_CLE_BAL,2024,18,2025-01-04 21:30:00+00:00,00-0034796,Lamar Jackson,BAL,CLE,32.0,ridge_eb,26.39104972901022,5.60895027098978
2024_18_CLE_BAL,2024,18,2025-01-04 21:30:00+00:00,00-0038108,Bailey Zappe,CLE,BAL,31.0,ridge_eb,30.832791777447312,0.1672082225526878
2024_18_CIN_PIT,2024,18,2025-01-05 01:00:00+00:00,00-0036442,Joe Burrow,CIN,PIT,46.0,ridge_eb,38.33413654856265,7.665863451437353
2024_18_CIN_PIT,2024,18,2025-01-05 01:00:00+00:00,00-0029263,Russell Wilson,PIT,CIN,31.0,ridge_eb,30.92591205607491,0.0740879439250896
2024_18_HOU_TEN,2024,18,2025-01-05 18:00:00+00:00,00-0036898,Davis Mills,HOU,TEN,22.0,ridge_eb,31.82929493717582,-9.82929493717582
2024_18_WAS_DAL,2024,18,2025-01-05 18:00:00+00:00,00-0037012,Trey Lance,DAL,WAS,34.0,ridge_eb,22.54629136254813,11.453708637451872
2024_18_NYG_PHI,2024,18,2025-01-05 18:00:00+00:00,00-0038400,Tanner McKee,PHI,NYG,41.0,ridge_eb,26.727934169608563,14.272065830391435
2024_18_NYG_PHI,2024,18,2025-01-05 18:00:00+00:00,00-0035704,Drew Lock,NYG,PHI,29.0,ridge_eb,30.02381364053913,-1.0238136405391316
2024_18_NO_TB,2024,18,2025-01-05 18:00:00+00:00,00-0034855,Baker Mayfield,TB,NO,32.0,ridge_eb,32.11063322111171,-0.110633221111712
2024_18_NO_TB,2024,18,2025-01-05 18:00:00+00:00,00-0039376,Spencer Rattler,NO,TB,42.0,ridge_eb,26.907204320278417,15.092795679721586
2024_18_JAX_IND,2024,18,2025-01-05 18:00:00+00:00,00-0036972,Mac Jones,JAX,IND,32.0,ridge_eb,30.06038515271228,1.939614847287718
2024_18_JAX_IND,2024,18,2025-01-05 18:00:00+00:00,00-0026158,Joe Flacco,IND,JAX,40.0,ridge_eb,35.71909924583672,4.280900754163277
2024_18_CHI_GB,2024,18,2025-01-05 18:00:00+00:00,00-0039918,Caleb Williams,CHI,GB,29.0,ridge_eb,30.358316068348973,-1.358316068348973
2024_18_CHI_GB,2024,18,2025-01-05 18:00:00+00:00,00-0036264,Jordan Love,GB,CHI,12.0,ridge_eb,28.90356921592183,-16.90356921592183
2024_18_WAS_DAL,2024,18,2025-01-05 18:00:00+00:00,00-0039910,Jayden Daniels,WAS,DAL,12.0,ridge_eb,30.69567381427649,-18.69567381427649
2024_18_CAR_ATL,2024,18,2025-01-05 18:00:00+00:00,00-0039150,Bryce Young,CAR,ATL,34.0,ridge_eb,30.624412052066752,3.375587947933248
2024_18_CAR_ATL,2024,18,2025-01-05 18:00:00+00:00,00-0039917,Michael Penix Jr.,ATL,CAR,38.0,ridge_eb,30.096624038817556,7.903375961182444
2024_18_BUF_NE,2024,18,2025-01-05 18:00:00+00:00,00-0039398,Joe Milton III,NE,BUF,29.0,ridge_eb,27.48838894311941,1.5116110568805894
2024_18_BUF_NE,2024,18,2025-01-05 18:00:00+00:00,00-0033869,Mitchell Trubisky,BUF,NE,21.0,ridge_eb,26.65594706643925,-5.65594706643925
2024_18_HOU_TEN,2024,18,2025-01-05 18:00:00+00:00,00-0034771,Mason Rudolph,TEN,HOU,9.0,ridge_eb,29.334771050740788,-20.334771050740788
2024_18_SF_ARI,2024,18,2025-01-05 21:25:00+00:00,00-0035228,Kyler Murray,ARI,SF,35.0,ridge_eb,31.585249521579488,3.414750478420512
2024_18_SEA_LA,2024,18,2025-01-05 21:25:00+00:00,00-0030565,Geno Smith,SEA,LA,27.0,ridge_eb,31.76079390753524,-4.760793907535241
2024_18_SF_ARI,2024,18,2025-01-05 21:25:00+00:00,00-0033949,Joshua Dobbs,SF,ARI,43.0,ridge_eb,30.238778051663576,12.761221948336424
2024_18_SEA_LA,2024,18,2025-01-05 21:25:00+00:00,00-0031345,Jimmy Garoppolo,LA,SEA,41.0,ridge_eb,24.666765513350057,16.333234486649946
2024_18_LAC_LV,2024,18,2025-01-05 21:25:00+00:00,00-0036355,Justin Herbert,LAC,LV,36.0,ridge_eb,30.54683386722836,5.453166132771642
2024_18_LAC_LV,2024,18,2025-01-05 21:25:00+00:00,00-0038579,Aidan O'Connell,LV,LAC,34.0,ridge_eb,33.81964643809961,0.1803535619003895
2024_18_MIA_NYJ,2024,18,2025-01-05 21:25:00+00:00,00-0023459,Aaron Rodgers,NYJ,MIA,36.0,ridge_eb,32.34065217754793,3.6593478224520695
2024_18_KC_DEN,2024,18,2025-01-05 21:25:00+00:00,00-0032950,Carson Wentz,KC,DEN,17.0,ridge_eb,30.899170801167624,-13.899170801167624
2024_18_KC_DEN,2024,18,2025-01-05 21:25:00+00:00,00-0039732,Bo Nix,DEN,KC,29.0,ridge_eb,33.39208320994039,-4.392083209940388
2024_18_MIN_DET,2024,18,2025-01-06 01:20:00+00:00,00-0033106,Jared Goff,DET,MIN,33.0,ridge_eb,35.13226083575816,-2.13226083575816
2024_18_MIN_DET,2024,18,2025-01-06 01:20:00+00:00,00-0034869,Sam Darnold,MIN,DET,41.0,ridge_eb,37.2487688672636,3.7512311327364
2025_01_DAL_PHI,2025,1,2025-09-05 00:20:00+00:00,00-0033077,Dak Prescott,DAL,PHI,34.0,ridge_eb,33.75867137173687,0.2413286282631332
2025_01_DAL_PHI,2025,1,2025-09-05 00:20:00+00:00,00-0036389,Jalen Hurts,PHI,DAL,23.0,ridge_eb,28.24520049764186,-5.245200497641861
2025_01_KC_LAC,2025,1,2025-09-06 00:00:00+00:00,00-0036355,Justin Herbert,LAC,KC,34.0,ridge_eb,33.197600536989476,0.8023994630105236
2025_01_KC_LAC,2025,1,2025-09-06 00:00:00+00:00,00-0033873,Patrick Mahomes,KC,LAC,39.0,ridge_eb,39.269955723708186,-0.2699557237081862
2025_01_TB_ATL,2025,1,2025-09-07 17:00:00+00:00,00-0034855,Baker Mayfield,TB,ATL,32.0,ridge_eb,34.282261006339986,-2.2822610063399864
2025_01_PIT_NYJ,2025,1,2025-09-07 17:00:00+00:00,00-0023459,Aaron Rodgers,PIT,NYJ,30.0,ridge_eb,31.87686254209969,-1.8768625420996905
2025_01_PIT_NYJ,2025,1,2025-09-07 17:00:00+00:00,00-0036945,Justin Fields,NYJ,PIT,22.0,ridge_eb,29.68718505725288,-7.687185057252879
2025_01_NYG_WAS,2025,1,2025-09-07 17:00:00+00:00,00-0039910,Jayden Daniels,WAS,NYG,30.0,ridge_eb,29.58544519398894,0.4145548060110613
2025_01_NYG_WAS,2025,1,2025-09-07 17:00:00+00:00,00-0029263,Russell Wilson,NYG,WAS,37.0,ridge_eb,28.49883274252169,8.501167257478311
2025_01_MIA_IND,2025,1,2025-09-07 17:00:00+00:00,00-0036212,Tua Tagovailoa,MIA,IND,23.0,ridge_eb,36.78456663165263,-13.78456663165263
2025_01_MIA_IND,2025,1,2025-09-07 17:00:00+00:00,00-0035710,Daniel Jones,IND,MIA,29.0,ridge_eb,33.42164642829531,-4.421646428295311
2025_01_TB_ATL,2025,1,2025-09-07 17:00:00+00:00,00-0039917,Michael Penix,ATL,TB,42.0,ridge_eb,34.11786017719982,7.882139822800177
2025_01_LV_NE,2025,1,2025-09-07 17:00:00+00:00,00-0030565,Geno Smith,LV,NE,34.0,ridge_eb,33.309069077515396,0.6909309224846041
2025_01_CIN_CLE,2025,1,2025-09-07 17:00:00+00:00,00-0026158,Joe Flacco,CLE,CIN,45.0,ridge_eb,38.77522652783565,6.224773472164351
2025_01_CIN_CLE,2025,1,2025-09-07 17:00:00+00:00,00-0036442,Joe Burrow,CIN,CLE,23.0,ridge_eb,40.34728095585094,-17.34728095585094
2025_01_CAR_JAX,2025,1,2025-09-07 17:00:00+00:00,00-0036971,Trevor Lawrence,JAX,CAR,31.0,ridge_eb,30.702743664539685,0.2972563354603146
2025_01_CAR_JAX,2025,1,2025-09-07 17:00:00+00:00,00-0039150,Bryce Young,CAR,JAX,35.0,ridge_eb,30.53754072552236,4.4624592744776415
2025_01_ARI_NO,2025,1,2025-09-07 17:00:00+00:00,00-0039376,Spencer Rattler,NO,ARI,46.0,ridge_eb,33.366161806664934,12.633838193335066
2025_01_ARI_NO,2025,1,2025-09-07 17:00:00+00:00,00-0035228,Kyler Murray,ARI,NO,29.0,ridge_eb,34.1980117266141,-5.198011726614098
2025_01_LV_NE,2025,1,2025-09-07 17:00:00+00:00,00-0039851,Drake Maye,NE,LV,46.0,ridge_eb,32.32112838836431,13.678871611635692
2025_01_SF_SEA,2025,1,2025-09-07 20:05:00+00:00,00-0034869,Sam Darnold,SEA,SF,23.0,ridge_eb,30.83512756309698,-7.835127563096979
2025_01_SF_SEA,2025,1,2025-09-07 20:05:00+00:00,00-0037834,Brock Purdy,SF,SEA,35.0,ridge_eb,30.87410278468096,4.125897215319039
2025_01_TEN_DEN,2025,1,2025-09-07 20:05:00+00:00,00-0039732,Bo Nix,DEN,TEN,40.0,ridge_eb,33.76556119527991,6.234438804720092
2025_01_TEN_DEN,2025,1,2025-09-07 20:05:00+00:00,00-0040676,Cam Ward,TEN,DEN,28.0,ridge_eb,29.060007103811778,-1.0600071038117775
2025_01_HOU_LA,2025,1,2025-09-07 20:25:00+00:00,00-0039163,C.J. Stroud,HOU,LA,27.0,ridge_eb,33.39577441100616,-6.395774411006158
2025_01_HOU_LA,2025,1,2025-09-07 20:25:00+00:00,00-0026498,Matthew Stafford,LA,HOU,29.0,ridge_eb,31.74112447481475,-2.741124474814754
2025_01_DET_GB,2025,1,2025-09-07 20:25:00+00:00,00-0033106,Jared Goff,DET,GB,39.0,ridge_eb,34.552833472270834,4.447166527729166
2025_01_DET_GB,2025,1,2025-09-07 20:25:00+00:00,00-0036264,Jordan Love,GB,DET,22.0,ridge_eb,31.01664022950269,-9.016640229502691
2025_01_BAL_BUF,2025,1,2025-09-08 00:20:00+00:00,00-0034796,Lamar Jackson,BAL,BUF,19.0,ridge_eb,29.38532378848968,-10.385323788489682
2025_01_BAL_BUF,2025,1,2025-09-08 00:20:00+00:00,00-0034857,Josh Allen,BUF,BAL,46.0,ridge_eb,31.97989652074512,14.020103479254878
2025_01_MIN_CHI,2025,1,2025-09-09 00:15:00+00:00,00-0039918,Caleb Williams,CHI,MIN,35.0,ridge_eb,33.11147827460846,1.8885217253915416
2025_01_MIN_CHI,2025,1,2025-09-09 00:15:00+00:00,00-0039923,J.J. McCarthy,MIN,CHI,20.0,ridge_eb,33.99611032264057,-13.996110322640568
2025_02_WAS_GB,2025,2,2025-09-12 00:15:00+00:00,00-0036264,Jordan Love,GB,WAS,31.0,ridge_eb,29.30549908573928,1.694500914260722
2025_02_WAS_GB,2025,2,2025-09-12 00:15:00+00:00,00-0039910,Jayden Daniels,WAS,GB,42.0,ridge_eb,31.39845551773615,10.60154448226385
2025_02_NE_MIA,2025,2,2025-09-14 17:00:00+00:00,00-0039851,Drake Maye,NE,MIA,23.0,ridge_eb,33.30692808051391,-10.306928080513911
2025_02_NYG_DAL,2025,2,2025-09-14 17:00:00+00:00,00-0033077,Dak Prescott,DAL,NYG,52.0,ridge_eb,32.1884508134651,19.811549186534897
2025_02_NYG_DAL,2025,2,2025-09-14 17:00:00+00:00,00-0029263,Russell Wilson,NYG,DAL,41.0,ridge_eb,32.33637619274105,8.66362380725895
2025_02_SF_NO,2025,2,2025-09-14 17:00:00+00:00,00-0036972,Mac Jones,SF,NO,39.0,ridge_eb,31.105472982934355,7.894527017065645
2025_02_SEA_PIT,2025,2,2025-09-14 17:00:00+00:00,00-0034869,Sam Darnold,SEA,PIT,33.0,ridge_eb,30.59142399551296,2.4085760044870383
2025_02_SF_NO,2025,2,2025-09-14 17:00:00+00:00,00-0039376,Spencer Rattler,NO,SF,34.0,ridge_eb,31.334009119368016,2.665990880631984
2025_02_NE_MIA,2025,2,2025-09-14 17:00:00+00:00,00-0036212,Tua Tagovailoa,MIA,NE,32.0,ridge_eb,35.26081720058369,-3.2608172005836877
2025_02_SEA_PIT,2025,2,2025-09-14 17:00:00+00:00,00-0023459,Aaron Rodgers,PIT,SEA,33.0,ridge_eb,33.64545721355783,-0.6454572135578331
2025_02_LA_TEN,2025,2,2025-09-14 17:00:00+00:00,00-0040676,Cam Ward,TEN,LA,33.0,ridge_eb,28.9801654577002,4.019834542299801
2025_02_BUF_NYJ,2025,2,2025-09-14 17:00:00+00:00,00-0036945,Justin Fields,NYJ,BUF,11.0,ridge_eb,27.77100551121709,-16.77100551121709
2025_02_JAX_CIN,2025,2,2025-09-14 17:00:00+00:00,00-0036971,Trevor Lawrence,JAX,CIN,42.0,ridge_eb,31.088547374273116,10.911452625726884
2025_02_JAX_CIN,2025,2,2025-09-14 17:00:00+00:00,00-0036442,Joe Burrow,CIN,JAX,13.0,ridge_eb,38.82272732185869,-25.822727321858693
2025_02_CLE_BAL,2025,2,2025-09-14 17:00:00+00:00,00-0026158,Joe Flacco,CLE,BAL,45.0,ridge_eb,39.45820650383488,5.54179349616512
2025_02_CLE_BAL,2025,2,2025-09-14 17:00:00+00:00,00-0034796,Lamar Jackson,BAL,CLE,29.0,ridge_eb,27.763171786774866,1.236828213225138
2025_02_CHI_DET,2025,2,2025-09-14 17:00:00+00:00,00-0033106,Jared Goff,DET,CHI,28.0,ridge_eb,33.75296399964398,-5.752963999643981
2025_02_CHI_DET,2025,2,2025-09-14 17:00:00+00:00,00-0039918,Caleb Williams,CHI,DET,30.0,ridge_eb,33.03907163881511,-3.039071638815109
2025_02_LA_TEN,2025,2,2025-09-14 17:00:00+00:00,00-0026498,Matthew Stafford,LA,TEN,33.0,ridge_eb,32.11552913183589,0.884470868164108
2025_02_BUF_NYJ,2025,2,2025-09-14 17:00:00+00:00,00-0034857,Josh Allen,BUF,NYJ,25.0,ridge_eb,31.965919278605764,-6.965919278605764
2025_02_DEN_IND,2025,2,2025-09-14 20:05:00+00:00,00-0035710,Daniel Jones,IND,DEN,34.0,ridge_eb,32.54452066325811,1.455479336741888
2025_02_DEN_IND,2025,2,2025-09-14 20:05:00+00:00,00-0039732,Bo Nix,DEN,IND,30.0,ridge_eb,34.968465112674565,-4.968465112674565
2025_02_CAR_ARI,2025,2,2025-09-14 20:05:00+00:00,00-0035228,Kyler Murray,ARI,CAR,25.0,ridge_eb,33.129933437000304,-8.129933437000304
2025_02_CAR_ARI,2025,2,2025-09-14 20:05:00+00:00,00-0039150,Bryce Young,CAR,ARI,55.0,ridge_eb,31.73219646367085,23.26780353632915
2025_02_PHI_KC,2025,2,2025-09-14 20:25:00+00:00,00-0033873,Patrick Mahomes,KC,PHI,29.0,ridge_eb,36.928061902583686,-7.928061902583686
2025_02_PHI_KC,2025,2,2025-09-14 20:25:00+00:00,00-0036389,Jalen Hurts,PHI,KC,22.0,ridge_eb,27.880642193232447,-5.880642193232447
2025_02_ATL_MIN,2025,2,2025-09-15 00:20:00+00:00,00-0039917,Michael Penix,ATL,MIN,21.0,ridge_eb,33.081228879482005,-12.081228879482005
2025_02_ATL_MIN,2025,2,2025-09-15 00:20:00+00:00,00-0039923,J.J. McCarthy,MIN,ATL,21.0,ridge_eb,32.24050580487938,-11.240505804879383
2025_02_TB_HOU,2025,2,2025-09-15 23:00:00+00:00,00-0039163,C.J. Stroud,HOU,TB,24.0,ridge_eb,32.573377356555405,-8.573377356555405
2025_02_TB_HOU,2025,2,2025-09-15 23:00:00+00:00,00-0034855,Baker Mayfield,TB,HOU,38.0,ridge_eb,32.19069513890231,5.8093048610976865
2025_02_LAC_LV,2025,2,2025-09-16 02:00:00+00:00,00-0030565,Geno Smith,LV,LAC,43.0,ridge_eb,34.60890243351379,8.39109756648621
2025_02_LAC_LV,2025,2,2025-09-16 02:00:00+00:00,00-0036355,Justin Herbert,LAC,LV,27.0,ridge_eb,33.528312996462276,-6.528312996462276
2025_03_MIA_BUF,2025,3,2025-09-19 00:15:00+00:00,00-0036212,Tua Tagovailoa,MIA,BUF,34.0,ridge_eb,34.74294015340631,-0.7429401534063089
2025_03_MIA_BUF,2025,3,2025-09-19 00:15:00+00:00,00-0034857,Josh Allen,BUF,MIA,28.0,ridge_eb,34.1287356260975,-6.128735626097502
2025_03_ATL_CAR,2025,3,2025-09-21 17:00:00+00:00,00-0039917,Michael Penix,ATL,CAR,36.0,ridge_eb,30.802059493704594,5.1979405062954065
2025_03_PIT_NE,2025,3,2025-09-21 17:00:00+00:00,00-0039851,Drake Maye,NE,PIT,37.0,ridge_eb,30.960916871884702,6.039083128115298
2025_03_NYJ_TB,2025,3,2025-09-21 17:00:00+00:00,00-0034855,Baker Mayfield,TB,NYJ,29.0,ridge_eb,33.172863785587424,-4.172863785587424
2025_03_NYJ_TB,2025,3,2025-09-21 17:00:00+00:00,00-0028118,Tyrod Taylor,NYJ,TB,36.0,ridge_eb,26.079996207513,9.920003792487002
2025_03_LV_WAS,2025,3,2025-09-21 17:00:00+00:00,00-0032268,Marcus Mariota,WAS,LV,21.0,ridge_eb,31.084664578512896,-10.084664578512896
2025_03_LV_WAS,2025,3,2025-09-21 17:00:00+00:00,00-0030565,Geno Smith,LV,WAS,29.0,ridge_eb,33.05311000764452,-4.05311000764452
2025_03_LA_PHI,2025,3,2025-09-21 17:00:00+00:00,00-0036389,Jalen Hurts,PHI,LA,32.0,ridge_eb,26.34581751220627,5.6541824877937295
2025_03_LA_PHI,2025,3,2025-09-21 17:00:00+00:00,00-0026498,Matthew Stafford,LA,PHI,33.0,ridge_eb,32.691215689745235,0.3087843102547651
2025_03_PIT_NE,2025,3,2025-09-21 17:00:00+00:00,00-0023459,Aaron Rodgers,PIT,NE,23.0,ridge_eb,34.412434261188054,-11.412434261188054
2025_03_IND_TEN,2025,3,2025-09-21 17:00:00+00:00,00-0040676,Cam Ward,TEN,IND,38.0,ridge_eb,29.047108989176515,8.952891010823485
2025_03_HOU_JAX,2025,3,2025-09-21 17:00:00+00:00,00-0036971,Trevor Lawrence,JAX,HOU,40.0,ridge_eb,31.668929497479073,8.331070502520927
2025_03_HOU_JAX,2025,3,2025-09-21 17:00:00+00:00,00-0039163,C.J. Stroud,HOU,JAX,38.0,ridge_eb,30.89856351187064,7.101436488129362
2025_03_GB_CLE,2025,3,2025-09-21 17:00:00+00:00,00-0036264,Jordan Love,GB,CLE,25.0,ridge_eb,28.932039249180743,-3.932039249180743
2025_03_GB_CLE,2025,3,2025-09-21 17:00:00+00:00,00-0026158,Joe Flacco,CLE,GB,36.0,ridge_eb,39.03902360663326,-3.0390236066332577
2025_03_CIN_MIN,2025,3,2025-09-21 17:00:00+00:00,00-0032950,Carson Wentz,MIN,CIN,20.0,ridge_eb,32.20830050466393,-12.208300504663931
2025_03_CIN_MIN,2025,3,2025-09-21 17:00:00+00:00,00-0035100,Jake Browning,CIN,MIN,27.0,ridge_eb,34.15410216494481,-7.15410216494481
2025_03_ATL_CAR,2025,3,2025-09-21 17:00:00+00:00,00-0039150,Bryce Young,CAR,ATL,24.0,ridge_eb,33.93619383895831,-9.93619383895831
2025_03_IND_TEN,2025,3,2025-09-21 17:00:00+00:00,00-0035710,Daniel Jones,IND,TEN,25.0,ridge_eb,31.678215805162623,-6.678215805162623
2025_03_NO_SEA,2025,3,2025-09-21 20:05:00+00:00,00-0039376,Spencer Rattler,NO,SEA,39.0,ridge_eb,32.31524925199956,6.68475074800044
2025_03_NO_SEA,2025,3,2025-09-21 20:05:00+00:00,00-0034869,Sam Darnold,SEA,NO,18.0,ridge_eb,31.909247722528292,-13.909247722528292
2025_03_DEN_LAC,2025,3,2025-09-21 20:05:00+00:00,00-0039732,Bo Nix,DEN,LAC,25.0,ridge_eb,36.05011497543798,-11.050114975437978
2025_03_DEN_LAC,2025,3,2025-09-21 20:05:00+00:00,00-0036355,Justin Herbert,LAC,DEN,47.0,ridge_eb,33.78733167380072,13.212668326199278
2025_03_ARI_SF,2025,3,2025-09-21 20:25:00+00:00,00-0035228,Kyler Murray,ARI,SF,35.0,ridge_eb,31.003649079064957,3.9963509209350434
2025_03_ARI_SF,2025,3,2025-09-21 20:25:00+00:00,00-0036972,Mac Jones,SF,ARI,41.0,ridge_eb,33.52765166509309,7.472348334906911
2025_03_DAL_CHI,2025,3,2025-09-21 20:25:00+00:00,00-0039918,Caleb Williams,CHI,DAL,28.0,ridge_eb,33.61811845675162,-5.618118456751617
2025_03_DAL_CHI,2025,3,2025-09-21 20:25:00+00:00,00-0033077,Dak Prescott,DAL,CHI,40.0,ridge_eb,34.1562479337668,5.8437520662332005
2025_03_KC_NYG,2025,3,2025-09-22 00:20:00+00:00,00-0033873,Patrick Mahomes,KC,NYG,37.0,ridge_eb,35.54551151149767,1.454488488502328
2025_03_KC_NYG,2025,3,2025-09-22 00:20:00+00:00,00-0029263,Russell Wilson,NYG,KC,32.0,ridge_eb,33.58708111029528,-1.58708111029528
2025_03_DET_BAL,2025,3,2025-09-23 00:15:00+00:00,00-0033106,Jared Goff,DET,BAL,28.0,ridge_eb,34.81528542044785,-6.81528542044785
2025_03_DET_BAL,2025,3,2025-09-23 00:15:00+00:00,00-0034796,Lamar Jackson,BAL,DET,27.0,ridge_eb,31.253314424889304,-4.253314424889304
2025_04_SEA_ARI,2025,4,2025-09-26 00:15:00+00:00,00-0035228,Kyler Murray,ARI,SEA,41.0,ridge_eb,33.78579765754441,7.214202342455593
2025_04_SEA_ARI,2025,4,2025-09-26 00:15:00+00:00,00-0034869,Sam Darnold,SEA,ARI,26.0,ridge_eb,31.735249190276065,-5.735249190276065
2025_04_MIN_PIT,2025,4,2025-09-28 13:30:00+00:00,00-0032950,Carson Wentz,MIN,PIT,46.0,ridge_eb,30.952480426371935,15.047519573628064
2025_04_MIN_PIT,2025,4,2025-09-28 13:30:00+00:00,00-0023459,Aaron Rodgers,PIT,MIN,22.0,ridge_eb,31.589077328637416,-9.589077328637416
2025_04_NO_BUF,2025,4,2025-09-28 17:00:00+00:00,00-0039376,Spencer Rattler,NO,BUF,27.0,ridge_eb,32.29200403241086,-5.292004032410858
2025_04_TEN_HOU,2025,4,2025-09-28 17:00:00+00:00,00-0040676,Cam Ward,TEN,HOU,26.0,ridge_eb,29.87443395940555,-3.8744339594055504
2025_04_TEN_HOU,2025,4,2025-09-28 17:00:00+00:00,00-0039163,C.J. Stroud,HOU,TEN,28.0,ridge_eb,32.01064591965026,-4.010645919650258
2025_04_PHI_TB,2025,4,2025-09-28 17:00:00+00:00,00-0034855,Baker Mayfield,TB,PHI,40.0,ridge_eb,32.36720573499634,7.63279426500366
2025_04_WAS_ATL,2025,4,2025-09-28 17:00:00+00:00,00-0039917,Michael Penix,ATL,WAS,26.0,ridge_eb,30.50003107383856,-4.50003107383856
2025_04_NO_BUF,2025,4,2025-09-28 17:00:00+00:00,00-0034857,Josh Allen,BUF,NO,22.0,ridge_eb,31.192254926730968,-9.192254926730968
2025_04_PHI_TB,2025,4,2025-09-28 17:00:00+00:00,00-0036389,Jalen Hurts,PHI,TB,24.0,ridge_eb,27.64649025130244,-3.646490251302442
2025_04_LAC_NYG,2025,4,2025-09-28 17:00:00+00:00,00-0036355,Justin Herbert,LAC,NYG,41.0,ridge_eb,33.29520936685786,7.704790633142139
2025_04_CLE_DET,2025,4,2025-09-28 17:00:00+00:00,00-0033106,Jared Goff,DET,CLE,27.0,ridge_eb,33.033794646171444,-6.033794646171444
2025_04_CLE_DET,2025,4,2025-09-28 17:00:00+00:00,00-0026158,Joe Flacco,CLE,DET,34.0,ridge_eb,39.53112142688352,-5.531121426883516
2025_04_CAR_NE,2025,4,2025-09-28 17:00:00+00:00,00-0039851,Drake Maye,NE,CAR,17.0,ridge_eb,30.51568156121157,-13.515681561211569
2025_04_CAR_NE,2025,4,2025-09-28 17:00:00+00:00,00-0039150,Bryce Young,CAR,NE,30.0,ridge_eb,31.8352597107806,-1.8352597107805977
2025_04_LAC_NYG,2025,4,2025-09-28 17:00:00+00:00,00-0040691,Jaxson Dart,NYG,LAC,20.0,ridge_eb,32.182397584844146,-12.182397584844146
2025_04_IND_LA,2025,4,2025-09-28 20:05:00+00:00,00-0035710,Daniel Jones,IND,LA,33.0,ridge_eb,32.35498016278637,0.6450198372136313
2025_04_IND_LA,2025,4,2025-09-28 20:05:00+00:00,00-0026498,Matthew Stafford,LA,IND,41.0,ridge_eb,34.92140292788489,6.078597072115109
2025_04_JAX_SF,2025,4,2025-09-28 20:05:00+00:00,00-0036971,Trevor Lawrence,JAX,SF,31.0,ridge_eb,32.275093203370425,-1.2750932033704243
2025_04_JAX_SF,2025,4,2025-09-28 20:05:00+00:00,00-0037834,Brock Purdy,SF,JAX,38.0,ridge_eb,31.46299743354072,6.537002566459279
2025_04_CHI_LV,2025,4,2025-09-28 20:25:00+00:00,00-0030565,Geno Smith,LV,CHI,21.0,ridge_eb,33.36824334819442,-12.36824334819442
2025_04_CHI_LV,2025,4,2025-09-28 20:25:00+00:00,00-0039918,Caleb Williams,CHI,LV,37.0,ridge_eb,32.39609315024677,4.60390684975323
2025_04_BAL_KC,2025,4,2025-09-28 20:25:00+00:00,00-0034796,Lamar Jackson,BAL,KC,20.0,ridge_eb,30.159270161051452,-10.159270161051452
2025_04_BAL_KC,2025,4,2025-09-28 20:25:00+00:00,00-0033873,Patrick Mahomes,KC,BAL,37.0,ridge_eb,36.901123414648794,0.0988765853512063
2025_04_GB_DAL,2025,4,2025-09-29 00:20:00+00:00,00-0033077,Dak Prescott,DAL,GB,40.0,ridge_eb,35.320499087194264,4.679500912805736
2025_04_GB_DAL,2025,4,2025-09-29 00:20:00+00:00,00-0036264,Jordan Love,GB,DAL,43.0,ridge_eb,31.002315172024687,11.997684827975313
2025_04_NYJ_MIA,2025,4,2025-09-29 23:15:00+00:00,00-0036212,Tua Tagovailoa,MIA,NYJ,25.0,ridge_eb,32.54808001518906,-7.548080015189058
2025_04_NYJ_MIA,2025,4,2025-09-29 23:15:00+00:00,00-0036945,Justin Fields,NYJ,MIA,27.0,ridge_eb,29.080466982880058,-2.0804669828800577
2025_04_CIN_DEN,2025,4,2025-09-30 00:15:00+00:00,00-0035100,Jake Browning,CIN,DEN,25.0,ridge_eb,34.51034612477083,-9.510346124770829
2025_04_CIN_DEN,2025,4,2025-09-30 00:15:00+00:00,00-0039732,Bo Nix,DEN,CIN,42.0,ridge_eb,33.25994132194142,8.740058678058581
2025_05_SF_LA,2025,5,2025-10-03 00:15:00+00:00,00-0026498,Matthew Stafford,LA,SF,47.0,ridge_eb,32.614924540893035,14.385075459106965
2025_05_SF_LA,2025,5,2025-10-03 00:15:00+00:00,00-0036972,Mac Jones,SF,LA,49.0,ridge_eb,32.52430596333073,16.475694036669267
2025_05_MIN_CLE,2025,5,2025-10-05 13:30:00+00:00,00-0032950,Carson Wentz,MIN,CLE,34.0,ridge_eb,30.768761231341607,3.231238768658393
2025_05_MIN_CLE,2025,5,2025-10-05 13:30:00+00:00,00-0040704,Dillon Gabriel,CLE,MIN,33.0,ridge_eb,31.635788201650787,1.3642117983492137
2025_05_MIA_CAR,2025,5,2025-10-05 17:00:00+00:00,00-0036212,Tua Tagovailoa,MIA,CAR,36.0,ridge_eb,32.192494311055015,3.8075056889449854
2025_05_MIA_CAR,2025,5,2025-10-05 17:00:00+00:00,00-0039150,Bryce Young,CAR,MIA,30.0,ridge_eb,32.62812745387901,-2.62812745387901
2025_05_NYG_NO,2025,5,2025-10-05 17:00:00+00:00,00-0040691,Jaxson Dart,NYG,NO,40.0,ridge_eb,24.861680565014705,15.138319434985297
2025_05_NYG_NO,2025,5,2025-10-05 17:00:00+00:00,00-0039376,Spencer Rattler,NO,NYG,31.0,ridge_eb,31.90342395161475,-0.9034239516147516
2025_05_LV_IND,2025,5,2025-10-05 17:00:00+00:00,00-0035710,Daniel Jones,IND,LV,29.0,ridge_eb,32.6908338755772,-3.690833875577198
2025_05_LV_IND,2025,5,2025-10-05 17:00:00+00:00,00-0030565,Geno Smith,LV,IND,36.0,ridge_eb,31.723339508735393,4.276660491264607
2025_05_HOU_BAL,2025,5,2025-10-05 17:00:00+00:00,00-0033662,Cooper Rush,BAL,HOU,20.0,ridge_eb,31.707758189949914,-11.707758189949914
2025_05_HOU_BAL,2025,5,2025-10-05 17:00:00+00:00,00-0039163,C.J. Stroud,HOU,BAL,27.0,ridge_eb,31.212650859744915,-4.212650859744915
2025_05_DEN_PHI,2025,5,2025-10-05 17:00:00+00:00,00-0036389,Jalen Hurts,PHI,DEN,38.0,ridge_eb,27.307442585834576,10.692557414165424
2025_05_DEN_PHI,2025,5,2025-10-05 17:00:00+00:00,00-0039732,Bo Nix,DEN,PHI,39.0,ridge_eb,33.04445979421407,5.95554020578593
2025_05_DAL_NYJ,2025,5,2025-10-05 17:00:00+00:00,00-0036945,Justin Fields,NYJ,DAL,46.0,ridge_eb,27.95736949269982,18.04263050730018
2025_05_DAL_NYJ,2025,5,2025-10-05 17:00:00+00:00,00-0033077,Dak Prescott,DAL,NYJ,29.0,ridge_eb,35.15165337563866,-6.151653375638659
2025_05_TB_SEA,2025,5,2025-10-05 20:05:00+00:00,00-0034869,Sam Darnold,SEA,TB,34.0,ridge_eb,31.11047784245886,2.8895221575411405
2025_05_TB_SEA,2025,5,2025-10-05 20:05:00+00:00,00-0034855,Baker Mayfield,TB,SEA,33.0,ridge_eb,34.35976176858522,-1.3597617685852228
2025_05_TEN_ARI,2025,5,2025-10-05 20:05:00+00:00,00-0035228,Kyler Murray,ARI,TEN,31.0,ridge_eb,33.820306349365694,-2.820306349365694
2025_05_TEN_ARI,2025,5,2025-10-05 20:05:00+00:00,00-0040676,Cam Ward,TEN,ARI,39.0,ridge_eb,29.841778495249184,9.158221504750816
2025_05_DET_CIN,2025,5,2025-10-05 20:25:00+00:00,00-0035100,Jake Browning,CIN,DET,40.0,ridge_eb,34.21113733434053,5.788862665659472
2025_05_DET_CIN,2025,5,2025-10-05 20:25:00+00:00,00-0033106,Jared Goff,DET,CIN,23.0,ridge_eb,33.101932042886496,-10.101932042886496
2025_05_WAS_LAC,2025,5,2025-10-05 20:25:00+00:00,00-0036355,Justin Herbert,LAC,WAS,29.0,ridge_eb,34.55974287205514,-5.559742872055139
2025_05_WAS_LAC,2025,5,2025-10-05 20:25:00+00:00,00-0039910,Jayden Daniels,WAS,LAC,26.0,ridge_eb,32.029715237091054,-6.029715237091054
2025_05_NE_BUF,2025,5,2025-10-06 00:20:00+00:00,00-0039851,Drake Maye,NE,BUF,30.0,ridge_eb,29.678498877019635,0.321501122980365
2025_05_NE_BUF,2025,5,2025-10-06 00:20:00+00:00,00-0034857,Josh Allen,BUF,NE,31.0,ridge_eb,31.468419840361832,-0.4684198403618325
2025_05_KC_JAX,2025,5,2025-10-07 00:15:00+00:00,00-0036971,Trevor Lawrence,JAX,KC,25.0,ridge_eb,33.641823618257305,-8.641823618257305
2025_05_KC_JAX,2025,5,2025-10-07 00:15:00+00:00,00-0033873,Patrick Mahomes,KC,JAX,41.0,ridge_eb,36.25131114972508,4.748688850274917
2025_06_PHI_NYG,2025,6,2025-10-10 00:15:00+00:00,00-0040691,Jaxson Dart,NYG,PHI,25.0,ridge_eb,27.883585178346205,-2.8835851783462054
2025_06_PHI_NYG,2025,6,2025-10-10 00:15:00+00:00,00-0036389,Jalen Hurts,PHI,NYG,33.0,ridge_eb,27.68802417825308,5.31197582174692
2025_06_DEN_NYJ,2025,6,2025-10-12 13:30:00+00:00,00-0039732,Bo Nix,DEN,NYJ,30.0,ridge_eb,33.904733544676,-3.9047335446759983
2025_06_DEN_NYJ,2025,6,2025-10-12 13:30:00+00:00,00-0036945,Justin Fields,NYJ,DEN,17.0,ridge_eb,29.721423753222737,-12.721423753222734
2025_06_SEA_JAX,2025,6,2025-10-12 17:00:00+00:00,00-0034869,Sam Darnold,SEA,JAX,27.0,ridge_eb,31.657426895753904,-4.657426895753904
2025_06_SEA_JAX,2025,6,2025-10-12 17:00:00+00:00,00-0036971,Trevor Lawrence,JAX,SEA,42.0,ridge_eb,33.450939618504336,8.549060381495664
2025_06_NE_NO,2025,6,2025-10-12 17:00:00+00:00,00-0039376,Spencer Rattler,NO,NE,26.0,ridge_eb,32.3331961754003,-6.333196175400303
2025_06_NE_NO,2025,6,2025-10-12 17:00:00+00:00,00-0039851,Drake Maye,NE,NO,26.0,ridge_eb,30.909557144775476,-4.9095571447754764
2025_06_LA_BAL,2025,6,2025-10-12 17:00:00+00:00,00-0026498,Matthew Stafford,LA,BAL,26.0,ridge_eb,34.13071021057089,-8.13071021057089
2025_06_LA_BAL,2025,6,2025-10-12 17:00:00+00:00,00-0033662,Cooper Rush,BAL,LA,19.0,ridge_eb,30.90622953133572,-11.906229531335718
2025_06_LAC_MIA,2025,6,2025-10-12 17:00:00+00:00,00-0036212,Tua Tagovailoa,MIA,LAC,32.0,ridge_eb,34.44728044864296,-2.4472804486429567
2025_06_CLE_PIT,2025,6,2025-10-12 17:00:00+00:00,00-0040704,Dillon Gabriel,CLE,PIT,52.0,ridge_eb,31.893757024789274,20.106242975210726
2025_06_DAL_CAR,2025,6,2025-10-12 17:00:00+00:00,00-0033077,Dak Prescott,DAL,CAR,34.0,ridge_eb,34.89466911372349,-0.8946691137234879
2025_06_DAL_CAR,2025,6,2025-10-12 17:00:00+00:00,00-0039150,Bryce Young,CAR,DAL,25.0,ridge_eb,31.50675735326037,-6.506757353260369
2025_06_CLE_PIT,2025,6,2025-10-12 17:00:00+00:00,00-0023459,Aaron Rodgers,PIT,CLE,30.0,ridge_eb,30.405354255055116,-0.4053542550551157
2025_06_ARI_IND,2025,6,2025-10-12 17:00:00+00:00,00-0035710,Daniel Jones,IND,ARI,30.0,ridge_eb,31.566183318681205,-1.5661833186812046
2025_06_ARI_IND,2025,6,2025-10-12 17:00:00+00:00,00-0033119,Jacoby Brissett,ARI,IND,44.0,ridge_eb,32.728436366251486,11.271563633748514
2025_06_LAC_MIA,2025,6,2025-10-12 17:00:00+00:00,00-0036355,Justin Herbert,LAC,MIA,38.0,ridge_eb,34.24330403441573,3.756695965584271
2025_06_TEN_LV,2025,6,2025-10-12 20:05:00+00:00,00-0030565,Geno Smith,LV,TEN,23.0,ridge_eb,31.98679286878648,-8.98679286878648
2025_06_TEN_LV,2025,6,2025-10-12 20:05:00+00:00,00-0040676,Cam Ward,TEN,LV,38.0,ridge_eb,31.630138607948076,6.369861392051924
2025_06_SF_TB,2025,6,2025-10-12 20:25:00+00:00,00-0034855,Baker Mayfield,TB,SF,23.0,ridge_eb,33.984740922272735,-10.984740922272737
2025_06_SF_TB,2025,6,2025-10-12 20:25:00+00:00,00-0036972,Mac Jones,SF,TB,39.0,ridge_eb,35.38143530437665,3.618564695623349
2025_06_CIN_GB,2025,6,2025-10-12 20:25:00+00:00,00-0036264,Jordan Love,GB,CIN,26.0,ridge_eb,29.331624664630727,-3.331624664630727
2025_06_CIN_GB,2025,6,2025-10-12 20:25:00+00:00,00-0026158,Joe Flacco,CIN,GB,45.0,ridge_eb,37.39182682151191,7.608173178488087
2025_06_DET_KC,2025,6,2025-10-13 00:20:00+00:00,00-0033106,Jared Goff,DET,KC,29.0,ridge_eb,33.7561045063045,-4.756104506304503
2025_06_DET_KC,2025,6,2025-10-13 00:20:00+00:00,00-0033873,Patrick Mahomes,KC,DET,30.0,ridge_eb,39.2432104153777,-9.243210415377703
2025_06_BUF_ATL,2025,6,2025-10-13 23:15:00+00:00,00-0039917,Michael Penix,ATL,BUF,32.0,ridge_eb,30.640895769064997,1.359104230935003
2025_06_BUF_ATL,2025,6,2025-10-13 23:15:00+00:00,00-0034857,Josh Allen,BUF,ATL,26.0,ridge_eb,32.91947953304425,-6.919479533044253
2025_06_CHI_WAS,2025,6,2025-10-14 00:15:00+00:00,00-0039910,Jayden Daniels,WAS,CHI,26.0,ridge_eb,29.983497390772182,-3.9834973907721825
2025_06_CHI_WAS,2025,6,2025-10-14 00:15:00+00:00,00-0039918,Caleb Williams,CHI,WAS,29.0,ridge_eb,30.09137426380227,-1.091374263802269
2025_07_PIT_CIN,2025,7,2025-10-17 00:15:00+00:00,00-0023459,Aaron Rodgers,PIT,CIN,34.0,ridge_eb,33.42326439290619,0.5767356070938092
2025_07_PIT_CIN,2025,7,2025-10-17 00:15:00+00:00,00-0026158,Joe Flacco,CIN,PIT,47.0,ridge_eb,40.15189191526471,6.848108084735287
2025_07_LA_JAX,2025,7,2025-10-19 13:30:00+00:00,00-0036971,Trevor Lawrence,JAX,LA,48.0,ridge_eb,33.36324594350432,14.636754056495684
2025_07_LA_JAX,2025,7,2025-10-19 13:30:00+00:00,00-0026498,Matthew Stafford,LA,JAX,33.0,ridge_eb,34.041086291935194,-1.0410862919351942
2025_07_PHI_MIN,2025,7,2025-10-19 17:00:00+00:00,00-0036389,Jalen Hurts,PHI,MIN,23.0,ridge_eb,27.99251719622053,-4.992517196220529
2025_07_PHI_MIN,2025,7,2025-10-19 17:00:00+00:00,00-0032950,Carson Wentz,MIN,PHI,42.0,ridge_eb,31.478343771052185,10.521656228947815
2025_07_NO_CHI,2025,7,2025-10-19 17:00:00+00:00,00-0039376,Spencer Rattler,NO,CHI,32.0,ridge_eb,29.544216867529848,2.4557831324701525
2025_07_NE_TEN,2025,7,2025-10-19 17:00:00+00:00,00-0040676,Cam Ward,TEN,NE,34.0,ridge_eb,31.31566682354492,2.6843331764550804
2025_07_NE_TEN,2025,7,2025-10-19 17:00:00+00:00,00-0039851,Drake Maye,NE,TEN,23.0,ridge_eb,29.200887777404333,-6.200887777404333
2025_07_NO_CHI,2025,7,2025-10-19 17:00:00+00:00,00-0039918,Caleb Williams,CHI,NO,26.0,ridge_eb,30.986235306423552,-4.986235306423552
2025_07_MIA_CLE,2025,7,2025-10-19 17:00:00+00:00,00-0040704,Dillon Gabriel,CLE,MIA,18.0,ridge_eb,35.287808240171884,-17.287808240171884
2025_07_LV_KC,2025,7,2025-10-19 17:00:00+00:00,00-0030565,Geno Smith,LV,KC,16.0,ridge_eb,30.776008167600217,-14.776008167600214
2025_07_LV_KC,2025,7,2025-10-19 17:00:00+00:00,00-0033873,Patrick Mahomes,KC,LV,35.0,ridge_eb,36.46293786983292,-1.4629378698329203
2025_07_CAR_NYJ,2025,7,2025-10-19 17:00:00+00:00,00-0036945,Justin Fields,NYJ,CAR,12.0,ridge_eb,26.72562208941324,-14.72562208941324
2025_07_CAR_NYJ,2025,7,2025-10-19 17:00:00+00:00,00-0039150,Bryce Young,CAR,NYJ,25.0,ridge_eb,28.285010485086843,-3.2850104850868433
2025_07_MIA_CLE,2025,7,2025-10-19 17:00:00+00:00,00-0036212,Tua Tagovailoa,MIA,CLE,23.0,ridge_eb,29.962793126940237,-6.962793126940237
2025_07_IND_LAC,2025,7,2025-10-19 20:05:00+00:00,00-0035710,Daniel Jones,IND,LAC,34.0,ridge_eb,32.62289723517043,1.3771027648295728
2025_07_IND_LAC,2025,7,2025-10-19 20:05:00+00:00,00-0036355,Justin Herbert,LAC,IND,55.0,ridge_eb,35.87287851432441,19.127121485675588
2025_07_NYG_DEN,2025,7,2025-10-19 20:05:00+00:00,00-0039732,Bo Nix,DEN,NYG,50.0,ridge_eb,33.032226664487354,16.967773335512646
2025_07_NYG_DEN,2025,7,2025-10-19 20:05:00+00:00,00-0040691,Jaxson Dart,NYG,DEN,33.0,ridge_eb,27.737180216556848,5.2628197834431525
2025_07_WAS_DAL,2025,7,2025-10-19 20:25:00+00:00,00-0033077,Dak Prescott,DAL,WAS,30.0,ridge_eb,36.12696868670102,-6.126968686701019
2025_07_GB_ARI,2025,7,2025-10-19 20:25:00+00:00,00-0033119,Jacoby Brissett,ARI,GB,36.0,ridge_eb,34.41307718772111,1.5869228122788923
2025_07_GB_ARI,2025,7,2025-10-19 20:25:00+00:00,00-0036264,Jordan Love,GB,ARI,29.0,ridge_eb,30.00308299153995,-1.0030829915399515
2025_07_WAS_DAL,2025,7,2025-10-19 20:25:00+00:00,00-0039910,Jayden Daniels,WAS,DAL,22.0,ridge_eb,32.110389396558396,-10.110389396558396
2025_07_ATL_SF,2025,7,2025-10-20 00:20:00+00:00,00-0036972,Mac Jones,SF,ATL,26.0,ridge_eb,36.50257914433233,-10.50257914433233
2025_07_ATL_SF,2025,7,2025-10-20 00:20:00+00:00,00-0039917,Michael Penix,ATL,SF,38.0,ridge_eb,31.912017400890928,6.087982599109072
2025_07_TB_DET,2025,7,2025-10-20 23:00:00+00:00,00-0033106,Jared Goff,DET,TB,29.0,ridge_eb,33.988745128043455,-4.988745128043455
2025_07_TB_DET,2025,7,2025-10-20 23:00:00+00:00,00-0034855,Baker Mayfield,TB,DET,50.0,ridge_eb,36.03958216026497,13.96041783973503
2025_07_HOU_SEA,2025,7,2025-10-21 02:00:00+00:00,00-0039163,C.J. Stroud,HOU,SEA,49.0,ridge_eb,30.753302593173597,18.246697406826403
2025_07_HOU_SEA,2025,7,2025-10-21 02:00:00+00:00,00-0034869,Sam Darnold,SEA,HOU,31.0,ridge_eb,29.722479364312903,1.2775206356870967
2025_08_MIN_LAC,2025,8,2025-10-24 00:15:00+00:00,00-0036355,Justin Herbert,LAC,MIN,25.0,ridge_eb,35.87952944797836,-10.879529447978364
2025_08_MIN_LAC,2025,8,2025-10-24 00:15:00+00:00,00-0032950,Carson Wentz,MIN,LAC,27.0,ridge_eb,35.05273093769538,-8.05273093769538
2025_08_CLE_NE,2025,8,2025-10-26 17:00:00+00:00,00-0039851,Drake Maye,NE,CLE,24.0,ridge_eb,28.25321307960957,-4.253213079609569
2025_08_SF_HOU,2025,8,2025-10-26 17:00:00+00:00,00-0036972,Mac Jones,SF,HOU,32.0,ridge_eb,32.8216554686537,-0.8216554686537023
2025_08_SF_HOU,2025,8,2025-10-26 17:00:00+00:00,00-0039163,C.J. Stroud,HOU,SF,39.0,ridge_eb,33.35316305234392,5.646836947656077
2025_08_NYJ_CIN,2025,8,2025-10-26 17:00:00+00:00,00-0036945,Justin Fields,NYJ,CIN,32.0,ridge_eb,26.758752484606156,5.2412475153938445
2025_08_NYJ_CIN,2025,8,2025-10-26 17:00:00+00:00,00-0026158,Joe Flacco,CIN,NYJ,34.0,ridge_eb,38.46681209616196,-4.466812096161959
2025_08_NYG_PHI,2025,8,2025-10-26 17:00:00+00:00,00-0036389,Jalen Hurts,PHI,NYG,20.0,ridge_eb,27.587782113079157,-7.587782113079157
2025_08_NYG_PHI,2025,8,2025-10-26 17:00:00+00:00,00-0040691,Jaxson Dart,NYG,PHI,24.0,ridge_eb,29.40481998212405,-5.4048199821240495
2025_08_CLE_NE,2025,8,2025-10-26 17:00:00+00:00,00-0040704,Dillon Gabriel,CLE,NE,35.0,ridge_eb,31.997973942329573,3.0020260576704274
2025_08_MIA_ATL,2025,8,2025-10-26 17:00:00+00:00,00-0029604,Kirk Cousins,ATL,MIA,31.0,ridge_eb,32.89086688239498,-1.890866882394981
2025_08_CHI_BAL,2025,8,2025-10-26 17:00:00+00:00,00-0039918,Caleb Williams,CHI,BAL,38.0,ridge_eb,30.74486325081499,7.255136749185006
2025_08_CHI_BAL,2025,8,2025-10-26 17:00:00+00:00,00-0035993,Tyler Huntley,BAL,CHI,22.0,ridge_eb,25.439394625584836,-3.4393946255848356
2025_08_BUF_CAR,2025,8,2025-10-26 17:00:00+00:00,00-0034857,Josh Allen,BUF,CAR,19.0,ridge_eb,30.647263960509648,-11.647263960509648
2025_08_MIA_ATL,2025,8,2025-10-26 17:00:00+00:00,00-0036212,Tua Tagovailoa,MIA,ATL,26.0,ridge_eb,31.516556222020434,-5.516556222020434
2025_08_TB_NO,2025,8,2025-10-26 20:05:00+00:00,00-0039376,Spencer Rattler,NO,TB,21.0,ridge_eb,32.40407015283038,-11.40407015283038
2025_08_TB_NO,2025,8,2025-10-26 20:05:00+00:00,00-0034855,Baker Mayfield,TB,NO,24.0,ridge_eb,34.777826424596455,-10.777826424596457
2025_08_TEN_IND,2025,8,2025-10-26 20:25:00+00:00,00-0040676,Cam Ward,TEN,IND,38.0,ridge_eb,33.21354652350981,4.786453476490188
2025_08_TEN_IND,2025,8,2025-10-26 20:25:00+00:00,00-0035710,Daniel Jones,IND,TEN,29.0,ridge_eb,33.019960619144776,-4.019960619144776
2025_08_DAL_DEN,2025,8,2025-10-26 20:25:00+00:00,00-0039732,Bo Nix,DEN,DAL,29.0,ridge_eb,36.39546445951416,-7.395464459514159
2025_08_DAL_DEN,2025,8,2025-10-26 20:25:00+00:00,00-0033077,Dak Prescott,DAL,DEN,31.0,ridge_eb,35.69207707406607,-4.69207707406607
2025_08_GB_PIT,2025,8,2025-10-27 00:20:00+00:00,00-0036264,Jordan Love,GB,PIT,37.0,ridge_eb,31.43484979328864,5.565150206711362
2025_08_GB_PIT,2025,8,2025-10-27 00:20:00+00:00,00-0023459,Aaron Rodgers,PIT,GB,36.0,ridge_eb,33.24292907878135,2.7570709212186486
2025_08_WAS_KC,2025,8,2025-10-28 00:15:00+00:00,00-0033873,Patrick Mahomes,KC,WAS,34.0,ridge_eb,35.60800400440994,-1.608004004409942
2025_09_BAL_MIA,2025,9,2025-10-31 00:15:00+00:00,00-0034796,Lamar Jackson,BAL,MIA,23.0,ridge_eb,28.625008011220963,-5.625008011220963
2025_09_BAL_MIA,2025,9,2025-10-31 00:15:00+00:00,00-0036212,Tua Tagovailoa,MIA,BAL,40.0,ridge_eb,32.322388537503784,7.677611462496216
2025_09_SF_NYG,2025,9,2025-11-02 18:00:00+00:00,00-0036972,Mac Jones,SF,NYG,24.0,ridge_eb,34.033772479329635,-10.033772479329636
2025_09_MIN_DET,2025,9,2025-11-02 18:00:00+00:00,00-0039923,J.J. McCarthy,MIN,DET,25.0,ridge_eb,28.855099127966493,-3.8550991279664935
2025_09_MIN_DET,2025,9,2025-11-02 18:00:00+00:00,00-0033106,Jared Goff,DET,MIN,37.0,ridge_eb,30.611361463119245,6.388638536880755
2025_09_LAC_TEN,2025,9,2025-11-02 18:00:00+00:00,00-0040676,Cam Ward,TEN,LAC,21.0,ridge_eb,33.418098781435766,-12.418098781435766
2025_09_LAC_TEN,2025,9,2025-11-02 18:00:00+00:00,00-0036355,Justin Herbert,LAC,TEN,29.0,ridge_eb,34.540956767232686,-5.540956767232686
2025_09_IND_PIT,2025,9,2025-11-02 18:00:00+00:00,00-0023459,Aaron Rodgers,PIT,IND,35.0,ridge_eb,35.045768492533504,-0.0457684925335044
2025_09_IND_PIT,2025,9,2025-11-02 18:00:00+00:00,00-0035710,Daniel Jones,IND,PIT,50.0,ridge_eb,34.53594995953831,15.464050040461691
2025_09_SF_NYG,2025,9,2025-11-02 18:00:00+00:00,00-0040691,Jaxson Dart,NYG,SF,33.0,ridge_eb,30.111426573227625,2.888573426772375
2025_09_DEN_HOU,2025,9,2025-11-02 18:00:00+00:00,00-0039732,Bo Nix,DEN,HOU,37.0,ridge_eb,33.83149062514997,3.168509374850032
2025_09_CHI_CIN,2025,9,2025-11-02 18:00:00+00:00,00-0026158,Joe Flacco,CIN,CHI,47.0,ridge_eb,39.07259567167884,7.92740432832116
2025_09_CHI_CIN,2025,9,2025-11-02 18:00:00+00:00,00-0039918,Caleb Williams,CHI,CIN,34.0,ridge_eb,31.982066265013767,2.017933734986233
2025_09_CAR_GB,2025,9,2025-11-02 18:00:00+00:00,00-0036264,Jordan Love,GB,CAR,37.0,ridge_eb,30.629720793645856,6.3702792063541445
2025_09_CAR_GB,2025,9,2025-11-02 18:00:00+00:00,00-0039150,Bryce Young,CAR,GB,20.0,ridge_eb,29.62176907353885,-9.62176907353885
2025_09_ATL_NE,2025,9,2025-11-02 18:00:00+00:00,00-0039851,Drake Maye,NE,ATL,29.0,ridge_eb,29.549325943229505,-0.5493259432295048
2025_09_DEN_HOU,2025,9,2025-11-02 18:00:00+00:00,00-0039163,C.J. Stroud,HOU,DEN,10.0,ridge_eb,34.32243271623728,-24.32243271623728
2025_09_ATL_NE,2025,9,2025-11-02 18:00:00+00:00,00-0039917,Michael Penix,ATL,NE,37.0,ridge_eb,32.562481208581254,4.437518791418746
2025_09_JAX_LV,2025,9,2025-11-02 21:05:00+00:00,00-0036971,Trevor Lawrence,JAX,LV,34.0,ridge_eb,34.93063460448032,-0.9306346044803178
2025_09_JAX_LV,2025,9,2025-11-02 21:05:00+00:00,00-0030565,Geno Smith,LV,JAX,39.0,ridge_eb,29.397094002326913,9.602905997673089
2025_09_NO_LA,2025,9,2025-11-02 21:05:00+00:00,00-0026498,Matthew Stafford,LA,NO,32.0,ridge_eb,33.61592571636596,-1.6159257163659575
2025_09_NO_LA,2025,9,2025-11-02 21:05:00+00:00,00-0040743,Tyler Shough,NO,LA,24.0,ridge_eb,31.258193897857893,-7.258193897857893
2025_09_KC_BUF,2025,9,2025-11-02 21:25:00+00:00,00-0033873,Patrick Mahomes,KC,BUF,34.0,ridge_eb,37.46125674502428,-3.4612567450242793
2025_09_KC_BUF,2025,9,2025-11-02 21:25:00+00:00,00-0034857,Josh Allen,BUF,KC,26.0,ridge_eb,31.880359326478143,-5.880359326478146
2025_09_SEA_WAS,2025,9,2025-11-03 01:20:00+00:00,00-0034869,Sam Darnold,SEA,WAS,24.0,ridge_eb,31.40166980735044,-7.401669807350441
2025_09_SEA_WAS,2025,9,2025-11-03 01:20:00+00:00,00-0039910,Jayden Daniels,WAS,SEA,22.0,ridge_eb,30.643850067099653,-8.643850067099653
2025_09_ARI_DAL,2025,9,2025-11-04 01:15:00+00:00,00-0033119,Jacoby Brissett,ARI,DAL,31.0,ridge_eb,34.65855807528851,-3.6585580752885103
2025_09_ARI_DAL,2025,9,2025-11-04 01:15:00+00:00,00-0033077,Dak Prescott,DAL,ARI,39.0,ridge_eb,35.145795380896246,3.8542046191037542
2025_10_LV_DEN,2025,10,2025-11-07 01:15:00+00:00,00-0039732,Bo Nix,DEN,LV,28.0,ridge_eb,34.35687522201494,-6.356875222014942
2025_10_LV_DEN,2025,10,2025-11-07 01:15:00+00:00,00-0030565,Geno Smith,LV,DEN,26.0,ridge_eb,30.160049479639213,-4.160049479639213
2025_10_ATL_IND,2025,10,2025-11-09 14:30:00+00:00,00-0039917,Michael Penix,ATL,IND,28.0,ridge_eb,34.39091222297674,-6.390912222976738
2025_10_ATL_IND,2025,10,2025-11-09 14:30:00+00:00,00-0035710,Daniel Jones,IND,ATL,26.0,ridge_eb,35.50321655453583,-9.503216554535832
2025_10_NE_TB,2025,10,2025-11-09 18:00:00+00:00,00-0039851,Drake Maye,NE,TB,31.0,ridge_eb,31.80924642185078,-0.80924642185078
2025_10_NYG_CHI,2025,10,2025-11-09 18:00:00+00:00,00-0040691,Jaxson Dart,NYG,CHI,29.0,ridge_eb,29.14589392733347,-0.1458939273334714
2025_10_NO_CAR,2025,10,2025-11-09 18:00:00+00:00,00-0040743,Tyler Shough,NO,CAR,27.0,ridge_eb,26.904453326174007,0.0955466738259929
2025_10_NO_CAR,2025,10,2025-11-09 18:00:00+00:00,00-0039150,Bryce Young,CAR,NO,25.0,ridge_eb,26.913839003832212,-1.913839003832212
2025_10_NE_TB,2025,10,2025-11-09 18:00:00+00:00,00-0034855,Baker Mayfield,TB,NE,43.0,ridge_eb,34.70580738481277,8.294192615187228
2025_10_JAX_HOU,2025,10,2025-11-09 18:00:00+00:00,00-0036971,Trevor Lawrence,JAX,HOU,23.0,ridge_eb,32.34929396491301,-9.34929396491301
2025_10_NYG_CHI,2025,10,2025-11-09 18:00:00+00:00,00-0039918,Caleb Williams,CHI,NYG,36.0,ridge_eb,30.691269498761663,5.308730501238337
2025_10_CLE_NYJ,2025,10,2025-11-09 18:00:00+00:00,00-0040704,Dillon Gabriel,CLE,NYJ,32.0,ridge_eb,30.521545337202223,1.4784546627977768
2025_10_BAL_MIN,2025,10,2025-11-09 18:00:00+00:00,00-0034796,Lamar Jackson,BAL,MIN,29.0,ridge_eb,27.79974352552398,1.200256474476021
2025_10_BAL_MIN,2025,10,2025-11-09 18:00:00+00:00,00-0039923,J.J. McCarthy,MIN,BAL,42.0,ridge_eb,28.834629029178387,13.165370970821613
2025_10_JAX_HOU,2025,10,2025-11-09 18:00:00+00:00,00-0036898,Davis Mills,HOU,JAX,45.0,ridge_eb,33.53516442440427,11.464835575595728
2025_10_BUF_MIA,2025,10,2025-11-09 18:00:00+00:00,00-0036212,Tua Tagovailoa,MIA,BUF,21.0,ridge_eb,31.459874119334312,-10.459874119334312
2025_10_BUF_MIA,2025,10,2025-11-09 18:00:00+00:00,00-0034857,Josh Allen,BUF,MIA,40.0,ridge_eb,30.228795908957135,9.771204091042865
2025_10_ARI_SEA,2025,10,2025-11-09 21:05:00+00:00,00-0033119,Jacoby Brissett,ARI,SEA,44.0,ridge_eb,33.99635154000619,10.003648459993812
2025_10_ARI_SEA,2025,10,2025-11-09 21:05:00+00:00,00-0034869,Sam Darnold,SEA,ARI,12.0,ridge_eb,30.804547889771527,-18.804547889771527
2025_10_DET_WAS,2025,10,2025-11-09 21:25:00+00:00,00-0033106,Jared Goff,DET,WAS,33.0,ridge_eb,32.524853130955655,0.4751468690443445
2025_10_DET_WAS,2025,10,2025-11-09 21:25:00+00:00,00-0032268,Marcus Mariota,WAS,DET,22.0,ridge_eb,30.949763095962776,-8.949763095962776
2025_10_LA_SF,2025,10,2025-11-09 21:25:00+00:00,00-0026498,Matthew Stafford,LA,SF,36.0,ridge_eb,35.6320873019862,0.3679126980137965
2025_10_LA_SF,2025,10,2025-11-09 21:25:00+00:00,00-0036972,Mac Jones,SF,LA,39.0,ridge_eb,33.071588727659694,5.9284112723403055
2025_10_PIT_LAC,2025,10,2025-11-10 01:20:00+00:00,00-0036355,Justin Herbert,LAC,PIT,33.0,ridge_eb,35.449032090276326,-2.449032090276326
2025_10_PIT_LAC,2025,10,2025-11-10 01:20:00+00:00,00-0023459,Aaron Rodgers,PIT,LAC,31.0,ridge_eb,35.7960747380761,-4.796074738076101
2025_10_PHI_GB,2025,10,2025-11-11 01:15:00+00:00,00-0036389,Jalen Hurts,PHI,GB,26.0,ridge_eb,26.949696291217546,-0.949696291217542
2025_10_PHI_GB,2025,10,2025-11-11 01:15:00+00:00,00-0036264,Jordan Love,GB,PHI,36.0,ridge_eb,31.371469869298064,4.628530130701936
2025_11_NYJ_NE,2025,11,2025-11-14 01:15:00+00:00,00-0039851,Drake Maye,NE,NYJ,34.0,ridge_eb,29.793319064846717,4.206680935153283
2025_11_WAS_MIA,2025,11,2025-11-16 14:30:00+00:00,00-0036212,Tua Tagovailoa,MIA,WAS,20.0,ridge_eb,30.986656522866568,-10.986656522866568
2025_11_WAS_MIA,2025,11,2025-11-16 14:30:00+00:00,00-0032268,Marcus Mariota,WAS,MIA,30.0,ridge_eb,28.852189849620583,1.1478101503794136
2025_11_TB_BUF,2025,11,2025-11-16 18:00:00+00:00,00-0034857,Josh Allen,BUF,TB,30.0,ridge_eb,31.562464488456,-1.5624644884560013
2025_11_LAC_JAX,2025,11,2025-11-16 18:00:00+00:00,00-0036355,Justin Herbert,LAC,JAX,18.0,ridge_eb,34.32132192593222,-16.321321925932217
2025_11_LAC_JAX,2025,11,2025-11-16 18:00:00+00:00,00-0036971,Trevor Lawrence,JAX,LAC,22.0,ridge_eb,33.81403184936519,-11.814031849365191
2025_11_HOU_TEN,2025,11,2025-11-16 18:00:00+00:00,00-0040676,Cam Ward,TEN,HOU,37.0,ridge_eb,28.032161329365028,8.967838670634972
2025_11_HOU_TEN,2025,11,2025-11-16 18:00:00+00:00,00-0036898,Davis Mills,HOU,TEN,41.0,ridge_eb,34.2895394452733,6.710460554726701
2025_11_TB_BUF,2025,11,2025-11-16 18:00:00+00:00,00-0034855,Baker Mayfield,TB,BUF,28.0,ridge_eb,33.49701786126599,-5.497017861265988
2025_11_GB_NYG,2025,11,2025-11-16 18:00:00+00:00,00-0031503,Jameis Winston,NYG,GB,29.0,ridge_eb,32.12242804847761,-3.122428048477609
2025_11_CIN_PIT,2025,11,2025-11-16 18:00:00+00:00,00-0023459,Aaron Rodgers,PIT,CIN,15.0,ridge_eb,33.707323996746574,-18.707323996746577
2025_11_CIN_PIT,2025,11,2025-11-16 18:00:00+00:00,00-0026158,Joe Flacco,CIN,PIT,40.0,ridge_eb,39.15661026092352,0.8433897390764784
2025_11_CHI_MIN,2025,11,2025-11-16 18:00:00+00:00,00-0039923,J.J. McCarthy,MIN,CHI,32.0,ridge_eb,30.8157619191184,1.1842380808815989
2025_11_CHI_MIN,2025,11,2025-11-16 18:00:00+00:00,00-0039918,Caleb Williams,CHI,MIN,32.0,ridge_eb,31.623096463204934,0.3769035367950621
2025_11_CAR_ATL,2025,11,2025-11-16 18:00:00+00:00,00-0039150,Bryce Young,CAR,ATL,45.0,ridge_eb,28.07665990436167,16.92334009563833
2025_11_CAR_ATL,2025,11,2025-11-16 18:00:00+00:00,00-0039917,Michael Penix,ATL,CAR,16.0,ridge_eb,31.854926212975855,-15.854926212975858
2025_11_GB_NYG,2025,11,2025-11-16 18:00:00+00:00,00-0036264,Jordan Love,GB,NYG,24.0,ridge_eb,29.15090176483114,-5.15090176483114
2025_11_SEA_LA,2025,11,2025-11-16 21:05:00+00:00,00-0026498,Matthew Stafford,LA,SEA,28.0,ridge_eb,36.818821418772686,-8.818821418772686
2025_11_SEA_LA,2025,11,2025-11-16 21:05:00+00:00,00-0034869,Sam Darnold,SEA,LA,44.0,ridge_eb,30.113437417812676,13.886562582187324
2025_11_SF_ARI,2025,11,2025-11-16 21:05:00+00:00,00-0033119,Jacoby Brissett,ARI,SF,57.0,ridge_eb,36.11475695621462,20.88524304378538
2025_11_SF_ARI,2025,11,2025-11-16 21:05:00+00:00,00-0037834,Brock Purdy,SF,ARI,26.0,ridge_eb,31.23300922824813,-5.233009228248129
2025_11_KC_DEN,2025,11,2025-11-16 21:25:00+00:00,00-0033873,Patrick Mahomes,KC,DEN,45.0,ridge_eb,34.77423365062638,10.225766349373622
2025_11_KC_DEN,2025,11,2025-11-16 21:25:00+00:00,00-0039732,Bo Nix,DEN,KC,37.0,ridge_eb,34.68926001477033,2.3107399852296666
2025_11_BAL_CLE,2025,11,2025-11-16 21:25:00+00:00,00-0034796,Lamar Jackson,BAL,CLE,25.0,ridge_eb,26.063286701996265,-1.0632867019962653
2025_11_BAL_CLE,2025,11,2025-11-16 21:25:00+00:00,00-0040704,Dillon Gabriel,CLE,BAL,10.0,ridge_eb,30.32396478868203,-20.32396478868203
2025_11_DET_PHI,2025,11,2025-11-17 01:20:00+00:00,00-0033106,Jared Goff,DET,PHI,37.0,ridge_eb,31.76224084051079,5.237759159489212
2025_11_DET_PHI,2025,11,2025-11-17 01:20:00+00:00,00-0036389,Jalen Hurts,PHI,DET,28.0,ridge_eb,28.39930263611219,-0.3993026361121892
2025_11_DAL_LV,2025,11,2025-11-18 01:15:00+00:00,00-0033077,Dak Prescott,DAL,LV,33.0,ridge_eb,33.38119879110637,-0.381198791106371
2025_11_DAL_LV,2025,11,2025-11-18 01:15:00+00:00,00-0030565,Geno Smith,LV,DAL,42.0,ridge_eb,30.932268191522528,11.067731808477472
2025_12_BUF_HOU,2025,12,2025-11-21 01:15:00+00:00,00-0034857,Josh Allen,BUF,HOU,34.0,ridge_eb,31.00212797480244,2.997872025197559
2025_12_BUF_HOU,2025,12,2025-11-21 01:15:00+00:00,00-0036898,Davis Mills,HOU,BUF,30.0,ridge_eb,33.73262482070998,-3.732624820709979
2025_12_NYJ_BAL,2025,12,2025-11-23 18:00:00+00:00,00-0034796,Lamar Jackson,BAL,NYJ,23.0,ridge_eb,27.32572594595741,-4.325725945957409
2025_12_SEA_TEN,2025,12,2025-11-23 18:00:00+00:00,00-0034869,Sam Darnold,SEA,TEN,26.0,ridge_eb,30.9562059309218,-4.956205930921801
2025_12_PIT_CHI,2025,12,2025-11-23 18:00:00+00:00,00-0034771,Mason Rudolph,PIT,CHI,31.0,ridge_eb,30.28297353532748,0.717026464672518
2025_12_SEA_TEN,2025,12,2025-11-23 18:00:00+00:00,00-0040676,Cam Ward,TEN,SEA,42.0,ridge_eb,30.797936407330557,11.202063592669443
2025_12_NYJ_BAL,2025,12,2025-11-23 18:00:00+00:00,00-0028118,Tyrod Taylor,NYJ,BAL,28.0,ridge_eb,26.18402615234629,1.8159738476537088
2025_12_NYG_DET,2025,12,2025-11-23 18:00:00+00:00,00-0031503,Jameis Winston,NYG,DET,36.0,ridge_eb,33.30320696601139,2.6967930339886124
2025_12_PIT_CHI,2025,12,2025-11-23 18:00:00+00:00,00-0039918,Caleb Williams,CHI,PIT,35.0,ridge_eb,33.59239088755496,1.4076091124450372
2025_12_NE_CIN,2025,12,2025-11-23 18:00:00+00:00,00-0039851,Drake Maye,NE,CIN,35.0,ridge_eb,31.340467414543543,3.659532585456457
2025_12_IND_KC,2025,12,2025-11-23 18:00:00+00:00,00-0035710,Daniel Jones,IND,KC,31.0,ridge_eb,34.295824352584084,-3.295824352584084
2025_12_IND_KC,2025,12,2025-11-23 18:00:00+00:00,00-0033873,Patrick Mahomes,KC,IND,46.0,ridge_eb,38.545699480502904,7.454300519497096
2025_12_NYG_DET,2025,12,2025-11-23 18:00:00+00:00,00-0033106,Jared Goff,DET,NYG,42.0,ridge_eb,34.18634133182191,7.813658668178093
2025_12_MIN_GB,2025,12,2025-11-23 18:00:00+00:00,00-0039923,J.J. McCarthy,MIN,GB,19.0,ridge_eb,28.376171308158096,-9.376171308158096
2025_12_NE_CIN,2025,12,2025-11-23 18:00:00+00:00,00-0026158,Joe Flacco,CIN,NE,37.0,ridge_eb,39.43985245204155,-2.4398524520415563
2025_12_MIN_GB,2025,12,2025-11-23 18:00:00+00:00,00-0036264,Jordan Love,GB,MIN,21.0,ridge_eb,28.192515828453978,-7.192515828453978
2025_12_CLE_LV,2025,12,2025-11-23 21:05:00+00:00,00-0040668,Shedeur Sanders,CLE,LV,20.0,ridge_eb,29.98451307656306,-9.98451307656306
2025_12_CLE_LV,2025,12,2025-11-23 21:05:00+00:00,00-0030565,Geno Smith,LV,CLE,44.0,ridge_eb,29.97220348586714,14.02779651413286
2025_12_JAX_ARI,2025,12,2025-11-23 21:05:00+00:00,00-0033119,Jacoby Brissett,ARI,JAX,49.0,ridge_eb,38.15498492351272,10.84501507648728
2025_12_JAX_ARI,2025,12,2025-11-23 21:05:00+00:00,00-0036971,Trevor Lawrence,JAX,ARI,30.0,ridge_eb,32.07115352422673,-2.0711535242267303
2025_12_PHI_DAL,2025,12,2025-11-23 21:25:00+00:00,00-0033077,Dak Prescott,DAL,PHI,36.0,ridge_eb,33.966856715785795,2.033143284214205
2025_12_PHI_DAL,2025,12,2025-11-23 21:25:00+00:00,00-0036389,Jalen Hurts,PHI,DAL,39.0,ridge_eb,28.843358114210417,10.156641885789586
2025_12_ATL_NO,2025,12,2025-11-23 21:25:00+00:00,00-0029604,Kirk Cousins,ATL,NO,23.0,ridge_eb,30.397420684020105,-7.397420684020105
2025_12_ATL_NO,2025,12,2025-11-23 21:25:00+00:00,00-0040743,Tyler Shough,NO,ATL,43.0,ridge_eb,27.60662264493032,15.39337735506968
2025_12_TB_LA,2025,12,2025-11-24 01:20:00+00:00,00-0026498,Matthew Stafford,LA,TB,35.0,ridge_eb,37.12692017307731,-2.126920173077309
2025_12_TB_LA,2025,12,2025-11-24 01:20:00+00:00,00-0034855,Baker Mayfield,TB,LA,19.0,ridge_eb,33.55532099905271,-14.55532099905271
2025_12_CAR_SF,2025,12,2025-11-25 01:15:00+00:00,00-0039150,Bryce Young,CAR,SF,29.0,ridge_eb,31.25085447325985,-2.2508544732598494
2025_12_CAR_SF,2025,12,2025-11-25 01:15:00+00:00,00-0037834,Brock Purdy,SF,CAR,32.0,ridge_eb,31.19095787733237,0.8090421226676341
2025_13_GB_DET,2025,13,2025-11-27 18:00:00+00:00,00-0033106,Jared Goff,DET,GB,26.0,ridge_eb,34.710601864916796,-8.710601864916796
2025_13_GB_DET,2025,13,2025-11-27 18:00:00+00:00,00-0036264,Jordan Love,GB,DET,30.0,ridge_eb,29.762073351430583,0.2379266485694167
2025_13_KC_DAL,2025,13,2025-11-27 21:30:00+00:00,00-0033077,Dak Prescott,DAL,KC,39.0,ridge_eb,37.00981440389166,1.99018559610834
2025_13_KC_DAL,2025,13,2025-11-27 21:30:00+00:00,00-0033873,Patrick Mahomes,KC,DAL,34.0,ridge_eb,40.440902275165925,-6.440902275165925
2025_13_CIN_BAL,2025,13,2025-11-28 01:20:00+00:00,00-0034796,Lamar Jackson,BAL,CIN,32.0,ridge_eb,29.846766369151123,2.1532336308488773
2025_13_CIN_BAL,2025,13,2025-11-28 01:20:00+00:00,00-0036442,Joe Burrow,CIN,BAL,46.0,ridge_eb,33.44586388766453,12.55413611233547
2025_13_CHI_PHI,2025,13,2025-11-28 20:00:00+00:00,00-0036389,Jalen Hurts,PHI,CHI,34.0,ridge_eb,27.416350418234423,6.583649581765574
2025_13_CHI_PHI,2025,13,2025-11-28 20:00:00+00:00,00-0039918,Caleb Williams,CHI,PHI,36.0,ridge_eb,31.23259121589396,4.767408784106042
2025_13_NO_MIA,2025,13,2025-11-30 18:00:00+00:00,00-0036212,Tua Tagovailoa,MIA,NO,23.0,ridge_eb,27.14974150327269,-4.14974150327269
2025_13_SF_CLE,2025,13,2025-11-30 18:00:00+00:00,00-0037834,Brock Purdy,SF,CLE,29.0,ridge_eb,29.24906160103556,-0.2490616010355602
2025_13_SF_CLE,2025,13,2025-11-30 18:00:00+00:00,00-0040668,Shedeur Sanders,CLE,SF,25.0,ridge_eb,27.859839570480673,-2.8598395704806734
2025_13_NO_MIA,2025,13,2025-11-30 18:00:00+00:00,00-0040743,Tyler Shough,NO,MIA,38.0,ridge_eb,29.096105811531547,8.903894188468453
2025_13_LA_CAR,2025,13,2025-11-30 18:00:00+00:00,00-0039150,Bryce Young,CAR,LA,20.0,ridge_eb,29.102119492696705,-9.102119492696705
2025_13_JAX_TEN,2025,13,2025-11-30 18:00:00+00:00,00-0040676,Cam Ward,TEN,JAX,38.0,ridge_eb,32.84254773503444,5.157452264965563
2025_13_LA_CAR,2025,13,2025-11-30 18:00:00+00:00,00-0026498,Matthew Stafford,LA,CAR,28.0,ridge_eb,34.269385415558396,-6.269385415558396
2025_13_HOU_IND,2025,13,2025-11-30 18:00:00+00:00,00-0035710,Daniel Jones,IND,HOU,27.0,ridge_eb,34.63402984502093,-7.634029845020933
2025_13_HOU_IND,2025,13,2025-11-30 18:00:00+00:00,00-0039163,C.J. Stroud,HOU,IND,35.0,ridge_eb,32.307637577582234,2.692362422417766
2025_13_ATL_NYJ,2025,13,2025-11-30 18:00:00+00:00,00-0028118,Tyrod Taylor,NYJ,ATL,33.0,ridge_eb,26.329387838927634,6.670612161072366
2025_13_ATL_NYJ,2025,13,2025-11-30 18:00:00+00:00,00-0029604,Kirk Cousins,ATL,NYJ,33.0,ridge_eb,29.363538733157625,3.636461266842378
2025_13_ARI_TB,2025,13,2025-11-30 18:00:00+00:00,00-0034855,Baker Mayfield,TB,ARI,28.0,ridge_eb,32.19950137956106,-4.199501379561063
2025_13_ARI_TB,2025,13,2025-11-30 18:00:00+00:00,00-0033119,Jacoby Brissett,ARI,TB,40.0,ridge_eb,38.040722227115246,1.9592777728847537
2025_13_JAX_TEN,2025,13,2025-11-30 18:00:00+00:00,00-0036971,Trevor Lawrence,JAX,TEN,27.0,ridge_eb,32.54646177947719,-5.546461779477191
2025_13_MIN_SEA,2025,13,2025-11-30 21:05:00+00:00,00-0040494,Max Brosmer,MIN,SEA,30.0,ridge_eb,29.553876964468316,0.4461230355316843
2025_13_MIN_SEA,2025,13,2025-11-30 21:05:00+00:00,00-0034869,Sam Darnold,SEA,MIN,26.0,ridge_eb,28.49818101659405,-2.498181016594046
2025_13_LV_LAC,2025,13,2025-11-30 21:25:00+00:00,00-0036355,Justin Herbert,LAC,LV,20.0,ridge_eb,30.645584318244868,-10.645584318244868
2025_13_BUF_PIT,2025,13,2025-11-30 21:25:00+00:00,00-0034857,Josh Allen,BUF,PIT,23.0,ridge_eb,31.577009854319257,-8.577009854319257
2025_13_BUF_PIT,2025,13,2025-11-30 21:25:00+00:00,00-0023459,Aaron Rodgers,PIT,BUF,21.0,ridge_eb,29.99983131976629,-8.99983131976629
2025_13_LV_LAC,2025,13,2025-11-30 21:25:00+00:00,00-0030565,Geno Smith,LV,LAC,23.0,ridge_eb,31.12362227681072,-8.123622276810721
2025_13_DEN_WAS,2025,13,2025-12-01 01:20:00+00:00,00-0039732,Bo Nix,DEN,WAS,45.0,ridge_eb,33.6449030632207,11.355096936779296
2025_13_DEN_WAS,2025,13,2025-12-01 01:20:00+00:00,00-0032268,Marcus Mariota,WAS,DEN,50.0,ridge_eb,27.879695263031483,22.120304736968517
2025_13_NYG_NE,2025,13,2025-12-02 01:15:00+00:00,00-0040691,Jaxson Dart,NYG,NE,24.0,ridge_eb,28.681621185513738,-4.681621185513734
2025_13_NYG_NE,2025,13,2025-12-02 01:15:00+00:00,00-0039851,Drake Maye,NE,NYG,31.0,ridge_eb,31.602026166704903,-0.6020261667049063
2025_14_DAL_DET,2025,14,2025-12-05 01:15:00+00:00,00-0033106,Jared Goff,DET,DAL,34.0,ridge_eb,35.38634161782981,-1.3863416178298067
2025_14_DAL_DET,2025,14,2025-12-05 01:15:00+00:00,00-0033077,Dak Prescott,DAL,DET,47.0,ridge_eb,36.452842343392206,10.547157656607794
2025_14_SEA_ATL,2025,14,2025-12-07 18:00:00+00:00,00-0029604,Kirk Cousins,ATL,SEA,30.0,ridge_eb,31.70171528672743,-1.7017152867274312
2025_14_WAS_MIN,2025,14,2025-12-07 18:00:00+00:00,00-0032268,Marcus Mariota,WAS,MIN,4.0,ridge_eb,29.49016174630596,-25.49016174630596
2025_14_WAS_MIN,2025,14,2025-12-07 18:00:00+00:00,00-0039923,J.J. McCarthy,MIN,WAS,23.0,ridge_eb,28.97160214762586,-5.971602147625859
2025_14_TEN_CLE,2025,14,2025-12-07 18:00:00+00:00,00-0040676,Cam Ward,TEN,CLE,28.0,ridge_eb,30.658239528527563,-2.658239528527563
2025_14_TEN_CLE,2025,14,2025-12-07 18:00:00+00:00,00-0040668,Shedeur Sanders,CLE,TEN,42.0,ridge_eb,27.66147737456302,14.33852262543698
2025_14_SEA_ATL,2025,14,2025-12-07 18:00:00+00:00,00-0034869,Sam Darnold,SEA,ATL,30.0,ridge_eb,30.320933839020626,-0.320933839020622
2025_14_PIT_BAL,2025,14,2025-12-07 18:00:00+00:00,00-0034796,Lamar Jackson,BAL,PIT,35.0,ridge_eb,27.313660269707675,7.686339730292325
2025_14_PIT_BAL,2025,14,2025-12-07 18:00:00+00:00,00-0023459,Aaron Rodgers,PIT,BAL,34.0,ridge_eb,29.244464737538213,4.7555352624617875
2025_14_NO_TB,2025,14,2025-12-07 18:00:00+00:00,00-0040743,Tyler Shough,NO,TB,20.0,ridge_eb,31.492364943165303,-11.492364943165306
2025_14_MIA_NYJ,2025,14,2025-12-07 18:00:00+00:00,00-0028118,Tyrod Taylor,NYJ,MIA,4.0,ridge_eb,27.201100803785952,-23.201100803785952
2025_14_MIA_NYJ,2025,14,2025-12-07 18:00:00+00:00,00-0036212,Tua Tagovailoa,MIA,NYJ,21.0,ridge_eb,27.937721797899627,-6.937721797899627
2025_14_IND_JAX,2025,14,2025-12-07 18:00:00+00:00,00-0036971,Trevor Lawrence,JAX,IND,30.0,ridge_eb,31.31872111503048,-1.3187211150304812
2025_14_IND_JAX,2025,14,2025-12-07 18:00:00+00:00,00-0035710,Daniel Jones,IND,JAX,7.0,ridge_eb,33.650034482277825,-26.650034482277825
2025_14_CIN_BUF,2025,14,2025-12-07 18:00:00+00:00,00-0036442,Joe Burrow,CIN,BUF,36.0,ridge_eb,33.92986526611665,2.07013473388335
2025_14_CIN_BUF,2025,14,2025-12-07 18:00:00+00:00,00-0034857,Josh Allen,BUF,CIN,28.0,ridge_eb,31.57381407697271,-3.5738140769727096
2025_14_NO_TB,2025,14,2025-12-07 18:00:00+00:00,00-0034855,Baker Mayfield,TB,NO,30.0,ridge_eb,30.52665539707629,-0.5266553970762899
2025_14_DEN_LV,2025,14,2025-12-07 21:05:00+00:00,00-0039732,Bo Nix,DEN,LV,38.0,ridge_eb,34.72979520496217,3.2702047950378272
2025_14_DEN_LV,2025,14,2025-12-07 21:05:00+00:00,00-0030565,Geno Smith,LV,DEN,21.0,ridge_eb,30.64515657897313,-9.645156578973126
2025_14_LA_ARI,2025,14,2025-12-07 21:25:00+00:00,00-0026498,Matthew Stafford,LA,ARI,31.0,ridge_eb,35.09966257386647,-4.099662573866468
2025_14_CHI_GB,2025,14,2025-12-07 21:25:00+00:00,00-0039918,Caleb Williams,CHI,GB,35.0,ridge_eb,31.377537369616743,3.622462630383257
2025_14_CHI_GB,2025,14,2025-12-07 21:25:00+00:00,00-0036264,Jordan Love,GB,CHI,25.0,ridge_eb,27.71591080770273,-2.7159108077027305
2025_14_LA_ARI,2025,14,2025-12-07 21:25:00+00:00,00-0033119,Jacoby Brissett,ARI,LA,44.0,ridge_eb,36.28559766493425,7.714402335065749
2025_14_HOU_KC,2025,14,2025-12-08 01:20:00+00:00,00-0033873,Patrick Mahomes,KC,HOU,33.0,ridge_eb,35.553519305080655,-2.5535193050806555
2025_14_HOU_KC,2025,14,2025-12-08 01:20:00+00:00,00-0039163,C.J. Stroud,HOU,KC,31.0,ridge_eb,32.7037513254385,-1.7037513254385033
2025_14_PHI_LAC,2025,14,2025-12-09 01:15:00+00:00,00-0036355,Justin Herbert,LAC,PHI,26.0,ridge_eb,29.82820778929476,-3.8282077892947584
2025_14_PHI_LAC,2025,14,2025-12-09 01:15:00+00:00,00-0036389,Jalen Hurts,PHI,LAC,40.0,ridge_eb,28.802961322800808,11.197038677199192
2025_15_ATL_TB,2025,15,2025-12-12 01:15:00+00:00,00-0029604,Kirk Cousins,ATL,TB,44.0,ridge_eb,31.09504707405685,12.90495292594315
2025_15_ATL_TB,2025,15,2025-12-12 01:15:00+00:00,00-0034855,Baker Mayfield,TB,ATL,34.0,ridge_eb,31.42022432701317,2.579775672986834
2025_15_WAS_NYG,2025,15,2025-12-14 18:00:00+00:00,00-0032268,Marcus Mariota,WAS,NYG,19.0,ridge_eb,28.172820500789292,-9.172820500789292
2025_15_WAS_NYG,2025,15,2025-12-14 18:00:00+00:00,00-0040691,Jaxson Dart,NYG,WAS,36.0,ridge_eb,27.74580883672905,8.25419116327095
2025_15_NYJ_JAX,2025,15,2025-12-14 18:00:00+00:00,00-0040398,Brady Cook,NYJ,JAX,33.0,ridge_eb,30.029376181648153,2.9706238183518465
2025_15_NYJ_JAX,2025,15,2025-12-14 18:00:00+00:00,00-0036971,Trevor Lawrence,JAX,NYJ,32.0,ridge_eb,29.51604538069226,2.4839546193077418
2025_15_LV_PHI,2025,15,2025-12-14 18:00:00+00:00,00-0036389,Jalen Hurts,PHI,LV,15.0,ridge_eb,28.77716420402713,-13.77716420402713
2025_15_LV_PHI,2025,15,2025-12-14 18:00:00+00:00,00-0038102,Kenny Pickett,LV,PHI,25.0,ridge_eb,27.08806577540759,-2.088065775407589
2025_15_LAC_KC,2025,15,2025-12-14 18:00:00+00:00,00-0036355,Justin Herbert,LAC,KC,29.0,ridge_eb,30.030115425022608,-1.0301154250226077
2025_15_LAC_KC,2025,15,2025-12-14 18:00:00+00:00,00-0033873,Patrick Mahomes,KC,LAC,28.0,ridge_eb,35.228201595257836,-7.228201595257836
2025_15_CLE_CHI,2025,15,2025-12-14 18:00:00+00:00,00-0039918,Caleb Williams,CHI,CLE,28.0,ridge_eb,31.112954988762695,-3.112954988762695
2025_15_BUF_NE,2025,15,2025-12-14 18:00:00+00:00,00-0039851,Drake Maye,NE,BUF,23.0,ridge_eb,31.243237990491235,-8.243237990491235
2025_15_BUF_NE,2025,15,2025-12-14 18:00:00+00:00,00-0034857,Josh Allen,BUF,NE,28.0,ridge_eb,30.66757209518129,-2.6675720951812885
2025_15_BAL_CIN,2025,15,2025-12-14 18:00:00+00:00,00-0036442,Joe Burrow,CIN,BAL,39.0,ridge_eb,35.683060312890554,3.3169396871094463
2025_15_BAL_CIN,2025,15,2025-12-14 18:00:00+00:00,00-0034796,Lamar Jackson,BAL,CIN,12.0,ridge_eb,29.58836208713871,-17.58836208713871
2025_15_ARI_HOU,2025,15,2025-12-14 18:00:00+00:00,00-0039163,C.J. Stroud,HOU,ARI,29.0,ridge_eb,32.38613099318705,-3.386130993187052
2025_15_ARI_HOU,2025,15,2025-12-14 18:00:00+00:00,00-0033119,Jacoby Brissett,ARI,HOU,40.0,ridge_eb,36.32064118224679,3.679358817753211
2025_15_CLE_CHI,2025,15,2025-12-14 18:00:00+00:00,00-0040668,Shedeur Sanders,CLE,CHI,35.0,ridge_eb,28.324813378192907,6.675186621807093
2025_15_TEN_SF,2025,15,2025-12-14 21:25:00+00:00,00-0040676,Cam Ward,TEN,SF,29.0,ridge_eb,32.02791860204469,-3.027918602044693
2025_15_TEN_SF,2025,15,2025-12-14 21:25:00+00:00,00-0037834,Brock Purdy,SF,TEN,30.0,ridge_eb,31.088761283301828,-1.088761283301828
2025_15_IND_SEA,2025,15,2025-12-14 21:25:00+00:00,00-0034869,Sam Darnold,SEA,IND,36.0,ridge_eb,29.788412947964964,6.211587052035036
2025_15_IND_SEA,2025,15,2025-12-14 21:25:00+00:00,00-0022942,Philip Rivers,IND,SEA,27.0,ridge_eb,32.297176885889336,-5.297176885889336
2025_15_GB_DEN,2025,15,2025-12-14 21:25:00+00:00,00-0036264,Jordan Love,GB,DEN,40.0,ridge_eb,29.81363810939228,10.18636189060772
2025_15_GB_DEN,2025,15,2025-12-14 21:25:00+00:00,00-0039732,Bo Nix,DEN,GB,34.0,ridge_eb,34.927860686209826,-0.9278606862098258
2025_15_DET_LA,2025,15,2025-12-14 21:25:00+00:00,00-0033106,Jared Goff,DET,LA,41.0,ridge_eb,33.51984941021535,7.48015058978465
2025_15_CAR_NO,2025,15,2025-12-14 21:25:00+00:00,00-0040743,Tyler Shough,NO,CAR,32.0,ridge_eb,28.47203392732922,3.527966072670779
2025_15_CAR_NO,2025,15,2025-12-14 21:25:00+00:00,00-0039150,Bryce Young,CAR,NO,24.0,ridge_eb,26.010181977797984,-2.010181977797984
2025_15_DET_LA,2025,15,2025-12-14 21:25:00+00:00,00-0026498,Matthew Stafford,LA,DET,38.0,ridge_eb,35.826705323581784,2.173294676418216
2025_15_MIN_DAL,2025,15,2025-12-15 01:20:00+00:00,00-0033077,Dak Prescott,DAL,MIN,38.0,ridge_eb,35.55445656028625,2.4455434397137523
2025_15_MIN_DAL,2025,15,2025-12-15 01:20:00+00:00,00-0039923,J.J. McCarthy,MIN,DAL,24.0,ridge_eb,29.790764832294705,-5.790764832294702
2025_15_MIA_PIT,2025,15,2025-12-16 01:15:00+00:00,00-0036212,Tua Tagovailoa,MIA,PIT,28.0,ridge_eb,27.800941824548993,0.1990581754510074
2025_15_MIA_PIT,2025,15,2025-12-16 01:15:00+00:00,00-0023459,Aaron Rodgers,PIT,MIA,27.0,ridge_eb,30.31248082215997,-3.3124808221599693
2025_16_LA_SEA,2025,16,2025-12-19 01:15:00+00:00,00-0034869,Sam Darnold,SEA,LA,34.0,ridge_eb,30.31438322236289,3.685616777637112
2025_16_LA_SEA,2025,16,2025-12-19 01:15:00+00:00,00-0026498,Matthew Stafford,LA,SEA,49.0,ridge_eb,33.552839804008606,15.447160195991394
2025_16_PHI_WAS,2025,16,2025-12-20 22:00:00+00:00,00-0036389,Jalen Hurts,PHI,WAS,30.0,ridge_eb,27.82031825173506,2.17968174826494
2025_16_PHI_WAS,2025,16,2025-12-20 22:00:00+00:00,00-0032268,Marcus Mariota,WAS,PHI,14.0,ridge_eb,25.86747666818962,-11.86747666818962
2025_16_GB_CHI,2025,16,2025-12-21 01:20:00+00:00,00-0039918,Caleb Williams,CHI,GB,34.0,ridge_eb,32.3407860611251,1.659213938874899
2025_16_GB_CHI,2025,16,2025-12-21 01:20:00+00:00,00-0036264,Jordan Love,GB,CHI,13.0,ridge_eb,29.633466029461548,-16.633466029461548
2025_16_MIN_NYG,2025,16,2025-12-21 18:00:00+00:00,00-0039923,J.J. McCarthy,MIN,NYG,14.0,ridge_eb,27.664422079115116,-13.664422079115116
2025_16_TB_CAR,2025,16,2025-12-21 18:00:00+00:00,00-0034855,Baker Mayfield,TB,CAR,26.0,ridge_eb,31.746439078460583,-5.746439078460586
2025_16_TB_CAR,2025,16,2025-12-21 18:00:00+00:00,00-0039150,Bryce Young,CAR,TB,32.0,ridge_eb,27.92245100617567,4.077548993824326
2025_16_NYJ_NO,2025,16,2025-12-21 18:00:00+00:00,00-0040743,Tyler Shough,NO,NYJ,49.0,ridge_eb,27.655847712099305,21.344152287900695
2025_16_MIN_NYG,2025,16,2025-12-21 18:00:00+00:00,00-0040691,Jaxson Dart,NYG,MIN,13.0,ridge_eb,26.78361454502026,-13.78361454502026
2025_16_LAC_DAL,2025,16,2025-12-21 18:00:00+00:00,00-0036355,Justin Herbert,LAC,DAL,29.0,ridge_eb,32.42340520624724,-3.4234052062472387
2025_16_BUF_CLE,2025,16,2025-12-21 18:00:00+00:00,00-0034857,Josh Allen,BUF,CLE,19.0,ridge_eb,27.230141201344093,-8.230141201344093
2025_16_KC_TEN,2025,16,2025-12-21 18:00:00+00:00,00-0040676,Cam Ward,TEN,KC,28.0,ridge_eb,30.32109384354717,-2.321093843547171
2025_16_KC_TEN,2025,16,2025-12-21 18:00:00+00:00,00-0035289,Gardner Minshew,KC,TEN,8.0,ridge_eb,32.15218729835217,-24.152187298352167
2025_16_CIN_MIA,2025,16,2025-12-21 18:00:00+00:00,00-0040234,Quinn Ewers,MIA,CIN,30.0,ridge_eb,28.646729241477225,1.3532707585227757
2025_16_CIN_MIA,2025,16,2025-12-21 18:00:00+00:00,00-0036442,Joe Burrow,CIN,MIA,32.0,ridge_eb,34.659983137299164,-2.6599831372991645
2025_16_BUF_CLE,2025,16,2025-12-21 18:00:00+00:00,00-0040668,Shedeur Sanders,CLE,BUF,29.0,ridge_eb,30.02762418758977,-1.027624187589769
2025_16_LAC_DAL,2025,16,2025-12-21 18:00:00+00:00,00-0033077,Dak Prescott,DAL,LAC,30.0,ridge_eb,37.0735023147672,-7.073502314767204
2025_16_JAX_DEN,2025,16,2025-12-21 21:05:00+00:00,00-0036971,Trevor Lawrence,JAX,DEN,36.0,ridge_eb,33.35662280957545,2.643377190424552
2025_16_JAX_DEN,2025,16,2025-12-21 21:05:00+00:00,00-0039732,Bo Nix,DEN,JAX,47.0,ridge_eb,37.00195233194854,9.998047668051464
2025_16_ATL_ARI,2025,16,2025-12-21 21:05:00+00:00,00-0033119,Jacoby Brissett,ARI,ATL,31.0,ridge_eb,38.4827952140051,-7.482795214005101
2025_16_ATL_ARI,2025,16,2025-12-21 21:05:00+00:00,00-0029604,Kirk Cousins,ATL,ARI,35.0,ridge_eb,32.07248822489138,2.92751177510862
2025_16_LV_HOU,2025,16,2025-12-21 21:25:00+00:00,00-0039163,C.J. Stroud,HOU,LV,35.0,ridge_eb,31.3210383156775,3.6789616843224984
2025_16_LV_HOU,2025,16,2025-12-21 21:25:00+00:00,00-0030565,Geno Smith,LV,HOU,23.0,ridge_eb,27.998196159032684,-4.998196159032684
2025_16_PIT_DET,2025,16,2025-12-21 21:25:00+00:00,00-0033106,Jared Goff,DET,PIT,54.0,ridge_eb,34.58150397138948,19.41849602861052
2025_16_PIT_DET,2025,16,2025-12-21 21:25:00+00:00,00-0023459,Aaron Rodgers,PIT,DET,41.0,ridge_eb,32.40119782396349,8.598802176036507
2025_16_NE_BAL,2025,16,2025-12-22 01:20:00+00:00,00-0034796,Lamar Jackson,BAL,NE,10.0,ridge_eb,27.388200534821895,-17.388200534821898
2025_16_NE_BAL,2025,16,2025-12-22 01:20:00+00:00,00-0039851,Drake Maye,NE,BAL,44.0,ridge_eb,31.888980365500935,12.111019634499062
2025_16_SF_IND,2025,16,2025-12-23 01:15:00+00:00,00-0022942,Philip Rivers,IND,SF,35.0,ridge_eb,33.439896270549255,1.560103729450745
2025_16_SF_IND,2025,16,2025-12-23 01:15:00+00:00,00-0037834,Brock Purdy,SF,IND,34.0,ridge_eb,31.56018344458132,2.4398165554186804
2025_17_DAL_WAS,2025,17,2025-12-25 18:00:00+00:00,00-0026300,Josh Johnson,WAS,DAL,23.0,ridge_eb,30.471557057429205,-7.471557057429205
2025_17_DAL_WAS,2025,17,2025-12-25 18:00:00+00:00,00-0033077,Dak Prescott,DAL,WAS,37.0,ridge_eb,35.493347021988335,1.506652978011665
2025_17_DET_MIN,2025,17,2025-12-25 21:30:00+00:00,00-0040494,Max Brosmer,MIN,DET,16.0,ridge_eb,31.15441209451017,-15.154412094510173
2025_17_DET_MIN,2025,17,2025-12-25 21:30:00+00:00,00-0033106,Jared Goff,DET,MIN,29.0,ridge_eb,34.60068153424759,-5.600681534247592
2025_17_DEN_KC,2025,17,2025-12-26 01:15:00+00:00,00-0039732,Bo Nix,DEN,KC,38.0,ridge_eb,35.68237949033492,2.3176205096650833
2025_17_DEN_KC,2025,17,2025-12-26 01:15:00+00:00,00-0037324,Chris Oladokun,KC,DEN,22.0,ridge_eb,31.349464605294923,-9.349464605294925
2025_17_HOU_LAC,2025,17,2025-12-27 21:30:00+00:00,00-0039163,C.J. Stroud,HOU,LAC,28.0,ridge_eb,32.77938743073236,-4.779387430732363
2025_17_HOU_LAC,2025,17,2025-12-27 21:30:00+00:00,00-0036355,Justin Herbert,LAC,HOU,32.0,ridge_eb,29.369870588492255,2.630129411507746
2025_17_BAL_GB,2025,17,2025-12-28 01:00:00+00:00,00-0035993,Tyler Huntley,BAL,GB,20.0,ridge_eb,23.408070137240117,-3.4080701372401165
2025_17_BAL_GB,2025,17,2025-12-28 01:00:00+00:00,00-0038128,Malik Willis,GB,BAL,21.0,ridge_eb,23.352395275433352,-2.352395275433352
2025_17_SEA_CAR,2025,17,2025-12-28 18:00:00+00:00,00-0039150,Bryce Young,CAR,SEA,24.0,ridge_eb,26.719032146828397,-2.719032146828397
2025_17_SEA_CAR,2025,17,2025-12-28 18:00:00+00:00,00-0034869,Sam Darnold,SEA,CAR,27.0,ridge_eb,30.525790062909437,-3.5257900629094365
2025_17_PIT_CLE,2025,17,2025-12-28 18:00:00+00:00,00-0023459,Aaron Rodgers,PIT,CLE,39.0,ridge_eb,28.691532738867345,10.308467261132655
2025_17_TB_MIA,2025,17,2025-12-28 18:00:00+00:00,00-0034855,Baker Mayfield,TB,MIA,44.0,ridge_eb,30.863799628476116,13.136200371523884
2025_17_TB_MIA,2025,17,2025-12-28 18:00:00+00:00,00-0040234,Quinn Ewers,MIA,TB,22.0,ridge_eb,29.86296815492799,-7.862968154927991
2025_17_PIT_CLE,2025,17,2025-12-28 18:00:00+00:00,00-0040668,Shedeur Sanders,CLE,PIT,23.0,ridge_eb,29.43753637777486,-6.437536377774862
2025_17_ARI_CIN,2025,17,2025-12-28 18:00:00+00:00,00-0033119,Jacoby Brissett,ARI,CIN,37.0,ridge_eb,36.07621420180763,0.9237857981923696
2025_17_NO_TEN,2025,17,2025-12-28 18:00:00+00:00,00-0040743,Tyler Shough,NO,TEN,27.0,ridge_eb,33.089879841271916,-6.089879841271916
2025_17_NE_NYJ,2025,17,2025-12-28 18:00:00+00:00,00-0039851,Drake Maye,NE,NYJ,21.0,ridge_eb,31.357159892132888,-10.357159892132888
2025_17_JAX_IND,2025,17,2025-12-28 18:00:00+00:00,00-0036971,Trevor Lawrence,JAX,IND,37.0,ridge_eb,33.85755091330966,3.142449086690341
2025_17_JAX_IND,2025,17,2025-12-28 18:00:00+00:00,00-0022942,Philip Rivers,IND,JAX,30.0,ridge_eb,34.44757298926759,-4.4475729892675915
2025_17_ARI_CIN,2025,17,2025-12-28 18:00:00+00:00,00-0036442,Joe Burrow,CIN,ARI,31.0,ridge_eb,34.829768451331624,-3.829768451331624
2025_17_NO_TEN,2025,17,2025-12-28 18:00:00+00:00,00-0040676,Cam Ward,TEN,NO,40.0,ridge_eb,29.34259351941833,10.65740648058167
2025_17_NYG_LV,2025,17,2025-12-28 21:05:00+00:00,00-0030565,Geno Smith,LV,NYG,28.0,ridge_eb,28.17249824690775,-0.1724982469077502
2025_17_NYG_LV,2025,17,2025-12-28 21:05:00+00:00,00-0040691,Jaxson Dart,NYG,LV,30.0,ridge_eb,25.479876865060874,4.520123134939126
2025_17_PHI_BUF,2025,17,2025-12-28 21:25:00+00:00,00-0034857,Josh Allen,BUF,PHI,35.0,ridge_eb,28.15572275092565,6.844277249074349
2025_17_PHI_BUF,2025,17,2025-12-28 21:25:00+00:00,00-0036389,Jalen Hurts,PHI,BUF,27.0,ridge_eb,27.923963967094473,-0.9239639670944726
2025_17_CHI_SF,2025,17,2025-12-29 01:20:00+00:00,00-0037834,Brock Purdy,SF,CHI,33.0,ridge_eb,32.59502638445036,0.4049736155496433
2025_17_CHI_SF,2025,17,2025-12-29 01:20:00+00:00,00-0039918,Caleb Williams,CHI,SF,42.0,ridge_eb,33.82416803939444,8.175831960605557
2025_17_LA_ATL,2025,17,2025-12-30 01:15:00+00:00,00-0029604,Kirk Cousins,ATL,LA,20.0,ridge_eb,31.469508089765498,-11.469508089765494
2025_17_LA_ATL,2025,17,2025-12-30 01:15:00+00:00,00-0026498,Matthew Stafford,LA,ATL,38.0,ridge_eb,36.38386875419821,1.616131245801796
2025_18_CAR_TB,2025,18,2026-01-03 21:30:00+00:00,00-0039150,Bryce Young,CAR,TB,35.0,ridge_eb,28.32856342607443,6.671436573925568
2025_18_CAR_TB,2025,18,2026-01-03 21:30:00+00:00,00-0034855,Baker Mayfield,TB,CAR,22.0,ridge_eb,31.395544912253193,-9.395544912253191
2025_18_SEA_SF,2025,18,2026-01-04 01:00:00+00:00,00-0034869,Sam Darnold,SEA,SF,26.0,ridge_eb,32.16736828555436,-6.16736828555436
2025_18_SEA_SF,2025,18,2026-01-04 01:00:00+00:00,00-0037834,Brock Purdy,SF,SEA,27.0,ridge_eb,31.606956541303603,-4.606956541303603
2025_18_IND_HOU,2025,18,2026-01-04 18:00:00+00:00,00-0040206,Riley Leonard,IND,HOU,34.0,ridge_eb,27.516200630875037,6.483799369124963
2025_18_TEN_JAX,2025,18,2026-01-04 18:00:00+00:00,00-0036971,Trevor Lawrence,JAX,TEN,30.0,ridge_eb,34.44872522247677,-4.448725222476767
2025_18_NO_ATL,2025,18,2026-01-04 18:00:00+00:00,00-0040743,Tyler Shough,NO,ATL,35.0,ridge_eb,32.22987841552015,2.770121584479853
2025_18_NO_ATL,2025,18,2026-01-04 18:00:00+00:00,00-0029604,Kirk Cousins,ATL,NO,32.0,ridge_eb,29.567199211358016,2.432800788641984
2025_18_TEN_JAX,2025,18,2026-01-04 18:00:00+00:00,00-0040676,Cam Ward,TEN,JAX,3.0,ridge_eb,32.394957011594514,-29.394957011594514
2025_18_IND_HOU,2025,18,2026-01-04 18:00:00+00:00,00-0039163,C.J. Stroud,HOU,IND,23.0,ridge_eb,30.79896959085628,-7.798969590856281
2025_18_DAL_NYG,2025,18,2026-01-04 18:00:00+00:00,00-0040691,Jaxson Dart,NYG,DAL,32.0,ridge_eb,28.709346725042337,3.2906532749576662
2025_18_GB_MIN,2025,18,2026-01-04 18:00:00+00:00,00-0038582,Clayton Tune,GB,MIN,11.0,ridge_eb,19.759093521863672,-8.759093521863672
2025_18_DAL_NYG,2025,18,2026-01-04 18:00:00+00:00,00-0033077,Dak Prescott,DAL,NYG,11.0,ridge_eb,35.23905743577004,-24.239057435770043
2025_18_CLE_CIN,2025,18,2026-01-04 18:00:00+00:00,00-0040668,Shedeur Sanders,CLE,CIN,22.0,ridge_eb,30.9455912489911,-8.9455912489911
2025_18_CLE_CIN,2025,18,2026-01-04 18:00:00+00:00,00-0036442,Joe Burrow,CIN,CLE,39.0,ridge_eb,32.87833007387939,6.12166992612061
2025_18_GB_MIN,2025,18,2026-01-04 18:00:00+00:00,00-0039923,J.J. McCarthy,MIN,GB,23.0,ridge_eb,24.76679986709977,-1.7667998670997704
2025_18_NYJ_BUF,2025,18,2026-01-04 21:25:00+00:00,00-0040398,Brady Cook,NYJ,BUF,22.0,ridge_eb,27.59193135071867,-5.591931350718674
2025_18_NYJ_BUF,2025,18,2026-01-04 21:25:00+00:00,00-0033869,Mitchell Trubisky,BUF,NYJ,29.0,ridge_eb,27.897716277799244,1.102283722200756
2025_18_MIA_NE,2025,18,2026-01-04 21:25:00+00:00,00-0039851,Drake Maye,NE,MIA,18.0,ridge_eb,30.70358389327083,-12.703583893270832
2025_18_MIA_NE,2025,18,2026-01-04 21:25:00+00:00,00-0040234,Quinn Ewers,MIA,NE,23.0,ridge_eb,26.021019168195046,-3.0210191681950462
2025_18_LAC_DEN,2025,18,2026-01-04 21:25:00+00:00,00-0037012,Trey Lance,LAC,DEN,44.0,ridge_eb,26.66337711365487,17.33662288634513
2025_18_LAC_DEN,2025,18,2026-01-04 21:25:00+00:00,00-0039732,Bo Nix,DEN,LAC,23.0,ridge_eb,34.14535797467575,-11.145357974675749
2025_18_KC_LV,2025,18,2026-01-04 21:25:00+00:00,00-0037324,Chris Oladokun,KC,LV,17.0,ridge_eb,27.896639601627516,-10.896639601627516
2025_18_DET_CHI,2025,18,2026-01-04 21:25:00+00:00,00-0033106,Jared Goff,DET,CHI,42.0,ridge_eb,33.30518462264588,8.694815377354118
2025_18_DET_CHI,2025,18,2026-01-04 21:25:00+00:00,00-0039918,Caleb Williams,CHI,DET,33.0,ridge_eb,34.84858493636218,-1.8485849363621796
2025_18_ARI_LA,2025,18,2026-01-04 21:25:00+00:00,00-0026498,Matthew Stafford,LA,ARI,40.0,ridge_eb,36.465059916331235,3.534940083668765
2025_18_ARI_LA,2025,18,2026-01-04 21:25:00+00:00,00-0033119,Jacoby Brissett,ARI,LA,31.0,ridge_eb,33.51676733729465,-2.5167673372946524
2025_18_WAS_PHI,2025,18,2026-01-04 21:25:00+00:00,00-0038400,Tanner McKee,PHI,WAS,40.0,ridge_eb,32.08489490220046,7.91510509779954
2025_18_KC_LV,2025,18,2026-01-04 21:25:00+00:00,00-0038102,Kenny Pickett,LV,KC,4.0,ridge_eb,28.4458919973196,-24.4458919973196
2025_18_WAS_PHI,2025,18,2026-01-04 21:25:00+00:00,00-0026300,Josh Johnson,WAS,PHI,22.0,ridge_eb,26.458689567930712,-4.458689567930712
2025_18_BAL_PIT,2025,18,2026-01-05 01:20:00+00:00,00-0034796,Lamar Jackson,BAL,PIT,18.0,ridge_eb,22.70289080454936,-4.702890804549362
2025_18_BAL_PIT,2025,18,2026-01-05 01:20:00+00:00,00-0023459,Aaron Rodgers,PIT,BAL,47.0,ridge_eb,31.818717894913867,15.181282105086131
